"customerid","Contract","MonthlyCharges","tenure","Churn","risk_segment"
"7590-VHVEG","Month-to-month","29.85","1","No","medium risk"
"5575-GNVDE","One year","56.95","34","No","stable"
"3668-QPYBK","Month-to-month","53.85","2","Yes","churned"
"7795-CFOCW","One year","42.3","45","No","stable"
"9237-HQITU","Month-to-month","70.7","2","Yes","churned"
"9305-CDSKC","Month-to-month","99.65","8","Yes","churned"
"1452-KIOVK","Month-to-month","89.1","22","No","medium risk"
"6713-OKOMC","Month-to-month","29.75","10","No","medium risk"
"7892-POOKP","Month-to-month","104.8","28","Yes","churned"
"6388-TABGU","One year","56.15","62","No","stable"
"9763-GRSKD","Month-to-month","49.95","13","No","medium risk"
"7469-LKBCI","Two year","18.95","16","No","stable"
"8091-TTVAX","One year","100.35","58","No","stable"
"0280-XJGEX","Month-to-month","103.7","49","Yes","churned"
"5129-JLPIS","Month-to-month","105.5","25","No","medium risk"
"3655-SNQYZ","Two year","113.25","69","No","stable"
"8191-XWSZG","One year","20.65","52","No","stable"
"9959-WOFKT","Two year","106.7","71","No","stable"
"4190-MFLUW","Month-to-month","55.2","10","Yes","churned"
"4183-MYFRB","Month-to-month","90.05","21","No","medium risk"
"8779-QRDMV","Month-to-month","39.65","1","Yes","churned"
"1680-VDCWW","One year","19.8","12","No","stable"
"1066-JKSGK","Month-to-month","20.15","1","Yes","churned"
"3638-WEABW","Two year","59.9","58","No","stable"
"6322-HRPFA","Month-to-month","59.6","49","No","medium risk"
"6865-JZNKO","Month-to-month","55.3","30","No","medium risk"
"6467-CHFZW","Month-to-month","99.35","47","Yes","churned"
"8665-UTDHZ","Month-to-month","30.2","1","Yes","churned"
"5248-YGIJN","Two year","90.25","72","No","stable"
"8773-HHUOZ","Month-to-month","64.7","17","Yes","churned"
"3841-NFECX","Two year","96.35","71","No","stable"
"4929-XIHVW","Month-to-month","95.5","2","No","high risk"
"6827-IEAUQ","One year","66.15","27","No","stable"
"7310-EGVHZ","Month-to-month","20.2","1","No","medium risk"
"3413-BMNZE","Month-to-month","45.25","1","No","medium risk"
"6234-RAAPL","Two year","99.9","72","No","stable"
"6047-YHPVI","Month-to-month","69.7","5","Yes","churned"
"6572-ADKRS","Month-to-month","74.8","46","No","medium risk"
"5380-WJKOV","Month-to-month","106.35","34","Yes","churned"
"8168-UQWWF","Month-to-month","97.85","11","Yes","churned"
"8865-TNMNX","One year","49.55","10","No","stable"
"9489-DEDVP","Two year","69.2","70","No","stable"
"9867-JCZSP","One year","20.75","17","No","stable"
"4671-VJLCL","Two year","79.85","63","No","stable"
"4080-IIARD","Month-to-month","76.2","13","No","medium risk"
"3714-NTNFO","Month-to-month","84.5","49","No","medium risk"
"5948-UJZLF","Month-to-month","49.25","2","No","medium risk"
"7760-OYPDY","Month-to-month","80.65","2","Yes","churned"
"7639-LIAYI","Two year","79.75","52","No","stable"
"2954-PIBKO","Two year","64.15","69","No","stable"
"8012-SOUDQ","Month-to-month","90.25","43","No","medium risk"
"9420-LOJKX","Month-to-month","99.1","15","Yes","churned"
"6575-SUVOI","Month-to-month","69.5","25","No","medium risk"
"7495-OOKFY","Month-to-month","80.65","8","Yes","churned"
"4667-QONEA","One year","74.85","60","No","stable"
"1658-BYGOY","Month-to-month","95.45","18","Yes","churned"
"8769-KKTPH","One year","99.65","63","No","stable"
"5067-XJQFU","One year","108.45","66","No","stable"
"3957-SQXML","Two year","24.95","34","No","stable"
"5954-BDFSG","Two year","107.5","72","No","stable"
"0434-CSFON","Month-to-month","100.5","47","No","medium risk"
"1215-FIGMP","Month-to-month","89.9","60","No","medium risk"
"0526-SXDJP","Two year","42.1","72","No","stable"
"0557-ASKVU","One year","54.4","18","No","stable"
"5698-BQJOH","Month-to-month","94.4","9","Yes","churned"
"5122-CYFXA","Month-to-month","75.3","3","No","medium risk"
"8627-ZYGSZ","One year","78.9","47","No","stable"
"3410-YOQBQ","Two year","79.2","31","No","stable"
"3170-NMYVV","Two year","20.15","50","No","stable"
"7410-OIEDU","Month-to-month","79.85","10","No","medium risk"
"2273-QCKXA","Month-to-month","49.05","1","No","medium risk"
"0731-EBJQB","One year","20.4","52","No","stable"
"1891-QRQSA","Two year","111.6","64","No","stable"
"8028-PNXHQ","Two year","24.25","62","No","stable"
"5630-AHZIL","Month-to-month","64.5","3","No","medium risk"
"2673-CXQEU","One year","110.5","56","No","stable"
"6416-JNVRK","One year","55.65","46","No","stable"
"5590-ZSKRV","Month-to-month","54.65","8","No","medium risk"
"0191-ZHSKZ","Month-to-month","74.75","30","No","medium risk"
"3887-PBQAO","One year","25.9","45","No","stable"
"5919-TMRGD","Month-to-month","79.35","1","Yes","churned"
"8108-UXRQN","Month-to-month","50.55","11","No","medium risk"
"9191-MYQKX","Month-to-month","75.15","7","Yes","churned"
"9919-YLNNG","Month-to-month","103.8","42","No","medium risk"
"0318-ZOPWS","Two year","20.15","49","No","stable"
"4445-ZJNMU","Month-to-month","99.3","9","No","high risk"
"4808-YNLEU","One year","62.15","35","No","stable"
"1862-QRWPE","Two year","20.65","48","No","stable"
"2796-NNUFI","Two year","19.95","46","No","stable"
"3016-KSVCP","Month-to-month","33.75","29","No","medium risk"
"4767-HZZHQ","Month-to-month","82.05","30","No","medium risk"
"2424-WVHPL","Month-to-month","74.7","1","No","medium risk"
"7233-PAHHL","Two year","84","66","No","stable"
"6067-NGCEU","Month-to-month","111.05","65","No","medium risk"
"9848-JQJTX","Two year","100.9","72","No","stable"
"8637-XJIVR","Month-to-month","78.95","12","Yes","churned"
"9803-FTJCG","One year","66.85","71","No","stable"
"0278-YXOOG","Month-to-month","21.05","5","Yes","churned"
"3212-KXOCR","Two year","21","52","No","stable"
"4598-XLKNJ","Month-to-month","98.5","25","Yes","churned"
"6380-ARCEH","Month-to-month","20.2","1","No","medium risk"
"3679-XASPY","Month-to-month","19.45","1","No","medium risk"
"7123-WQUHX","One year","95","38","No","stable"
"5386-THSLQ","One year","45.55","66","No","stable"
"3192-NQECA","Two year","110","68","Yes","churned"
"6180-YBIQI","Month-to-month","24.3","5","No","medium risk"
"6728-DKUCO","One year","104.15","72","No","stable"
"9750-BOOHV","One year","30.15","32","No","stable"
"8597-CWYHH","One year","94.35","43","No","stable"
"2848-YXSMW","Two year","19.4","72","No","stable"
"0486-HECZI","Month-to-month","96.75","55","Yes","churned"
"4549-ZDQYY","One year","57.95","52","No","stable"
"5712-AHQNN","Month-to-month","91.65","43","No","medium risk"
"4846-WHAFZ","Month-to-month","76.5","37","Yes","churned"
"5256-SKJGO","Two year","54.6","64","No","stable"
"3071-VBYPO","Month-to-month","89.85","3","No","high risk"
"9560-BBZXK","Two year","31.05","36","No","stable"
"5299-RULOA","Month-to-month","100.25","10","Yes","churned"
"8402-OOOHJ","Two year","20.65","41","No","stable"
"9445-ZUEQE","Month-to-month","85.2","27","No","medium risk"
"1091-SOZGA","One year","99.8","56","No","stable"
"2928-HLDBA","Month-to-month","20.7","6","No","medium risk"
"0404-SWRVG","Month-to-month","74.4","3","Yes","churned"
"6497-TILVL","Month-to-month","50.7","7","No","medium risk"
"7219-TLZHO","Month-to-month","20.85","4","No","medium risk"
"4622-YNKIJ","Two year","88.95","33","No","stable"
"4412-YLTKF","Month-to-month","78.05","27","Yes","churned"
"6734-PSBAW","Two year","23.55","72","No","stable"
"3930-ZGWVE","Month-to-month","19.75","1","No","medium risk"
"2639-UGMAZ","One year","56.45","71","No","stable"
"2876-GZYZC","Month-to-month","85.95","13","No","medium risk"
"6207-WIOLX","Month-to-month","58.6","25","Yes","churned"
"8587-XYZSF","Two year","50.55","67","No","stable"
"3091-FYHKI","Month-to-month","35.45","1","Yes","churned"
"2372-HWUHI","Month-to-month","44.35","2","Yes","churned"
"7799-LGRDP","Two year","25.7","43","No","stable"
"7850-VWJUU","Month-to-month","75","23","No","medium risk"
"3774-VBNXY","Two year","20.2","64","No","stable"
"6217-KDYWC","Two year","19.6","57","No","stable"
"0390-DCFDQ","Month-to-month","70.45","1","Yes","churned"
"3146-MSEGF","Two year","88.05","72","No","stable"
"4080-OGPJL","Month-to-month","71.15","8","Yes","churned"
"1095-WGNGG","Two year","101.05","61","No","stable"
"2636-SJDOU","One year","84.3","64","No","stable"
"1131-QQZEB","Two year","23.95","71","No","stable"
"5716-EZXZN","Two year","99.05","65","No","stable"
"6837-BJYDQ","One year","19.6","3","No","stable"
"2135-RXIHG","Month-to-month","45.65","1","Yes","churned"
"6440-DKQGE","One year","64.5","30","No","stable"
"3466-BYAVD","Month-to-month","69.5","15","No","medium risk"
"3780-YVMFA","Month-to-month","68.55","8","No","medium risk"
"3874-EQOEP","Month-to-month","95","7","Yes","churned"
"1679-JRFBR","One year","108.15","70","No","stable"
"9073-ZZIAY","Two year","86.1","62","No","stable"
"3077-RSNTJ","Month-to-month","19.7","6","No","medium risk"
"6551-GNYDG","Month-to-month","80.9","14","No","medium risk"
"9167-APMXZ","Month-to-month","84.15","22","No","medium risk"
"2749-CTKAJ","One year","20.15","22","No","stable"
"6371-NZYEG","Two year","64.25","16","No","stable"
"7554-NEWDD","Two year","25.7","10","No","stable"
"8992-VONJD","Month-to-month","56","13","No","medium risk"
"0867-MKZVY","Month-to-month","82.4","20","Yes","churned"
"4482-EWFMI","Month-to-month","69.7","2","No","medium risk"
"4648-YPBTM","Two year","73.9","53","No","stable"
"2907-ILJBN","One year","20.6","11","No","stable"
"6345-FZOQH","Two year","19.9","69","No","stable"
"3376-BMGFE","Month-to-month","70.9","4","Yes","churned"
"5997-OPVFA","Two year","89.05","72","No","stable"
"3445-HXXGF","Month-to-month","45.3","58","Yes","churned"
"1159-WFSGR","Month-to-month","20.4","16","No","medium risk"
"7654-YWJUF","One year","84.25","43","No","stable"
"1875-QIVME","Month-to-month","104.4","2","Yes","churned"
"6727-IOTLZ","Two year","81.95","14","No","stable"
"0691-JVSYA","One year","94.85","53","Yes","churned"
"5918-VUKWP","One year","20.55","32","No","stable"
"1744-JHKYS","Month-to-month","24.7","34","No","medium risk"
"2656-FMOKZ","Month-to-month","74.45","15","Yes","churned"
"2070-FNEXE","Month-to-month","76.45","7","Yes","churned"
"5947-SGKCL","Month-to-month","105.35","15","No","medium risk"
"3712-PKXZA","One year","20.55","61","No","stable"
"6317-YPKDH","Month-to-month","29.95","1","Yes","churned"
"6582-OIVSP","Month-to-month","45.3","1","No","medium risk"
"9367-WXLCH","Month-to-month","84.5","8","Yes","churned"
"5524-KHNJP","One year","74.75","33","No","stable"
"1918-ZBFQJ","Month-to-month","79.25","13","Yes","churned"
"1024-GUALD","Month-to-month","24.8","1","Yes","churned"
"4827-USJHP","Month-to-month","51.8","20","No","medium risk"
"8167-GJLRN","Month-to-month","30.4","3","No","medium risk"
"0956-SYCWG","One year","19.65","13","No","stable"
"8017-UVSZU","Month-to-month","56.6","40","No","medium risk"
"7100-FQPRV","One year","71.9","43","No","stable"
"2472-OVKUP","Month-to-month","91","6","Yes","churned"
"2984-RGEYA","Two year","19.75","69","No","stable"
"9680-NIAUV","Two year","109.7","72","No","stable"
"2146-EGVDT","Two year","19.3","59","No","stable"
"2604-IJPDU","Month-to-month","96.55","20","No","medium risk"
"9178-JHUVJ","Two year","24.1","24","No","stable"
"6168-YBYNP","Month-to-month","111.35","59","No","medium risk"
"7255-SSFBC","Two year","112.25","72","No","stable"
"3645-DEYGF","Month-to-month","20.75","1","No","medium risk"
"9323-HGFWY","One year","101.9","27","No","stable"
"8544-GOQSH","Month-to-month","80.05","14","No","medium risk"
"3363-DTIVD","Two year","105.55","71","No","stable"
"7018-WBJNK","Month-to-month","78.3","13","No","medium risk"
"9142-KZXOP","Month-to-month","68.85","44","No","medium risk"
"7674-YTAFD","One year","79.95","33","No","stable"
"6348-SNFUS","Two year","55.45","72","No","stable"
"1285-OKIPP","Month-to-month","79.9","1","Yes","churned"
"7825-ECJRF","Month-to-month","106.6","19","Yes","churned"
"1347-KTTTA","One year","102.45","64","No","stable"
"7841-TZDMQ","Month-to-month","46","2","Yes","churned"
"4195-NZGTA","Month-to-month","25.25","1","No","medium risk"
"7157-SMCFK","Two year","19.75","61","No","stable"
"4709-LKHYG","One year","20","29","No","stable"
"2504-DSHIH","Month-to-month","86.8","23","No","medium risk"
"0699-NDKJM","Month-to-month","58.75","57","No","medium risk"
"9286-BHDQG","Two year","45.25","72","No","stable"
"0230-WEQUW","Two year","56.6","66","No","stable"
"2040-LDIWQ","Two year","84.2","65","No","stable"
"6496-JDSSB","Month-to-month","80","8","No","medium risk"
"9408-SSNVZ","Month-to-month","70.15","4","Yes","churned"
"4443-EMBNA","Two year","24.75","71","No","stable"
"6469-MRVET","One year","20.2","1","No","stable"
"0742-MOABM","Month-to-month","50.05","4","Yes","churned"
"5961-VUSRV","One year","19.35","12","No","stable"
"6778-JFCMK","One year","50.6","24","No","stable"
"6341-JVQGF","One year","81.15","31","No","stable"
"2232-DMLXU","Month-to-month","55.2","1","Yes","churned"
"4811-JBUVU","Month-to-month","89.9","30","No","medium risk"
"0945-TSONX","Two year","85.3","47","No","stable"
"2651-ZCBXV","Two year","108","54","No","stable"
"3316-UWXUY","Month-to-month","93.5","50","No","medium risk"
"8937-RDTHP","Month-to-month","84.6","1","Yes","churned"
"7083-MIOPC","Two year","20.25","72","No","stable"
"1984-GPTEH","Month-to-month","25.15","29","No","medium risk"
"1251-KRREG","Month-to-month","54.4","2","Yes","churned"
"0621-JFHOL","Two year","29.6","10","No","stable"
"9903-LYSAB","Month-to-month","73.15","18","No","medium risk"
"0094-OIFMO","Month-to-month","95","11","Yes","churned"
"9227-UAQFT","Two year","19.75","16","No","stable"
"7301-ABVAD","Two year","86.6","72","No","stable"
"6614-FHDBO","Two year","109.2","72","No","stable"
"7576-ASEJU","One year","74.7","41","No","stable"
"9058-HRZSV","Month-to-month","94.4","65","No","medium risk"
"4522-AKYLR","Month-to-month","54.8","13","No","medium risk"
"0221-WMXNQ","Month-to-month","75.35","4","No","medium risk"
"0303-UNCIP","One year","65","41","No","stable"
"9947-OTFQU","Month-to-month","74.4","15","Yes","churned"
"0322-YINQP","Month-to-month","48.55","1","Yes","churned"
"0959-WHOKV","One year","99","42","No","stable"
"4075-JFPGR","One year","93.5","51","No","stable"
"4629-NRXKX","Month-to-month","70.4","2","Yes","churned"
"9514-JDSKI","Month-to-month","40.2","1","Yes","churned"
"3282-ZISZV","One year","83.7","32","No","stable"
"3675-YDUPJ","Month-to-month","19.85","10","No","medium risk"
"4111-BNXIF","Two year","59.55","67","No","stable"
"7017-VFHAY","Two year","115.1","61","No","stable"
"6655-LHBYW","One year","114.35","50","No","stable"
"4959-JOSRX","Month-to-month","44.6","2","Yes","churned"
"5046-NUHWD","Month-to-month","45","29","No","medium risk"
"7273-TEFQD","Month-to-month","41.15","3","Yes","churned"
"3606-TWKGI","Month-to-month","106.9","13","Yes","churned"
"7529-ZDFXI","Month-to-month","89.85","57","No","medium risk"
"7605-BDWDC","Two year","49.85","31","No","stable"
"1950-KSVVJ","One year","113.3","45","No","stable"
"0123-CRBRT","Two year","88.1","61","No","stable"
"6292-TOSSS","Two year","24.9","50","No","stable"
"3197-ARFOY","Month-to-month","105","19","No","medium risk"
"6323-AYBRX","Two year","19.35","59","Yes","churned"
"7014-ZZXAW","Two year","24.25","71","No","stable"
"4385-GZQXV","Month-to-month","94.45","16","Yes","churned"
"7633-MVPUY","Two year","59.75","57","No","stable"
"6366-ZGQGL","Month-to-month","24.8","1","Yes","churned"
"4716-HHKQH","Month-to-month","107.05","20","No","medium risk"
"5940-AHUHD","Month-to-month","70.6","1","Yes","churned"
"6432-TWQLB","Month-to-month","85.4","5","Yes","churned"
"4484-GLZOU","Month-to-month","105.05","52","Yes","churned"
"3179-GBRWV","Month-to-month","64.95","21","No","medium risk"
"8645-KWHJO","Month-to-month","55","14","No","medium risk"
"4130-MZLCC","Month-to-month","50.55","5","No","medium risk"
"0314-TKOSI","Month-to-month","55.15","6","No","medium risk"
"8229-MYEJZ","Month-to-month","51.2","10","No","medium risk"
"2080-SRCDE","Month-to-month","25.4","1","No","medium risk"
"9577-WJVCQ","Month-to-month","54.45","68","No","medium risk"
"9512-UIBFX","Month-to-month","95.15","18","Yes","churned"
"6202-DYYFX","One year","76","22","No","stable"
"3808-HFKDE","Month-to-month","44.35","20","No","medium risk"
"5583-SXDAG","Month-to-month","70","1","Yes","churned"
"3488-PGMQJ","Month-to-month","74.5","8","Yes","churned"
"3580-REOAC","Month-to-month","44.85","10","Yes","churned"
"7534-BFESC","Month-to-month","76.1","24","Yes","churned"
"3727-OWVYD","One year","61.2","35","No","stable"
"2294-SALNE","One year","86.8","23","No","stable"
"4847-TAJYI","Month-to-month","89.35","6","No","high risk"
"1563-IWQEX","Month-to-month","19.7","12","No","medium risk"
"8203-XJZRC","Month-to-month","20.25","1","No","medium risk"
"6556-DBKZF","Two year","76.05","71","No","stable"
"6851-WEFYX","Month-to-month","100.8","35","No","medium risk"
"2985-JUUBZ","Month-to-month","74.55","40","No","medium risk"
"6390-DSAZX","Month-to-month","73.6","1","Yes","churned"
"0895-LMRSF","One year","64.9","23","No","stable"
"8098-LLAZX","Month-to-month","95.45","4","Yes","churned"
"8266-VBFQL","Month-to-month","90.4","4","No","high risk"
"8181-YHCMF","Two year","60.3","68","No","stable"
"2240-HSJQD","Month-to-month","81.85","38","No","medium risk"
"1248-DYXUB","Two year","24.8","52","No","stable"
"0265-EDXBD","Month-to-month","74.9","32","Yes","churned"
"4115-BNPJY","Two year","75.55","29","No","stable"
"3167-SNQPL","Month-to-month","101.15","38","No","medium risk"
"4091-TVOCN","One year","78.75","48","No","stable"
"1098-TDVUQ","Month-to-month","19.25","1","No","medium risk"
"7277-OZCGZ","Month-to-month","89.05","22","No","medium risk"
"1557-EMYVT","Two year","115.05","43","No","stable"
"2799-ARNLO","Month-to-month","69.35","5","No","medium risk"
"7563-BIUPC","Month-to-month","80.6","5","Yes","churned"
"5027-YOCXN","One year","110.05","51","No","stable"
"3973-SKMLN","Two year","19.9","71","No","stable"
"2321-OMBXY","One year","80.3","38","Yes","churned"
"2840-XANRC","Month-to-month","93.15","24","Yes","churned"
"6745-JEFZB","Month-to-month","91.5","35","No","medium risk"
"5020-ZSTTY","One year","82.45","54","Yes","churned"
"9880-TDQAC","Two year","60","72","No","stable"
"8705-WZCYL","Month-to-month","44.8","1","No","medium risk"
"7102-JJVTX","One year","48.6","9","No","stable"
"8626-PTQGE","Two year","60.05","69","No","stable"
"4983-CLMLV","Month-to-month","102.7","52","No","medium risk"
"5701-YVSVF","Month-to-month","82.9","11","No","high risk"
"5804-LEPIM","Month-to-month","70.35","2","Yes","churned"
"5697-GOMBF","Month-to-month","35.9","28","No","medium risk"
"2739-CACDQ","Month-to-month","82.65","17","No","medium risk"
"9385-EHGDO","Two year","19.85","35","No","stable"
"9498-FIMXL","One year","19.2","8","No","stable"
"2379-GYFLQ","One year","94.9","46","No","stable"
"0122-OAHPZ","Month-to-month","73.85","7","Yes","churned"
"2868-SNELZ","Month-to-month","80.6","2","Yes","churned"
"4322-RCYMT","One year","75.8","68","Yes","churned"
"6680-NENYN","Two year","104.6","43","Yes","churned"
"2088-IEBAU","Two year","88.15","68","No","stable"
"7982-VCELR","Month-to-month","94.8","36","No","medium risk"
"1343-EHPYB","Month-to-month","103.4","63","Yes","churned"
"6035-BXTTY","Month-to-month","54.65","32","No","medium risk"
"6885-PKOAM","Two year","85.75","71","No","stable"
"7520-HQWJU","Month-to-month","67.45","66","No","medium risk"
"9639-BUJXT","One year","20.5","63","No","stable"
"5924-SNGKP","One year","20.25","41","No","stable"
"0021-IKXGC","Month-to-month","72.1","1","No","medium risk"
"2034-GDRCN","Month-to-month","90.4","2","Yes","churned"
"8966-SNIZF","Two year","19.45","70","No","stable"
"6243-OZGFH","Month-to-month","44.95","23","No","medium risk"
"4654-DLAMQ","One year","97","64","No","stable"
"0513-RBGPE","Two year","62.8","37","No","stable"
"5160-UXJED","One year","44.6","17","No","stable"
"4115-NZRKS","Month-to-month","89.15","7","No","high risk"
"0219-YTZUE","Month-to-month","84.8","4","Yes","churned"
"0623-IIHUG","Month-to-month","41.9","21","Yes","churned"
"4572-DVCGN","Month-to-month","80.25","10","Yes","churned"
"3351-NGXYI","Month-to-month","54.1","16","No","medium risk"
"8984-EYLLL","Two year","105.25","64","No","stable"
"9057-MSWCO","Month-to-month","30.75","27","Yes","churned"
"9833-TGFHX","One year","97.1","42","No","stable"
"9294-TDIPC","Month-to-month","20.2","5","No","medium risk"
"5229-DTFYB","Two year","98.8","41","No","stable"
"0104-PPXDV","One year","50.3","58","No","stable"
"5176-LMJXE","Two year","20.55","47","No","stable"
"3583-KRKMD","Month-to-month","75.9","18","No","medium risk"
"1010-DIAUQ","Month-to-month","96.5","5","Yes","churned"
"9069-LGEUL","Month-to-month","59.95","23","No","medium risk"
"7302-ZHMHP","Month-to-month","19.15","1","No","medium risk"
"9571-EDEBV","One year","98.65","71","No","stable"
"3520-FJGCV","Two year","112.6","72","No","stable"
"6563-VRERX","One year","20.6","33","No","stable"
"0259-GBZSH","Month-to-month","85.65","2","Yes","churned"
"6122-EFVKN","Two year","35.75","24","No","stable"
"2805-EDJPQ","One year","99.75","56","No","stable"
"6862-CQUMB","Month-to-month","96.1","37","No","medium risk"
"7156-MXBJE","One year","85.1","43","No","stable"
"6158-HDPXZ","Month-to-month","25.35","1","No","medium risk"
"9601-BRXPO","Month-to-month","104.95","25","Yes","churned"
"2863-IMQDR","Two year","89.65","61","No","stable"
"5686-CMAWK","One year","86.75","17","No","stable"
"5651-CRHKQ","One year","86.2","41","No","stable"
"6905-NIQIN","Month-to-month","50.65","1","Yes","churned"
"8204-YJCLA","Two year","64.8","72","No","stable"
"5167-ZFFMM","Month-to-month","90.85","1","Yes","churned"
"6583-SZVGP","Two year","108.1","48","No","stable"
"4895-TMWIR","Month-to-month","19.95","11","Yes","churned"
"0533-BNWKF","Month-to-month","85.45","55","Yes","churned"
"1708-PBBOA","One year","54.75","42","No","stable"
"8782-LKFPK","Month-to-month","90.4","44","No","medium risk"
"5522-JBWMO","Month-to-month","44","1","No","medium risk"
"3597-MVHJT","Month-to-month","95.6","27","No","medium risk"
"9774-NRNAU","Month-to-month","84.8","27","No","medium risk"
"0224-RLWWD","Month-to-month","44.3","2","No","medium risk"
"9967-ATRFS","Month-to-month","19.9","19","No","medium risk"
"3951-NJCVI","Month-to-month","95.05","42","No","medium risk"
"2977-CEBSX","Two year","90.05","66","No","stable"
"0177-PXBAT","Month-to-month","109.9","33","No","medium risk"
"6599-CEBNN","Month-to-month","73.95","34","Yes","churned"
"2519-ERQOJ","Month-to-month","54.6","33","No","medium risk"
"5876-QMYLD","One year","20.05","23","No","stable"
"2277-AXSDC","One year","19.75","32","No","stable"
"9442-JTWDL","One year","20.05","11","No","stable"
"0979-PHULV","Month-to-month","99.45","69","Yes","churned"
"3067-SVMTC","One year","55.9","68","No","stable"
"5495-GPSRW","Two year","19.7","20","No","stable"
"7606-BPHHN","Two year","19.8","72","No","stable"
"4742-DRORA","One year","95.4","60","No","stable"
"0111-KLBQG","Month-to-month","93.95","32","No","medium risk"
"4800-VHZKI","Month-to-month","19.9","1","Yes","churned"
"7989-CHGTL","Month-to-month","19.6","1","Yes","churned"
"0334-GDDSO","Month-to-month","81.35","3","Yes","churned"
"4163-NCJAK","One year","24.45","46","No","stable"
"5233-AOZUF","Month-to-month","74.95","29","No","medium risk"
"5973-EJGDP","Month-to-month","87.35","51","No","medium risk"
"1996-DBMUS","Month-to-month","70.65","48","No","medium risk"
"7916-VCCPB","Month-to-month","73.25","16","No","medium risk"
"4686-GEFRM","Two year","98.7","70","No","stable"
"5249-QYHEX","Two year","24.8","40","No","stable"
"0578-SKVMF","Month-to-month","83.3","22","Yes","churned"
"5564-NEMQO","Month-to-month","75.3","1","Yes","churned"
"2233-FAGXV","Month-to-month","24.3","5","No","medium risk"
"5605-IYGFG","Month-to-month","69.85","7","No","medium risk"
"7663-ZTEGJ","One year","100.55","29","No","stable"
"3935-TBRZZ","One year","25.7","44","No","stable"
"8111-BKVDS","Month-to-month","40.7","10","No","medium risk"
"2055-SIFSS","Month-to-month","51.65","55","No","medium risk"
"2806-MLNTI","One year","105.1","52","No","stable"
"8734-DKSTZ","Month-to-month","85.95","10","No","high risk"
"4360-PNRQB","Month-to-month","75.6","18","No","medium risk"
"6152-ONASV","One year","58.25","68","No","stable"
"9063-ZGTUY","Month-to-month","19.4","61","Yes","churned"
"7781-HVGMK","Two year","65.2","72","No","stable"
"2181-UAESM","Month-to-month","53.45","2","No","medium risk"
"2957-LOLHO","Month-to-month","45.4","12","Yes","churned"
"6048-NJXHX","Two year","19.75","41","No","stable"
"2320-SLKMB","Month-to-month","44.45","26","No","medium risk"
"4980-URKXC","One year","20.85","36","No","stable"
"4376-KFVRS","Two year","114.05","72","No","stable"
"5886-VLQVU","Month-to-month","89.85","35","No","medium risk"
"3577-AMVUX","Month-to-month","55.05","1","No","medium risk"
"0771-WLCLA","Month-to-month","112.95","16","No","medium risk"
"5628-RKIFK","Month-to-month","101.55","49","No","medium risk"
"0206-TBWLC","One year","114.65","54","No","stable"
"2937-FTHUR","Month-to-month","64.8","18","No","medium risk"
"1910-FMXJM","Month-to-month","80.4","36","No","medium risk"
"7752-XUSCI","Month-to-month","105.9","60","Yes","churned"
"4110-PFEUZ","Month-to-month","69.55","1","Yes","churned"
"0732-OCQOC","Two year","25.05","52","No","stable"
"5168-MSWXT","Month-to-month","94.75","8","No","high risk"
"1090-ESELR","Two year","105.5","72","No","stable"
"8592-PLTMQ","One year","24.7","64","No","stable"
"5760-WRAHC","Month-to-month","69.75","22","No","medium risk"
"8847-GEOOQ","Month-to-month","60.2","60","No","medium risk"
"0256-LTHVJ","Month-to-month","81.05","28","Yes","churned"
"4785-FCIFB","Two year","24.4","61","No","stable"
"8313-NDOIA","Month-to-month","104.15","24","No","medium risk"
"5149-CUZUJ","One year","92.9","28","No","stable"
"0942-KOWSM","Two year","80.8","30","No","stable"
"4237-CLSMM","Month-to-month","20","2","No","medium risk"
"1452-VOQCH","Month-to-month","75.1","1","No","medium risk"
"4719-UMSIY","Month-to-month","19.65","6","No","medium risk"
"6614-VBEGU","Month-to-month","69.45","24","No","medium risk"
"0880-TKATG","Month-to-month","101.15","4","Yes","churned"
"3811-VBYBZ","Month-to-month","99.8","7","Yes","churned"
"1480-BKXGA","Two year","116.05","72","No","stable"
"2996-XAUVF","Two year","40.05","70","No","stable"
"9076-AXYIK","Two year","102.1","64","No","stable"
"5968-XQIVE","One year","89.7","72","No","stable"
"8896-RAZCR","Two year","19.9","44","No","stable"
"4640-UHDOS","Month-to-month","55.95","13","Yes","churned"
"4933-IKULF","One year","20.65","17","No","stable"
"3583-EKAPL","Month-to-month","55","1","Yes","churned"
"1304-BCCFO","Month-to-month","70.05","9","No","medium risk"
"4104-PVRPS","Month-to-month","53.6","24","No","medium risk"
"9399-APLBT","Month-to-month","74.7","1","Yes","churned"
"2359-KMGLI","Month-to-month","80.25","24","Yes","churned"
"3780-DDGSE","Month-to-month","76.05","35","No","medium risk"
"4431-EDMIQ","Month-to-month","75.7","7","No","medium risk"
"0306-JAELE","Month-to-month","96.1","5","Yes","churned"
"6227-HWPWX","Month-to-month","69","15","Yes","churned"
"0486-LGCCH","Two year","19.65","11","No","stable"
"0447-BEMNG","Month-to-month","45.3","48","Yes","churned"
"4612-SSVHJ","Month-to-month","81.45","20","No","medium risk"
"5168-MQQCA","One year","108.5","72","No","stable"
"5949-XIKAE","Month-to-month","83.55","8","Yes","churned"
"7971-HLVXI","Two year","84.5","72","No","stable"
"9094-AZPHK","Month-to-month","100.15","15","No","medium risk"
"3649-JPUGY","Two year","88.6","72","No","stable"
"8372-JUXUI","Month-to-month","74.35","1","Yes","churned"
"3552-CTCYF","Two year","104.8","63","No","stable"
"6778-YSNIH","Month-to-month","59","2","No","medium risk"
"0388-EOPEX","Month-to-month","74.4","2","Yes","churned"
"5756-OZRIO","One year","64.05","61","No","stable"
"6579-JPICP","Month-to-month","20.4","1","No","medium risk"
"8205-OTCHB","One year","43.75","22","Yes","churned"
"4134-BSXLX","Month-to-month","60.9","28","No","medium risk"
"0505-SPOOW","Two year","19.8","70","No","stable"
"6235-VDHOM","Month-to-month","28.45","5","Yes","churned"
"7783-YKGDV","Month-to-month","99.7","12","Yes","churned"
"4374-YMUSQ","One year","116.25","34","No","stable"
"4513-CXYIX","Two year","80.7","71","No","stable"
"3957-HHLMR","One year","65.2","70","No","stable"
"7803-XOCCZ","Month-to-month","84.05","52","No","medium risk"
"5736-YEJAX","Two year","79.45","69","No","stable"
"5609-CEBID","Month-to-month","94.1","20","Yes","churned"
"8981-FJGLA","Month-to-month","78","11","No","medium risk"
"7218-HKQFK","Month-to-month","94.2","2","Yes","churned"
"4636-QRJKY","Month-to-month","80.5","6","Yes","churned"
"1135-LMECX","Month-to-month","19.85","1","No","medium risk"
"4332-MUOEZ","One year","94.3","20","No","stable"
"8535-SFUTN","Month-to-month","106.45","61","No","medium risk"
"5956-VKDTT","Month-to-month","74.35","5","Yes","churned"
"8677-HDZEE","Month-to-month","105.45","56","No","medium risk"
"2475-MROZF","Month-to-month","95","30","No","medium risk"
"9412-GHEEC","Month-to-month","104.8","40","Yes","churned"
"3482-ABPKK","One year","54.3","28","No","stable"
"6705-LXORM","Month-to-month","70.05","5","No","medium risk"
"0257-ZESQC","Month-to-month","75.2","27","Yes","churned"
"7531-GQHME","Month-to-month","20.05","12","No","medium risk"
"5174-ITUMV","One year","105.4","67","No","stable"
"4109-CYRBD","Month-to-month","51.6","29","No","medium risk"
"0913-XWSCN","Month-to-month","85.5","55","No","medium risk"
"6825-UYPFK","Month-to-month","75.6","23","Yes","churned"
"8397-MVTAZ","Month-to-month","100.05","34","Yes","churned"
"0750-EBAIU","One year","91.25","52","No","stable"
"8606-CIQUL","Two year","115.75","72","No","stable"
"3571-DPYUH","One year","94.7","58","No","stable"
"7601-GNDYK","Two year","19.6","35","No","stable"
"0356-OBMAC","Two year","99.9","56","No","stable"
"8067-NIOYM","Two year","21.1","24","No","stable"
"1403-GYAFU","Two year","20.05","70","No","stable"
"4234-XTNEA","Month-to-month","79.95","2","No","medium risk"
"1297-VQDRP","One year","107.15","68","No","stable"
"9282-IZGQK","Month-to-month","85","1","Yes","churned"
"5348-CAGXB","Month-to-month","89.55","12","No","medium risk"
"0621-HJWXJ","Month-to-month","81.55","63","No","medium risk"
"5844-QVTAT","One year","58.45","33","No","stable"
"8905-IAZPF","One year","95.65","69","No","stable"
"5394-MEITZ","Two year","80.6","60","No","stable"
"6859-QNXIQ","Two year","113.1","72","No","stable"
"2782-LFZVW","Month-to-month","58.95","11","No","medium risk"
"2866-IKBTM","Month-to-month","19.55","1","No","medium risk"
"1342-JPNKI","Month-to-month","86.05","10","Yes","churned"
"2817-NTQDO","Month-to-month","45.55","13","Yes","churned"
"7129-AZJDE","One year","78.95","34","No","stable"
"6986-IJDHX","Month-to-month","86.3","39","Yes","churned"
"2560-PPCHE","One year","105.05","65","No","stable"
"4676-MQUEA","One year","101.9","50","No","stable"
"8138-EALND","Month-to-month","19.75","15","No","medium risk"
"3580-HYCSP","Two year","110.3","72","No","stable"
"1352-HNSAW","Two year","115.6","72","No","stable"
"2075-PUEPR","Two year","19.35","55","No","stable"
"1982-FEBTD","Two year","25.6","23","No","stable"
"5301-GAUUY","Month-to-month","80.35","32","Yes","churned"
"5791-KAJFD","One year","68.75","56","No","stable"
"2654-VBVPB","Month-to-month","19.9","1","No","medium risk"
"1154-HYWWO","One year","70.6","38","No","stable"
"2501-XWWTZ","Month-to-month","70.2","11","No","medium risk"
"3716-UVSPD","Month-to-month","49.3","1","No","medium risk"
"6815-ABQFQ","One year","107.25","56","No","stable"
"7343-EOBEU","Month-to-month","23.6","3","No","medium risk"
"3701-SFMUH","Month-to-month","69.7","7","No","medium risk"
"6103-LIANB","Two year","99.5","59","No","stable"
"7319-VENRZ","Month-to-month","64.3","7","No","medium risk"
"5846-NEQVZ","Two year","70.85","71","No","stable"
"6967-QIQRV","One year","101.9","15","No","stable"
"5781-RFZRP","Two year","73.5","71","No","stable"
"0939-YAPAF","Month-to-month","100.25","35","Yes","churned"
"0308-IVGOK","One year","40.4","11","No","stable"
"7293-LSCDV","Two year","19.25","60","No","stable"
"7025-WCBNE","Two year","59.6","47","No","stable"
"5756-JYOJT","One year","64.9","11","No","stable"
"4710-FDUIZ","One year","100.3","56","Yes","churned"
"6030-REHUX","Month-to-month","110.85","28","No","medium risk"
"9548-LIGTA","Two year","81.05","61","No","stable"
"5150-LJNSR","One year","98.05","31","No","stable"
"8270-RKSAP","Month-to-month","70.5","9","No","medium risk"
"6522-YRBXD","Month-to-month","94.55","35","No","medium risk"
"2640-LYMOV","Month-to-month","19.65","2","No","medium risk"
"1218-VKFPE","Month-to-month","19","12","Yes","churned"
"3627-FHKBK","Month-to-month","75.3","1","Yes","churned"
"2865-TCHJW","Month-to-month","89.2","4","Yes","churned"
"1423-BMPBQ","Month-to-month","19","1","No","medium risk"
"2393-DIVAI","Month-to-month","20","3","No","medium risk"
"5192-EBGOV","Month-to-month","85.7","1","Yes","churned"
"4568-KNYWR","Two year","63.25","52","No","stable"
"8752-IMQOS","One year","20.1","5","No","stable"
"0742-LAFQK","Two year","99.15","72","No","stable"
"0795-LAFGP","Two year","90.4","71","No","stable"
"0619-OLYUR","Two year","111.9","72","No","stable"
"5512-IDZEI","One year","24.9","46","No","stable"
"0459-SPZHJ","Two year","83.5","63","No","stable"
"0215-BQKGS","Month-to-month","84.3","30","No","medium risk"
"9244-ZVAPM","Month-to-month","45.6","1","No","medium risk"
"0719-SYFRB","Month-to-month","61.65","12","Yes","churned"
"8208-EUMTE","Two year","54.85","16","No","stable"
"5172-MIGPM","Month-to-month","65.55","4","No","medium risk"
"1710-RCXUS","One year","90.35","51","No","stable"
"0374-FIUCA","Two year","20.4","65","No","stable"
"5839-SUYVZ","Month-to-month","74.55","16","No","medium risk"
"5173-ZXXXL","One year","19.95","2","No","stable"
"1096-ADRUX","One year","74.25","66","No","stable"
"2001-MCUUW","Two year","108.65","46","No","stable"
"2731-GJRDG","One year","109.55","32","No","stable"
"4723-BEGSG","Two year","86.65","72","No","stable"
"6516-NKQBO","Two year","81","38","No","stable"
"8672-OAUPW","One year","47.85","51","No","stable"
"8207-DMRVL","Two year","114.55","72","No","stable"
"3419-SNJJD","Month-to-month","105.25","65","Yes","churned"
"6543-CPZMK","Month-to-month","29.95","9","Yes","churned"
"4765-OXPPD","Month-to-month","65","9","Yes","churned"
"1352-VHKAJ","Month-to-month","71.6","27","No","medium risk"
"2804-ETQDK","Two year","20.55","66","No","stable"
"6689-VRRTK","One year","109.8","44","No","stable"
"7138-GIRSH","Two year","69.5","50","No","stable"
"9396-ZSFLL","Month-to-month","48.85","15","No","medium risk"
"6464-KEXXH","Month-to-month","25.25","8","No","medium risk"
"7134-MJPDY","One year","102.85","66","No","stable"
"5240-CAOYT","Month-to-month","87.55","57","No","medium risk"
"4059-IIEBK","Month-to-month","78.55","7","No","medium risk"
"4881-JVQOD","Month-to-month","34.55","10","No","medium risk"
"0516-UXRMT","One year","92.05","62","No","stable"
"4851-BQDNX","One year","85.05","40","No","stable"
"5148-HKFIR","Two year","19.7","20","No","stable"
"1009-IRMNA","Month-to-month","20","7","Yes","churned"
"3003-CMDUU","Month-to-month","95.15","25","No","medium risk"
"5016-IBERQ","Month-to-month","84.25","23","No","medium risk"
"6797-UCJHZ","One year","104.6","66","No","stable"
"2469-DTSGX","Two year","111.65","72","No","stable"
"4554-YGZIH","Month-to-month","90.05","49","Yes","churned"
"5099-BAILX","Month-to-month","110.75","43","Yes","churned"
"9931-KGHOA","Month-to-month","55","46","No","medium risk"
"1775-KWJKQ","Two year","89.85","72","No","stable"
"7665-VIGUD","One year","20.35","10","No","stable"
"9411-TPQQV","One year","54.55","40","No","stable"
"7207-RMRDB","Month-to-month","105.5","65","Yes","churned"
"7954-MLBUN","Two year","99.45","31","No","stable"
"2077-DDHJK","Two year","70.9","68","No","stable"
"4913-EHYUI","One year","104.55","56","Yes","churned"
"0195-IESCP","Month-to-month","85.25","10","Yes","churned"
"9574-BOSMD","Two year","25.4","68","No","stable"
"4580-TMHJU","Month-to-month","56.15","43","Yes","churned"
"0970-ETWGE","Month-to-month","89.55","1","Yes","churned"
"4908-XAXAY","One year","89.85","49","No","stable"
"8404-VLQFB","Month-to-month","25.25","15","No","medium risk"
"1626-ERCMM","Month-to-month","94.55","20","Yes","churned"
"0887-HJGAR","Month-to-month","45.7","1","Yes","churned"
"2391-IPLOP","One year","69.65","50","No","stable"
"5644-PDMZC","Month-to-month","89.5","2","Yes","churned"
"3509-GWQGF","Month-to-month","70","24","No","medium risk"
"9576-ANLXO","Month-to-month","69.55","3","Yes","churned"
"2024-BASKD","Month-to-month","74.6","1","Yes","churned"
"5845-BZZIB","Two year","20.1","35","No","stable"
"1140-UKVZG","Month-to-month","24.8","17","No","medium risk"
"4160-AMJTL","Month-to-month","19.65","8","Yes","churned"
"5183-SNMJQ","Month-to-month","95.1","10","No","high risk"
"8100-PNJMH","Two year","88.85","68","No","stable"
"7838-LAZFO","One year","78.8","45","No","stable"
"4145-UQXUQ","Month-to-month","92.1","8","Yes","churned"
"4464-JCOLN","One year","19.85","2","Yes","churned"
"2085-JVGAD","Month-to-month","20.35","37","No","medium risk"
"5650-VDUDS","Month-to-month","24.25","4","Yes","churned"
"8095-WANWK","Month-to-month","45.25","10","No","medium risk"
"3030-ZKIWL","Month-to-month","20.05","1","No","medium risk"
"9565-FLVCG","Two year","69.55","65","No","stable"
"8755-OGKNA","Two year","19.5","57","No","stable"
"2800-VEQXM","Month-to-month","74.75","3","No","medium risk"
"7538-GWHML","Month-to-month","69.65","2","Yes","churned"
"5533-RJFTJ","Month-to-month","30.2","49","No","medium risk"
"3859-CVCET","Month-to-month","45.65","4","Yes","churned"
"0214-JHPFW","Two year","57.8","70","No","stable"
"5642-MHDQT","One year","19.85","53","No","stable"
"3088-FVYWK","Two year","25.55","53","No","stable"
"3276-HDUEG","Month-to-month","75.05","1","Yes","churned"
"9092-GDZKO","Month-to-month","24.85","22","No","medium risk"
"0823-HSCDJ","Month-to-month","49.15","52","Yes","churned"
"3729-OWRVL","Two year","110.35","65","No","stable"
"2324-AALNO","One year","24.55","48","No","stable"
"0822-GAVAP","Month-to-month","34.7","2","Yes","churned"
"5760-IFJOZ","Month-to-month","107.95","3","No","high risk"
"2826-UWHIS","Month-to-month","81.4","45","No","medium risk"
"1448-PWKYE","Month-to-month","80","1","Yes","churned"
"7501-IWUNG","Two year","73.8","61","No","stable"
"4957-TREIR","Month-to-month","64.4","3","No","medium risk"
"7251-LJBQN","One year","103.75","40","No","stable"
"8040-MNRTF","Month-to-month","71.1","1","No","medium risk"
"1536-HBSWP","Month-to-month","49.9","1","No","medium risk"
"5313-FPXWG","One year","24.6","51","No","stable"
"0067-DKWBL","Month-to-month","49.25","2","Yes","churned"
"0946-FKYTX","One year","30.1","52","No","stable"
"5076-YVXCM","Month-to-month","83.4","51","No","medium risk"
"8262-COGGB","Month-to-month","20.45","1","No","medium risk"
"6663-JOCQO","One year","75.25","31","No","stable"
"9620-QJREV","One year","20.55","47","No","stable"
"2276-YDAVZ","Month-to-month","75.1","3","Yes","churned"
"2682-KEVRP","One year","20.05","22","No","stable"
"2480-JZOSN","Month-to-month","20.65","1","No","medium risk"
"0078-XZMHT","Two year","85.15","72","No","stable"
"5896-NPFWW","Month-to-month","50.15","3","Yes","churned"
"9978-HYCIN","One year","84.95","47","No","stable"
"8338-QIUNR","Two year","66.5","72","No","stable"
"1525-LNLOJ","Two year","63.3","66","No","stable"
"9450-TRJUU","Month-to-month","83.15","35","No","medium risk"
"1766-GKNMI","Month-to-month","84.9","29","No","medium risk"
"6942-LBFDP","Month-to-month","20.55","2","No","medium risk"
"1456-TWCGB","Month-to-month","49.25","4","No","medium risk"
"7133-VBDCG","Month-to-month","79.85","25","Yes","churned"
"7596-ZYWBB","Two year","59.6","65","No","stable"
"8329-UTMVM","One year","104.65","27","No","stable"
"3014-WJKSM","Month-to-month","75.3","29","No","medium risk"
"3347-YJZZE","Month-to-month","80.1","29","No","medium risk"
"1029-QFBEN","Month-to-month","19.55","1","Yes","churned"
"7929-DMBCV","Month-to-month","81","20","No","medium risk"
"9661-JALZV","Two year","24.7","58","No","stable"
"5433-KYGHE","Month-to-month","86","14","No","medium risk"
"4312-KFRXN","Two year","25.4","72","No","stable"
"5575-TPIZQ","Month-to-month","89.15","46","No","medium risk"
"0114-IGABW","Two year","58.25","71","No","stable"
"9944-AEXBM","Month-to-month","85.65","32","No","medium risk"
"1853-ARAAQ","Month-to-month","50.35","26","No","medium risk"
"6952-OMNWB","Month-to-month","80.35","68","No","medium risk"
"4697-LUPSU","One year","20.2","2","No","stable"
"8434-VGEQQ","Two year","20.55","61","No","stable"
"4952-YSOGZ","Month-to-month","85.95","4","Yes","churned"
"1589-AGTLK","Month-to-month","45.35","3","Yes","churned"
"5244-IRFIH","Month-to-month","94.5","33","Yes","churned"
"6549-YMFAW","Month-to-month","21.25","9","No","medium risk"
"4950-HKQTE","Two year","26.25","22","No","stable"
"6786-OBWQR","Month-to-month","80.85","5","No","high risk"
"2684-EIWEO","Month-to-month","91.7","30","Yes","churned"
"2753-JMMCV","Two year","74.2","65","No","stable"
"6439-GTPCA","Month-to-month","87.25","45","Yes","churned"
"6621-YOBKI","Month-to-month","20.35","5","No","medium risk"
"1216-JWVUX","Month-to-month","75.5","25","No","medium risk"
"7564-GHCVB","Two year","79.05","72","No","stable"
"1173-NOEYG","Month-to-month","90.15","27","No","medium risk"
"7595-EHCDL","Month-to-month","50.6","32","No","medium risk"
"6647-ZEDXT","One year","110.45","30","No","stable"
"2521-NPUZR","Two year","101","70","No","stable"
"1307-TVUFB","Month-to-month","79.35","42","No","medium risk"
"7503-MIOGA","Two year","89.85","72","No","stable"
"4381-MHQDC","Two year","65","47","No","stable"
"6923-JHPMP","Month-to-month","80.45","2","No","high risk"
"5138-WVKYJ","Month-to-month","98.55","10","Yes","churned"
"4018-PPNDW","Two year","24.1","61","No","stable"
"1635-FJFCC","Month-to-month","44.05","5","No","medium risk"
"2499-AJYUA","Two year","110.8","72","No","stable"
"6919-ELBGL","Two year","114.95","72","No","stable"
"3966-HRMZA","Month-to-month","75.05","3","No","medium risk"
"6425-JWTDV","Two year","19.25","48","No","stable"
"8405-IGQFX","One year","90.05","63","No","stable"
"8224-IVVPA","Month-to-month","56.7","27","No","medium risk"
"9477-LGWQI","Two year","80.15","70","No","stable"
"1410-RSCMR","Month-to-month","71.35","7","No","medium risk"
"0139-IVFJG","Month-to-month","90.35","2","No","high risk"
"6683-VLCTZ","Month-to-month","98.55","20","Yes","churned"
"5730-DBDSI","Two year","19.7","66","No","stable"
"0030-FNXPP","Month-to-month","19.85","3","No","medium risk"
"2189-WWOEW","Month-to-month","85.9","15","Yes","churned"
"5684-FJVYR","Two year","90.35","72","No","stable"
"4013-GUXND","Month-to-month","20.8","1","No","medium risk"
"1894-IGFSG","Month-to-month","89.25","22","Yes","churned"
"7379-POKDZ","Month-to-month","70.3","3","Yes","churned"
"1266-NZYUI","Two year","66.85","72","No","stable"
"7969-FFOWG","Two year","19.9","65","No","stable"
"4718-DHSMV","Month-to-month","35.8","11","No","medium risk"
"5175-WLYXL","Month-to-month","78.85","22","No","medium risk"
"7817-OMJNA","One year","20.4","14","No","stable"
"8728-SKJLR","Month-to-month","74.25","41","No","medium risk"
"3137-NYQQI","One year","64.8","17","No","stable"
"7706-DZNKK","Month-to-month","20.45","11","No","medium risk"
"0236-HFWSV","Month-to-month","93.35","15","Yes","churned"
"3900-AQPHZ","Month-to-month","19.9","1","Yes","churned"
"5842-POCOP","Month-to-month","88.9","5","Yes","churned"
"2037-XJFUP","One year","95.8","33","Yes","churned"
"8823-RLPWL","Two year","110.65","72","No","stable"
"9505-SQFSW","Month-to-month","40.3","3","No","medium risk"
"7314-OXENN","Month-to-month","82","2","Yes","churned"
"3758-CKOQL","One year","107","59","No","stable"
"0322-CHQRU","Month-to-month","45.35","2","Yes","churned"
"5676-CFLYY","Two year","73.35","71","No","stable"
"7521-AFHAB","Month-to-month","44.8","5","No","medium risk"
"0285-INHLN","Month-to-month","54.75","27","No","medium risk"
"4678-DVQEO","Month-to-month","52.2","1","Yes","churned"
"5125-CNDSP","One year","40.6","63","No","stable"
"0691-IFBQW","One year","110","46","Yes","churned"
"4992-LTJNE","Two year","55.3","72","No","stable"
"2202-OUTMO","Month-to-month","60.85","34","No","medium risk"
"0810-BDHAW","One year","78.4","24","No","stable"
"0229-LFJAF","Two year","69.65","72","No","stable"
"7131-ZQZNK","Two year","59.85","60","No","stable"
"3442-ZHHCC","One year","76.9","68","No","stable"
"5726-CVNYA","Two year","19.85","8","No","stable"
"9871-ELEYA","Two year","67.65","34","No","stable"
"4257-GAESD","Month-to-month","45","6","No","medium risk"
"5173-WXOQV","Month-to-month","64.2","2","No","medium risk"
"2040-OBMLJ","One year","81.7","31","No","stable"
"6286-ZHAOK","Month-to-month","25.55","20","No","medium risk"
"3807-XHCJH","Month-to-month","20","1","No","medium risk"
"3009-JWMPU","One year","96.75","62","Yes","churned"
"5671-RQRLP","Two year","75.65","70","No","stable"
"1450-GALXR","Month-to-month","98.5","10","Yes","churned"
"8859-AXJZP","Two year","23.8","39","No","stable"
"3174-AKMAS","Two year","64.2","46","No","stable"
"3138-BKYAV","Month-to-month","85.35","6","Yes","churned"
"9926-PJHDQ","Two year","76.8","72","No","stable"
"7382-DFJTU","Month-to-month","55.2","18","No","medium risk"
"2798-NYLMZ","Two year","108.55","71","No","stable"
"4289-DTDKW","Month-to-month","101.3","40","Yes","churned"
"1820-TQVEV","Month-to-month","69.55","1","Yes","churned"
"2239-JALAW","One year","103.25","58","Yes","churned"
"4853-RULSV","Two year","104","70","Yes","churned"
"8098-TDCBU","Two year","25.25","42","No","stable"
"3551-GAEGL","One year","30.4","34","No","stable"
"4785-NKHCX","Month-to-month","20.05","5","No","medium risk"
"3196-NVXLZ","Month-to-month","84.6","25","No","medium risk"
"6275-YDUVO","Month-to-month","86.2","2","Yes","churned"
"0036-IHMOT","One year","103.7","55","No","stable"
"0115-TFERT","Month-to-month","111.2","21","Yes","churned"
"4178-EGMON","Two year","88","70","No","stable"
"4220-TINQT","Month-to-month","106.35","61","No","medium risk"
"5318-YKDPV","Two year","79.15","43","No","stable"
"7975-TZMLR","One year","103.1","47","No","stable"
"0295-QVKPB","Month-to-month","63.95","5","No","medium risk"
"4335-BSMJS","Two year","25.8","62","No","stable"
"2311-QYMUQ","Month-to-month","89.45","16","Yes","churned"
"3643-AHCFP","Month-to-month","95.6","7","Yes","churned"
"9146-JRIOX","Month-to-month","25.55","14","No","medium risk"
"3104-OWCGK","One year","90.95","60","Yes","churned"
"5337-IIWKZ","Month-to-month","44.85","34","No","medium risk"
"9101-BWFSS","One year","108.55","50","Yes","churned"
"9650-VBUOG","Two year","25.05","38","No","stable"
"3487-EARAT","One year","74.1","70","No","stable"
"2672-TGEFF","Month-to-month","88.8","37","No","medium risk"
"9231-ZJYAM","Month-to-month","78.85","4","Yes","churned"
"4250-WAROZ","Month-to-month","93.25","60","No","medium risk"
"8184-WMOFI","One year","71.4","62","No","stable"
"6982-SSHFK","Month-to-month","44.4","1","Yes","churned"
"6092-QZVPP","Month-to-month","79.2","36","No","medium risk"
"4625-LAMOB","Two year","20.4","44","No","stable"
"0727-BMPLR","One year","100","55","Yes","churned"
"0392-BZIUW","Two year","105","72","No","stable"
"1038-ZAGBI","One year","19.8","12","Yes","churned"
"6549-NNDYT","Month-to-month","30.85","13","No","medium risk"
"3027-ZTDHO","Month-to-month","89.9","1","Yes","churned"
"0422-OHQHQ","One year","20.55","15","No","stable"
"6916-HIJSE","Two year","84.85","65","No","stable"
"2316-ESMLS","One year","33.15","12","No","stable"
"9778-OGKQZ","Two year","92","72","No","stable"
"7408-OFWXJ","Two year","89.8","72","No","stable"
"6007-TCTST","Two year","115.8","72","No","stable"
"2252-NKNSI","Two year","85.15","52","No","stable"
"8713-IGZSO","Month-to-month","24.85","2","No","medium risk"
"7905-TVXTA","Month-to-month","64.35","5","No","medium risk"
"7695-PKLCZ","Two year","20.5","68","No","stable"
"2382-BCKQJ","One year","100.15","62","Yes","churned"
"8374-UULRV","Two year","86.05","72","No","stable"
"2207-NHRJK","Month-to-month","50.8","1","Yes","churned"
"3224-DFQNQ","One year","89","66","No","stable"
"5275-PMFUT","Two year","64.8","72","No","stable"
"4795-UXVCJ","One year","19.8","26","No","stable"
"9777-IQHWP","Two year","93.4","64","No","stable"
"0947-MUGVO","Month-to-month","73.65","20","Yes","churned"
"9944-HKVVB","Month-to-month","95.1","3","Yes","churned"
"4124-MMETB","Month-to-month","94.65","22","Yes","churned"
"3671-SHRSP","Month-to-month","80.6","4","Yes","churned"
"0979-MOZQI","Two year","39","62","No","stable"
"2732-ISEZX","Month-to-month","20.5","5","No","medium risk"
"3313-QKNKB","One year","85.55","59","Yes","churned"
"0323-XWWTN","Two year","26.4","3","No","stable"
"1937-OTUKY","Two year","98.2","72","No","stable"
"1573-LGXBA","One year","97.55","57","No","stable"
"1764-VUUMT","Two year","19.95","66","No","stable"
"5073-WXOYN","Month-to-month","50.8","60","Yes","churned"
"4713-ZBURT","Two year","99.7","45","No","stable"
"3050-GBUSH","Month-to-month","34.8","3","No","medium risk"
"0207-MDKNV","Month-to-month","105.1","15","Yes","churned"
"7876-AEHIG","One year","60.15","51","No","stable"
"7945-HLKEA","One year","64.75","60","No","stable"
"9342-VNIMQ","Month-to-month","54.65","33","No","medium risk"
"9851-KIELU","Month-to-month","110.1","10","Yes","churned"
"3523-BRGUW","One year","19.3","26","No","stable"
"3908-BLSYF","Month-to-month","83.9","6","Yes","churned"
"3199-NPKCN","One year","111.25","67","No","stable"
"5170-PTRKA","One year","35.8","49","No","stable"
"4661-NJEUX","Month-to-month","20.05","1","No","medium risk"
"2123-AGEEN","Month-to-month","84.35","7","No","high risk"
"1258-YMZNM","One year","110.5","27","No","stable"
"0048-LUMLS","One year","91.2","37","No","stable"
"7549-MYGPK","Month-to-month","100.55","63","Yes","churned"
"5898-IGSLP","Month-to-month","89.3","31","No","medium risk"
"3804-RVTGV","Month-to-month","103.85","50","Yes","churned"
"6259-WJQLC","Month-to-month","81.1","32","No","medium risk"
"9227-LUNBG","Month-to-month","24.6","1","Yes","churned"
"7997-EASSD","One year","81.2","63","No","stable"
"0730-KOAVE","Month-to-month","94.3","30","No","medium risk"
"8975-SKGRX","Two year","116.1","71","No","stable"
"0678-RLHVP","Two year","105.55","53","No","stable"
"4315-MURBD","Month-to-month","98.9","12","Yes","churned"
"2267-FPIMA","Month-to-month","94.4","50","No","medium risk"
"1051-GEJLJ","Month-to-month","19.5","2","No","medium risk"
"9734-YWGEX","Month-to-month","98.3","9","Yes","churned"
"2719-BDAQO","Month-to-month","93.85","17","Yes","churned"
"5285-MVEHD","One year","105.6","56","No","stable"
"0379-DJQHR","Two year","81.35","67","No","stable"
"0781-LKXBR","Month-to-month","100.5","9","Yes","churned"
"5543-QDCRY","Month-to-month","56.4","4","No","medium risk"
"0297-RBCSG","One year","65.35","19","No","stable"
"4694-PHWFW","Month-to-month","19.95","8","No","medium risk"
"0835-JKADZ","Two year","111.25","71","No","stable"
"1907-UBQFC","Month-to-month","72.85","10","Yes","churned"
"7508-SMHXL","Month-to-month","89","15","No","medium risk"
"3865-YIOTT","One year","106.1","72","No","stable"
"5993-BQHEA","One year","20.05","12","No","stable"
"6024-RUGGH","Two year","25.2","72","No","stable"
"6513-EECDB","Month-to-month","73.55","1","Yes","churned"
"3956-CJUST","Month-to-month","75.4","23","No","medium risk"
"4079-WWQQQ","Two year","65.55","72","No","stable"
"6103-BOCOU","Month-to-month","80.7","26","No","medium risk"
"5149-TGWDZ","One year","104.55","21","No","stable"
"7471-WNSUF","One year","24.15","60","No","stable"
"8942-DBMHZ","Month-to-month","20.45","12","No","medium risk"
"4301-VVZKA","Month-to-month","75.4","16","No","medium risk"
"9199-PWQVC","One year","79.7","63","No","stable"
"4824-GUCBY","Month-to-month","81.7","22","No","medium risk"
"5393-HJZSM","Month-to-month","76.3","32","No","medium risk"
"7074-IEVOJ","Month-to-month","79.4","3","Yes","churned"
"9625-QSTYE","Month-to-month","81.15","13","Yes","churned"
"0862-PRCBS","Two year","103.75","68","No","stable"
"8812-ZRHFP","One year","86.45","30","No","stable"
"5146-CBVOE","Month-to-month","75.1","16","No","medium risk"
"0454-OKRCT","Two year","80.6","33","No","stable"
"5787-KXGIY","Two year","19.3","72","No","stable"
"4750-ZRXIU","Month-to-month","84.6","4","Yes","churned"
"4198-VFOEA","One year","33.6","12","No","stable"
"6630-UJZMY","Month-to-month","83.25","4","No","high risk"
"6400-BWQKW","Month-to-month","79.05","6","Yes","churned"
"2692-AQCPF","One year","108.05","65","No","stable"
"0347-UBKUZ","Month-to-month","19.9","15","No","medium risk"
"0835-DUUIQ","One year","21.05","24","No","stable"
"0811-GSDTP","Month-to-month","30.15","13","No","medium risk"
"7567-ECMCM","Month-to-month","79.85","24","No","medium risk"
"6115-ZTBFQ","Two year","65.5","72","No","stable"
"6353-BRMMA","Month-to-month","104.1","54","No","medium risk"
"6680-WKXRZ","Month-to-month","74.4","3","Yes","churned"
"6231-WFGFH","Month-to-month","20.5","4","No","medium risk"
"9904-EHEVJ","Month-to-month","91.35","32","No","medium risk"
"7028-DVOIQ","Month-to-month","99.05","35","Yes","churned"
"6169-PPETC","Two year","20.5","35","No","stable"
"4208-UFFGW","Month-to-month","44.95","2","Yes","churned"
"8584-KMVXD","Month-to-month","75.6","8","No","medium risk"
"8467-WYNSR","Month-to-month","55.1","22","No","medium risk"
"0851-DFJKB","Month-to-month","58.95","15","No","medium risk"
"5382-SOYZL","Month-to-month","95.1","22","No","medium risk"
"9448-REEVD","Month-to-month","44.7","1","Yes","churned"
"3261-CQXOL","Two year","25.45","71","No","stable"
"8388-FYNPZ","Month-to-month","56.75","4","No","medium risk"
"4002-BQWPQ","Month-to-month","81.75","25","No","medium risk"
"5651-YLPRD","Month-to-month","86.1","32","No","medium risk"
"2826-DXLQO","Month-to-month","29.8","7","No","medium risk"
"4378-BZYFP","One year","20.5","17","No","stable"
"9489-UTFKA","Month-to-month","60.9","8","No","medium risk"
"4849-PYRLQ","Two year","73.25","56","No","stable"
"9117-SHLZX","Month-to-month","45.7","1","Yes","churned"
"9889-TMAHG","Month-to-month","100.3","8","Yes","churned"
"4541-RMRLG","Month-to-month","19.25","7","Yes","churned"
"7764-BDPEE","Month-to-month","20.85","3","No","medium risk"
"3429-IFLEM","Two year","77.35","71","No","stable"
"3158-MOERK","Month-to-month","96","2","Yes","churned"
"7294-TMAOP","Month-to-month","90.55","1","Yes","churned"
"5002-GCQFH","Month-to-month","93.85","49","No","medium risk"
"0556-FJEGU","Two year","70.1","58","No","stable"
"8919-FYFQZ","Month-to-month","30.35","44","Yes","churned"
"0604-THJFP","Two year","75.95","59","No","stable"
"2834-JRTUA","Two year","108.05","71","Yes","churned"
"5875-YPQFJ","Month-to-month","69.9","1","Yes","churned"
"5879-SESNB","Month-to-month","75.25","11","No","medium risk"
"6646-QVXLR","One year","103.75","62","Yes","churned"
"6461-PPAXN","One year","54.95","35","No","stable"
"3318-ISQFQ","Month-to-month","19.5","20","No","medium risk"
"1106-HRLKZ","Two year","19.6","40","No","stable"
"2483-XSSMZ","One year","47.85","39","No","stable"
"8603-IJWDN","Month-to-month","86.6","1","Yes","churned"
"8165-ZJRNM","Two year","23.75","72","No","stable"
"9369-XFEHK","Month-to-month","80.6","33","Yes","churned"
"2604-XVDAM","Month-to-month","43.8","12","No","medium risk"
"3717-OFRTN","Month-to-month","19.75","1","No","medium risk"
"9046-JBFWA","Month-to-month","19.15","27","No","medium risk"
"3280-NMUVX","One year","19.6","34","No","stable"
"1206-EHBDD","Two year","80.3","56","No","stable"
"8361-LBRDI","Two year","24.35","58","No","stable"
"4883-KCPZJ","Two year","25.25","22","No","stable"
"9108-EQPNQ","Two year","26.1","10","No","stable"
"7277-KAMWT","Two year","20","13","No","stable"
"3842-IYKUE","Month-to-month","85.3","35","Yes","churned"
"6641-XRPSU","Month-to-month","70","34","Yes","churned"
"1374-DMZUI","Month-to-month","94.3","4","Yes","churned"
"2545-LXYVJ","Two year","20.7","72","No","stable"
"3234-VKACU","Month-to-month","70.3","2","No","medium risk"
"8357-EQXFO","Month-to-month","95.35","7","Yes","churned"
"1989-PRJHP","Month-to-month","75.5","27","Yes","churned"
"8120-JDCAM","Month-to-month","69.55","4","No","medium risk"
"8917-FAEMR","Two year","19.85","37","No","stable"
"7047-YXDMZ","Month-to-month","20","21","No","medium risk"
"2858-EIMXH","One year","95.85","53","No","stable"
"9524-EGPJC","Month-to-month","90.1","18","Yes","churned"
"6993-OHLXR","Month-to-month","68.95","2","Yes","churned"
"8818-XYFCQ","Month-to-month","99.55","32","Yes","churned"
"6419-ZTTLE","One year","20.75","23","No","stable"
"0929-HYQEW","Month-to-month","50.15","3","No","medium risk"
"6614-YOLAC","Two year","58.65","71","No","stable"
"7426-RHZGU","Month-to-month","95.9","9","No","high risk"
"4065-JJAVA","Month-to-month","49.5","1","No","medium risk"
"4695-VADHF","Month-to-month","57.45","18","Yes","churned"
"3863-IUBJR","One year","53.65","12","Yes","churned"
"7649-SIJJF","Two year","80.1","71","No","stable"
"9361-YNQWJ","One year","24.4","64","No","stable"
"3748-FVMZZ","Month-to-month","40.05","4","No","medium risk"
"9391-TTOYH","Month-to-month","19.5","23","No","medium risk"
"1452-XRSJV","Month-to-month","51.05","39","No","medium risk"
"3422-WJOYD","One year","54.35","28","No","stable"
"8242-SOQUO","Month-to-month","84.7","5","No","high risk"
"7460-ITWWP","Month-to-month","86.1","45","No","medium risk"
"7147-AYBAA","Month-to-month","70.35","37","No","medium risk"
"7868-TMWMZ","Two year","110","60","No","stable"
"4822-RVYBB","Month-to-month","100.6","8","Yes","churned"
"6732-FZUGP","One year","94.9","47","No","stable"
"8436-BJUMM","Month-to-month","83.75","26","Yes","churned"
"4184-TJFAN","Month-to-month","88.3","3","Yes","churned"
"8329-GWVPJ","Month-to-month","69.75","50","No","medium risk"
"2632-TACXW","Two year","23.65","62","No","stable"
"8146-QQKZH","Two year","81.85","71","No","stable"
"1767-CJKBA","Two year","25.1","66","No","stable"
"6445-TNRXS","Two year","114.7","68","No","stable"
"4581-LNWUM","Month-to-month","49.15","13","No","medium risk"
"4869-EPIUS","One year","80.9","56","No","stable"
"9948-YPTDG","Month-to-month","79.45","38","Yes","churned"
"1236-WFCDV","Month-to-month","90.45","14","Yes","churned"
"1915-OAKWD","One year","19.3","16","No","stable"
"7296-PIXQY","Month-to-month","70.2","14","No","medium risk"
"4883-QICIH","Month-to-month","69.75","32","Yes","churned"
"3354-OADJP","One year","54.25","8","No","stable"
"3524-WQDSG","Month-to-month","99.3","43","No","medium risk"
"0810-DHDBD","One year","74","52","No","stable"
"4026-SKKHW","Month-to-month","50.25","3","No","medium risk"
"2829-HYVZP","One year","19.8","29","No","stable"
"8329-IBCTI","Month-to-month","19.65","1","Yes","churned"
"1271-SJBGZ","Month-to-month","43.65","12","Yes","churned"
"3845-JHAMY","Month-to-month","35.5","16","No","medium risk"
"7013-PSXHK","One year","80.75","40","No","stable"
"5669-SRAIP","Month-to-month","39.5","5","Yes","churned"
"5981-ITEMU","Month-to-month","97.1","40","Yes","churned"
"3486-NPGST","One year","19.55","36","No","stable"
"6941-PMGEP","Month-to-month","80","5","Yes","churned"
"1624-WOIWJ","Month-to-month","84.7","10","Yes","churned"
"2074-GKOWZ","Month-to-month","89.55","2","Yes","churned"
"0376-YMCJC","Month-to-month","90.6","23","Yes","churned"
"6100-FJZDG","One year","20.05","26","No","stable"
"4829-ZLJTK","Two year","112.4","72","No","stable"
"1730-VFMWO","Month-to-month","50.2","34","No","medium risk"
"7143-BQIBA","Month-to-month","62.25","10","No","medium risk"
"3800-LYTRK","One year","55.7","14","No","stable"
"0634-SZPQA","Month-to-month","90.05","23","Yes","churned"
"9646-NMHXE","Two year","19.65","47","No","stable"
"7030-NJVDP","Month-to-month","89.25","24","No","medium risk"
"5536-RTPWK","Month-to-month","99.05","49","Yes","churned"
"8883-GRDWQ","One year","54","20","No","stable"
"6166-ILMNY","Month-to-month","69.75","2","Yes","churned"
"3097-NNSPB","Month-to-month","49.05","2","Yes","churned"
"7771-ZONAT","Two year","56.75","22","No","stable"
"0655-RBDUG","Month-to-month","98.05","7","Yes","churned"
"2111-DWYHN","Month-to-month","21.1","1","No","medium risk"
"4194-WHFCB","Month-to-month","96.65","59","No","medium risk"
"4121-AGSIN","One year","24.5","58","No","stable"
"4361-BKAXE","Month-to-month","114.5","41","Yes","churned"
"9845-PEEKO","Two year","79.2","59","No","stable"
"0455-XFASS","Month-to-month","69.55","3","No","medium risk"
"0301-KOBTQ","Two year","20.05","32","No","stable"
"1751-NCDLI","Month-to-month","98.85","46","No","medium risk"
"9878-TNQGW","Month-to-month","80.95","2","Yes","churned"
"9170-ARBTB","One year","19.6","52","No","stable"
"4441-NIHPT","Month-to-month","74.3","13","Yes","churned"
"8999-BOHSE","Month-to-month","89.7","11","Yes","churned"
"7241-AJHFS","Month-to-month","87.65","32","No","medium risk"
"7029-RPUAV","Month-to-month","100.45","17","Yes","churned"
"4546-FOKWR","Month-to-month","74.75","16","No","medium risk"
"9036-CSKBW","One year","107.45","51","No","stable"
"5832-TRLPB","One year","75.35","29","No","stable"
"8590-YFFQO","Two year","64.95","70","No","stable"
"8659-IOOPU","Two year","100.45","71","No","stable"
"1338-CECEE","One year","68.5","41","No","stable"
"7439-DKZTW","Month-to-month","80.55","1","No","high risk"
"4646-QZXTF","Month-to-month","81.25","7","No","high risk"
"4607-CHPCA","One year","90.4","25","Yes","churned"
"9742-XOKTS","One year","89.55","67","No","stable"
"6921-OZMFH","Month-to-month","55.7","5","No","medium risk"
"9578-FOMUK","Month-to-month","24.8","15","No","medium risk"
"4712-UYOOI","Month-to-month","20","20","No","medium risk"
"8824-RWFXJ","Month-to-month","56.15","3","Yes","churned"
"7722-CVFXN","One year","105.2","54","No","stable"
"8717-VCTXJ","One year","19.55","42","No","stable"
"7363-QTBIW","Month-to-month","79.75","9","No","medium risk"
"4159-NAAIX","Two year","97.45","63","No","stable"
"0971-QIFJK","Two year","24.25","69","No","stable"
"9397-TZSHA","Two year","24.6","69","No","stable"
"3391-JSQEW","Month-to-month","50.15","40","No","medium risk"
"0343-QLUZP","Two year","39.6","60","No","stable"
"9763-PDTKK","Month-to-month","94.4","4","Yes","churned"
"2176-LVPNX","Two year","89.85","71","No","stable"
"7627-JKIAZ","Month-to-month","78.95","37","Yes","churned"
"3312-UUMZW","Month-to-month","98.85","32","No","medium risk"
"1271-UODNO","Two year","53.85","39","No","stable"
"8461-EFQYM","One year","24.25","38","No","stable"
"6900-RBKER","Two year","89.45","52","No","stable"
"6891-JPYFF","Month-to-month","105.25","48","No","medium risk"
"1459-QNFQT","Two year","59.5","70","No","stable"
"1047-NNCBF","Month-to-month","70.55","20","No","medium risk"
"3696-XRIEN","One year","82.5","50","No","stable"
"4081-DYXAV","One year","44.85","19","Yes","churned"
"0074-HDKDG","One year","61.6","25","No","stable"
"8791-GFXLZ","Month-to-month","49.05","12","No","medium risk"
"8111-SLLHI","Month-to-month","105.65","39","Yes","churned"
"0927-LCSMG","Month-to-month","74.65","7","Yes","churned"
"9330-DHBFL","One year","66.25","23","No","stable"
"0098-BOWSO","Month-to-month","19.4","27","No","medium risk"
"3452-ABWRL","Month-to-month","86.05","47","No","medium risk"
"5859-HZYLF","Two year","19.15","26","No","stable"
"8257-RZAHR","Month-to-month","64.7","14","Yes","churned"
"5293-WXJAK","Month-to-month","104.05","11","Yes","churned"
"3156-QLHBO","Month-to-month","19.25","2","No","medium risk"
"2208-NQBCT","Month-to-month","81.95","26","No","medium risk"
"1779-PWPMG","Two year","114.65","72","No","stable"
"6621-NRZAK","Two year","20","63","No","stable"
"0831-JNISG","Two year","19.8","71","No","stable"
"0774-IFUVM","Month-to-month","65.15","11","No","medium risk"
"3082-WQRVY","One year","19.65","14","No","stable"
"9553-DLCLU","Two year","88.95","13","No","stable"
"1641-BYBTK","Month-to-month","20.2","6","No","medium risk"
"2460-NGXBJ","Month-to-month","75.2","11","No","medium risk"
"2446-ZKVAF","Month-to-month","56.8","18","No","medium risk"
"0841-NULXI","Month-to-month","35.55","1","Yes","churned"
"3522-CDKHF","Month-to-month","75.5","32","No","medium risk"
"1430-SFQSA","One year","35.6","29","No","stable"
"0411-EZJZE","Month-to-month","60.25","3","No","medium risk"
"7851-WZEKY","Month-to-month","95.15","2","Yes","churned"
"8844-TONUD","Month-to-month","96.65","13","Yes","churned"
"8807-ARQET","Month-to-month","40.35","41","No","medium risk"
"8992-CEUEN","Month-to-month","18.85","1","No","medium risk"
"4320-QMLLA","Month-to-month","54.85","7","No","medium risk"
"8777-PVYGU","One year","64.3","52","No","stable"
"8292-ITGYJ","Two year","24.65","45","No","stable"
"6870-ZWMNX","Two year","76.1","70","No","stable"
"0621-CXBKL","Two year","18.7","53","No","stable"
"5268-DSMNQ","One year","97.95","62","No","stable"
"5334-JLAXU","Month-to-month","94.1","60","No","medium risk"
"4086-YQSNZ","Month-to-month","80.4","3","Yes","churned"
"6242-MBHPK","Month-to-month","95.1","23","No","medium risk"
"5868-CZJDR","Month-to-month","31.35","1","Yes","churned"
"9359-UGBTK","One year","72.35","67","No","stable"
"0135-NMXAP","Month-to-month","89.75","12","Yes","churned"
"4782-OSFXZ","Two year","82.7","71","No","stable"
"6479-OAUSD","One year","19.9","25","No","stable"
"7129-ACFOG","Month-to-month","53.8","5","No","medium risk"
"4189-NAKJS","One year","51.55","26","No","stable"
"5562-BETPV","One year","19.65","1","No","stable"
"1282-IHQAC","One year","44.05","70","No","stable"
"9127-FHJBZ","Two year","114","72","No","stable"
"6270-OMFIW","One year","94.4","60","Yes","churned"
"1641-RQDAY","Month-to-month","100.4","32","No","medium risk"
"0107-WESLM","Month-to-month","19.85","1","Yes","churned"
"6994-ORCWG","One year","54.25","14","No","stable"
"1346-UFHAX","Month-to-month","80","13","No","medium risk"
"3992-YWPKO","Month-to-month","109.9","6","Yes","churned"
"2933-XEUJM","Two year","79.2","46","No","stable"
"0125-LZQXK","Month-to-month","101.35","15","Yes","churned"
"5461-QKNTN","Month-to-month","94.3","43","No","medium risk"
"4835-YSJMR","Two year","49.8","39","No","stable"
"8399-YNDCH","Month-to-month","60.05","21","Yes","churned"
"3164-YAXFY","Month-to-month","53.75","57","No","medium risk"
"0887-WBJVH","One year","93.45","53","No","stable"
"4660-IRIBM","Month-to-month","87.9","18","No","medium risk"
"5673-FSSMF","Month-to-month","60.15","1","Yes","churned"
"7670-ZBPOQ","One year","61.05","58","No","stable"
"8089-UZWLX","Two year","104.05","71","No","stable"
"0080-OROZO","One year","99.25","35","No","stable"
"3916-NRPAP","Month-to-month","85.7","3","No","high risk"
"6807-SIWJI","One year","104.85","38","No","stable"
"8221-HVAYI","Two year","69.15","35","No","stable"
"1579-KLYDT","Month-to-month","90.45","7","Yes","churned"
"5232-NXPAY","Two year","74.45","47","No","stable"
"8967-SZQAS","Month-to-month","50.45","14","No","medium risk"
"4468-KAZHE","Month-to-month","60","20","No","medium risk"
"0455-ENTCR","Two year","85.25","66","No","stable"
"8944-AILEF","Month-to-month","19.45","15","No","medium risk"
"5542-NKVRU","Two year","20.75","42","No","stable"
"7126-RBHSD","Month-to-month","78.9","17","No","medium risk"
"5370-IIVVL","One year","104.5","37","No","stable"
"6789-HJBWG","Month-to-month","49.4","12","No","medium risk"
"3927-NLNRY","One year","94.25","53","Yes","churned"
"9087-EYCPR","Two year","25","60","No","stable"
"6791-YBNAK","Month-to-month","25.55","18","No","medium risk"
"6358-LYNGM","Month-to-month","74.9","1","Yes","churned"
"6077-BDPXA","Month-to-month","70.15","3","No","medium risk"
"0013-MHZWF","Month-to-month","69.4","9","No","medium risk"
"5494-HECPR","Month-to-month","80.25","1","Yes","churned"
"8268-YDIXR","One year","93.15","56","No","stable"
"9824-BEMCV","Month-to-month","69","17","Yes","churned"
"1373-ORVIZ","Month-to-month","66.35","11","Yes","churned"
"4291-SHSBH","Month-to-month","69.55","7","No","medium risk"
"6980-IMXXE","Two year","20.2","69","No","stable"
"9866-QEVEE","Month-to-month","86","19","Yes","churned"
"9897-KXHCM","Month-to-month","80.3","3","Yes","churned"
"0040-HALCW","Two year","20.4","54","No","stable"
"0784-GTUUK","One year","23.75","62","No","stable"
"7979-CORPM","Month-to-month","90.55","24","Yes","churned"
"2294-DMMUS","Month-to-month","70.45","62","No","medium risk"
"0872-JCPIB","Month-to-month","65.75","17","No","medium risk"
"3055-MJDSB","Month-to-month","24.6","9","No","medium risk"
"9091-WTUUY","Two year","69.25","64","No","stable"
"1618-CFHME","Month-to-month","75.9","2","Yes","churned"
"3165-HDOEW","Month-to-month","45.85","1","Yes","churned"
"6581-NQCBA","Month-to-month","49.95","16","Yes","churned"
"7115-IRDHS","Two year","24.65","72","No","stable"
"8496-DMZUK","One year","90.4","30","No","stable"
"2040-VZIKE","Month-to-month","100.85","49","No","medium risk"
"9068-VPWQQ","Two year","75.35","61","No","stable"
"0178-SZBHO","Month-to-month","87.2","47","No","medium risk"
"0384-RVBPI","Month-to-month","64.4","20","No","medium risk"
"1689-MRZQR","Month-to-month","78.3","34","Yes","churned"
"1299-AURJA","Two year","24.7","70","No","stable"
"4525-VZCZG","One year","105.85","54","No","stable"
"1543-LLLFT","One year","98.3","61","No","stable"
"5835-BEQEU","Month-to-month","76.95","3","Yes","churned"
"2788-CJQAQ","One year","19.45","13","No","stable"
"5565-FILXA","Month-to-month","96.15","16","Yes","churned"
"0319-QZTCO","Month-to-month","58.7","3","No","medium risk"
"2120-SMPEX","Month-to-month","20.15","25","No","medium risk"
"0096-FCPUF","Month-to-month","64.5","30","No","medium risk"
"0668-OGMHD","Month-to-month","28.5","21","No","medium risk"
"5552-ZNFSJ","Month-to-month","45.3","1","Yes","churned"
"2223-KAGMX","Month-to-month","19.4","15","Yes","churned"
"6507-ZJSUR","Month-to-month","90.45","23","No","medium risk"
"9408-HRXRK","Month-to-month","105.15","45","No","medium risk"
"5593-SUAOO","One year","83.15","24","No","stable"
"7321-PKUYW","Month-to-month","90.15","11","Yes","churned"
"2833-SLKDQ","Month-to-month","45.05","1","Yes","churned"
"6766-HFKLA","Two year","103.2","56","No","stable"
"7595-EUIVN","Month-to-month","75.8","1","Yes","churned"
"7617-EYGLW","Month-to-month","19.45","1","No","medium risk"
"2026-TGDHM","Month-to-month","79.3","7","Yes","churned"
"9220-ZNKJI","Two year","88.8","55","No","stable"
"4030-VPZBD","Month-to-month","30.9","2","Yes","churned"
"2226-ICFDO","Two year","85.9","72","No","stable"
"0723-VSOBE","One year","34.2","45","No","stable"
"5529-GIBVH","Two year","20.15","47","No","stable"
"4187-CINZD","One year","95.25","46","Yes","churned"
"9992-UJOEL","Month-to-month","50.3","2","No","medium risk"
"4741-WWJQZ","Month-to-month","80.15","2","No","high risk"
"6625-UTXEW","Month-to-month","51.25","12","No","medium risk"
"6818-WOBHJ","Month-to-month","89.6","68","Yes","churned"
"6244-BESBM","Two year","95.2","69","No","stable"
"1004-NOZNR","One year","94.8","56","No","stable"
"1251-STYSZ","Month-to-month","80.25","4","No","high risk"
"2612-PHGOX","Two year","76.1","64","No","stable"
"2408-TZMJL","One year","110.15","59","Yes","churned"
"8480-PPONV","Two year","115.55","62","No","stable"
"8780-IHCRN","Two year","24.65","63","No","stable"
"4598-ZADCK","One year","53.6","53","No","stable"
"1257-SXUXQ","Month-to-month","19.45","5","No","medium risk"
"9681-KYGYB","Month-to-month","88.2","49","No","medium risk"
"7182-OVLBJ","Two year","101.15","62","No","stable"
"5095-ETBRJ","Two year","56.8","55","No","stable"
"7005-CYUIL","Two year","99.4","71","No","stable"
"4821-WQOYN","Two year","20.1","72","No","stable"
"4730-AWNAU","One year","60.7","36","No","stable"
"3452-FLHYD","One year","20.95","25","No","stable"
"2388-LAESQ","Two year","114.85","72","No","stable"
"9531-NSBMR","One year","19.25","36","No","stable"
"6260-ONULR","Month-to-month","62.8","1","No","medium risk"
"4389-UEFCZ","Two year","105.5","72","No","stable"
"8711-LOBKY","Two year","19.85","59","No","stable"
"9134-CEQMF","Month-to-month","89.5","7","Yes","churned"
"8985-OOPOS","One year","74.1","1","No","stable"
"8800-ZKRFW","Month-to-month","107.5","30","No","medium risk"
"2616-FLVQC","Two year","19.55","64","No","stable"
"9968-FFVVH","One year","68.8","63","No","stable"
"3108-PCCGG","Two year","84.45","72","No","stable"
"7993-PYKOF","Month-to-month","75","8","Yes","churned"
"8390-FESFV","Two year","84.5","62","No","stable"
"3022-BEXHZ","Two year","111.2","67","No","stable"
"5027-XWQHA","Month-to-month","44.75","6","Yes","churned"
"6248-TKCQV","Two year","80.6","70","No","stable"
"6729-GDNGC","Month-to-month","80.7","20","No","medium risk"
"6198-ZFIOJ","Month-to-month","75.6","5","No","medium risk"
"5989-OMNJE","One year","57.6","24","No","stable"
"4566-QVRRW","Month-to-month","44.05","11","Yes","churned"
"1291-CUOCY","Two year","110.6","72","No","stable"
"9795-SHUHB","Two year","58.2","66","No","stable"
"3230-IUALN","Two year","81","45","No","stable"
"0042-RLHYP","Two year","19.7","69","No","stable"
"8519-IMDHU","Month-to-month","85.6","15","Yes","churned"
"4945-RVMTE","Month-to-month","59.55","28","No","medium risk"
"0201-OAMXR","One year","115.55","70","Yes","churned"
"1866-NXPSP","One year","75.55","36","No","stable"
"3372-KWFBM","Month-to-month","86.6","16","Yes","churned"
"7831-QGOXH","Month-to-month","85.2","18","Yes","churned"
"6393-WRYZE","Month-to-month","97.65","34","Yes","churned"
"3941-XTSKM","One year","45.1","42","No","stable"
"1661-CZBAU","One year","70.95","48","No","stable"
"6599-RCLCJ","Month-to-month","109.55","47","Yes","churned"
"9831-BPFRI","One year","89.55","39","Yes","churned"
"5158-RIVOP","Two year","20.9","11","No","stable"
"1453-RZFON","Month-to-month","49.9","1","No","medium risk"
"9788-YTFGE","Month-to-month","19.95","7","No","medium risk"
"9277-JOOMO","Month-to-month","24.6","3","No","medium risk"
"1907-YLNYW","Month-to-month","66.7","8","No","medium risk"
"1725-MIMXW","Month-to-month","19.45","1","Yes","churned"
"8947-YRTDV","One year","94.8","32","No","stable"
"3161-ONRWK","One year","65.85","60","No","stable"
"0114-RSRRW","Month-to-month","19.95","10","No","medium risk"
"4565-NLZBV","Two year","24.65","71","No","stable"
"0031-PVLZI","Month-to-month","20.35","4","Yes","churned"
"7206-GZCDC","Month-to-month","69.25","1","Yes","churned"
"6682-VCIXC","One year","51.25","43","No","stable"
"4791-QRGMF","One year","99.5","59","Yes","churned"
"6475-VHUIZ","Month-to-month","54.25","23","No","medium risk"
"3910-MRQOY","Two year","19.4","72","No","stable"
"0661-WCQNQ","One year","56.25","22","No","stable"
"7537-RBWEA","Month-to-month","25.15","1","No","medium risk"
"4656-CAURT","Two year","23.95","69","No","stable"
"0121-SNYRK","One year","35.4","50","No","stable"
"1768-ZAIFU","Month-to-month","25.2","1","Yes","churned"
"4671-LXRDQ","Month-to-month","45","2","Yes","churned"
"3733-LSYCE","Month-to-month","75.35","15","No","medium risk"
"6265-FRMTQ","Two year","20.4","31","No","stable"
"1934-SJVJK","Month-to-month","20.15","1","Yes","churned"
"3838-OZURD","Month-to-month","105","66","Yes","churned"
"9269-CQOOL","Month-to-month","54.7","3","Yes","churned"
"2017-CCBLH","Two year","20","8","No","stable"
"7690-KPNCU","One year","73.05","64","No","stable"
"0536-BGFMZ","Month-to-month","20.5","28","No","medium risk"
"2293-IJWPS","One year","100.75","57","No","stable"
"2845-HSJCY","Month-to-month","87.25","14","Yes","churned"
"5469-NUJUR","Two year","19.95","19","No","stable"
"1184-PJVDB","Month-to-month","79.95","10","Yes","churned"
"2625-TRCZQ","Month-to-month","49.65","51","No","medium risk"
"4102-HLENU","Two year","65.65","67","No","stable"
"7266-GSSJX","Month-to-month","20.45","11","No","medium risk"
"7722-VJRQD","Two year","60.95","72","No","stable"
"7073-QETQY","One year","20.35","66","No","stable"
"9415-DPEWS","Month-to-month","88.35","18","Yes","churned"
"5624-RYAMH","Month-to-month","19.5","9","No","medium risk"
"0196-JTUQI","Month-to-month","75.2","9","No","medium risk"
"7130-YXBRO","Month-to-month","111.45","48","No","medium risk"
"9272-LSVYH","Month-to-month","70.15","10","No","medium risk"
"7943-RQCHR","Month-to-month","94.75","9","Yes","churned"
"3793-MMFUH","Month-to-month","95.05","13","Yes","churned"
"3249-ZPQRG","Month-to-month","78.45","4","Yes","churned"
"2568-BRGYX","Month-to-month","70.2","4","Yes","churned"
"3084-DOWLE","Two year","92","72","No","stable"
"1084-MNSMJ","Two year","85.5","51","No","stable"
"7721-JXEAW","Month-to-month","41.05","59","Yes","churned"
"7249-WBIYX","Month-to-month","85.6","10","Yes","churned"
"4238-HFHSN","Month-to-month","82.15","61","No","medium risk"
"6250-CGGUN","One year","84.4","54","No","stable"
"5478-JJVZK","Month-to-month","60.9","33","No","medium risk"
"7596-IIWYC","Two year","20.25","27","No","stable"
"6567-HOOPW","Month-to-month","79.2","1","Yes","churned"
"9793-WECQC","Month-to-month","95.3","23","No","medium risk"
"4291-HPAXL","Month-to-month","19.85","1","No","medium risk"
"8999-YPYBV","Two year","84.35","45","No","stable"
"1839-FBNFR","Two year","19.85","39","No","stable"
"3164-AALRN","One year","70","5","Yes","churned"
"3071-MVJCD","Two year","82.3","72","No","stable"
"1697-BCSHV","Month-to-month","66.8","58","No","medium risk"
"0562-KBDVM","Two year","44.6","70","No","stable"
"1131-SUEKT","One year","98.45","61","No","stable"
"3717-OEAUQ","Month-to-month","70.7","2","No","medium risk"
"4538-WNTMJ","One year","24.95","46","No","stable"
"3334-CTHOL","Month-to-month","49.95","1","Yes","churned"
"4704-ERYFC","Month-to-month","69.25","22","Yes","churned"
"9432-RUVSL","Two year","102.5","48","No","stable"
"8060-HIWJJ","Two year","86.55","64","No","stable"
"7684-XSZIY","Two year","24.3","72","No","stable"
"9089-UOWJG","Month-to-month","58.35","12","No","medium risk"
"8621-MNIHH","Month-to-month","94.25","34","Yes","churned"
"8039-ACLPL","Two year","68.75","72","No","stable"
"9885-AIBVB","Month-to-month","85.8","29","No","medium risk"
"1934-MKPXS","One year","20.1","33","No","stable"
"2592-YKDIF","Month-to-month","20.35","1","No","medium risk"
"2272-JKMSI","One year","110.8","62","No","stable"
"0471-LVHGK","One year","73","41","Yes","churned"
"9518-RWHZL","One year","100.05","64","Yes","churned"
"8714-CTZJW","Month-to-month","82.85","4","No","high risk"
"3569-EDBPQ","Month-to-month","84.35","24","No","medium risk"
"3131-NWVFJ","One year","19.55","14","No","stable"
"7521-YXVZY","Month-to-month","19.95","3","No","medium risk"
"5419-CONWX","Month-to-month","99.8","4","Yes","churned"
"6240-EURKS","Month-to-month","35","18","Yes","churned"
"2373-NTKOD","Month-to-month","66.25","8","No","medium risk"
"1970-KKFWL","Two year","23.3","35","No","stable"
"6960-HVYXR","Month-to-month","76","1","Yes","churned"
"9337-SRRNI","Two year","25.3","66","No","stable"
"0895-UADGO","Two year","44.55","8","No","stable"
"5678-VFNEQ","One year","104.1","71","No","stable"
"5977-CKHON","Month-to-month","92.55","43","No","medium risk"
"7024-OHCCK","Month-to-month","93.85","2","Yes","churned"
"2692-BUCFV","Month-to-month","101.45","29","No","medium risk"
"7861-UVUFT","Month-to-month","84.3","15","Yes","churned"
"1830-GGFNM","Two year","94.55","65","No","stable"
"5302-BDJNT","Month-to-month","95.5","35","No","medium risk"
"5223-UZAVK","One year","100.3","64","No","stable"
"4859-ZSRDZ","Two year","55.5","58","No","stable"
"5651-WYIPH","Month-to-month","49.85","18","No","medium risk"
"9350-VLHMB","Month-to-month","89.55","67","No","medium risk"
"3498-LZGQZ","Two year","19.15","63","No","stable"
"8785-CJSHH","Month-to-month","99.8","60","No","medium risk"
"5357-TZHPP","Month-to-month","84.4","9","Yes","churned"
"3870-SPZSI","Two year","113.05","70","No","stable"
"0680-DFNNY","Month-to-month","101.1","15","Yes","churned"
"7560-QRBXH","One year","19.95","48","No","stable"
"7077-XJMET","Month-to-month","74.15","12","No","medium risk"
"8752-GHJFU","One year","92","71","No","stable"
"6896-SRVYQ","Month-to-month","73.85","44","No","medium risk"
"7767-UXAGJ","Month-to-month","50.45","1","Yes","churned"
"4652-ODEVH","Two year","24.45","45","No","stable"
"6510-UPNKS","One year","24.8","23","No","stable"
"6718-BDGHG","One year","64.85","43","No","stable"
"9046-DQMTP","Month-to-month","20.75","35","No","medium risk"
"6439-LAJXL","Month-to-month","68.95","9","No","medium risk"
"1571-SAVHK","Month-to-month","99.95","12","Yes","churned"
"9052-VKDUW","Month-to-month","109.4","65","No","medium risk"
"9546-CQJSU","Month-to-month","91.4","2","Yes","churned"
"1666-JZPZT","Month-to-month","49","27","No","medium risk"
"5777-KJIRB","One year","50.25","40","No","stable"
"0506-LVNGN","Month-to-month","75.55","5","Yes","churned"
"7677-SJJJK","One year","19.9","8","No","stable"
"2480-EJWYP","One year","97.8","58","No","stable"
"3253-HKOKL","One year","100.3","52","No","stable"
"7055-HNEOJ","Month-to-month","55.8","3","No","medium risk"
"5514-YQENT","Two year","111.15","41","No","stable"
"3211-AAPKX","Month-to-month","98.55","20","No","medium risk"
"8445-DNBAE","Month-to-month","50.05","1","No","medium risk"
"2951-QOQTK","Month-to-month","80.8","4","Yes","churned"
"2958-NHPPS","Month-to-month","20.85","23","No","medium risk"
"6806-YDEUL","Month-to-month","19.5","6","No","medium risk"
"1735-XMJVH","Month-to-month","19.35","8","No","medium risk"
"6890-PFRQX","Month-to-month","69.5","18","No","medium risk"
"0222-CNVPT","Month-to-month","48.8","52","No","medium risk"
"5899-OUVKV","Month-to-month","94.5","31","No","medium risk"
"8681-ICONS","Month-to-month","20.65","29","No","medium risk"
"1621-YNCJH","Two year","106.05","36","No","stable"
"3473-XIIIT","Month-to-month","100","16","Yes","churned"
"6362-QHAFM","One year","108.3","42","No","stable"
"7893-IXHRQ","Month-to-month","20.55","1","Yes","churned"
"3070-BDOQC","Two year","99.65","60","No","stable"
"2952-QAYZF","Month-to-month","85.3","5","Yes","churned"
"6234-PFPXL","Month-to-month","95.9","22","No","medium risk"
"9824-QCJPK","One year","20","36","No","stable"
"4763-PGDPO","Month-to-month","70.4","4","Yes","churned"
"4283-IVYCI","Month-to-month","64.95","9","No","medium risk"
"1866-OBPNR","Month-to-month","74.6","1","No","medium risk"
"8205-MQUGY","Month-to-month","49.2","12","No","medium risk"
"8970-ANWXO","One year","73.75","23","No","stable"
"9480-BQJEI","One year","92.3","62","No","stable"
"5394-SVGJV","Month-to-month","98.8","37","Yes","churned"
"6979-TNDEU","Month-to-month","19.2","8","No","medium risk"
"9777-WJJPR","Month-to-month","88.65","31","No","medium risk"
"9283-LZQOH","Month-to-month","74.4","13","Yes","churned"
"7079-QRCBC","Month-to-month","98.75","24","Yes","churned"
"9495-SKLKD","Month-to-month","95.95","45","No","medium risk"
"6048-UWKAL","Two year","105.4","69","No","stable"
"5067-DGXLL","Month-to-month","20.25","2","No","medium risk"
"5469-CTCWN","One year","106","61","Yes","churned"
"9851-QXEEQ","Month-to-month","104.7","41","Yes","churned"
"6281-FKEWS","One year","49.05","44","No","stable"
"8898-KASCD","One year","35.55","39","No","stable"
"9242-TKFSV","Two year","65.1","72","No","stable"
"9290-SHCMB","Month-to-month","96.85","13","No","medium risk"
"0743-HNPFG","One year","69.75","51","No","stable"
"2277-BKJKN","Two year","99.2","71","No","stable"
"9809-IMGCQ","Month-to-month","96.7","22","Yes","churned"
"5208-HFSBT","Month-to-month","55.05","2","Yes","churned"
"5035-PGZXH","One year","106.8","56","No","stable"
"8695-WDYEA","Month-to-month","51.25","1","No","medium risk"
"6543-JXSOO","One year","57.75","23","No","stable"
"8016-ZMGMO","One year","70.85","66","No","stable"
"8605-ITULD","Month-to-month","19.55","1","No","medium risk"
"3254-YRILK","Month-to-month","88.2","19","Yes","churned"
"6416-YJTTB","Month-to-month","79.5","11","No","medium risk"
"2667-WYLWJ","One year","19.75","8","Yes","churned"
"4472-VESGY","Month-to-month","98.15","52","No","medium risk"
"3195-TQDZX","Month-to-month","20.25","3","No","medium risk"
"3128-YOVTD","Month-to-month","79.15","51","No","medium risk"
"0529-ONKER","Month-to-month","75.65","15","Yes","churned"
"1728-CXQBE","Month-to-month","94.25","64","No","medium risk"
"7041-TXQJH","Month-to-month","40.2","37","No","medium risk"
"5014-GSOUQ","Two year","19.95","13","No","stable"
"5724-BIDBU","One year","55.35","49","No","stable"
"0481-SUMCB","One year","102.15","45","No","stable"
"1769-GRUIK","Month-to-month","71.1","18","No","medium risk"
"5240-IJOQT","Month-to-month","74.7","1","Yes","churned"
"8819-WFGGJ","Two year","54.1","68","No","stable"
"7427-AUFPY","Two year","19.65","54","No","stable"
"2811-POVEX","Month-to-month","88.45","23","No","medium risk"
"1092-GANHU","Month-to-month","76.65","17","Yes","churned"
"7898-PDWQE","Two year","80.4","71","No","stable"
"9972-EWRJS","Two year","19.25","67","No","stable"
"9314-IJWSQ","Month-to-month","84.8","14","No","medium risk"
"0661-XEYAN","Month-to-month","25.8","1","Yes","churned"
"5799-JRCZO","Two year","19.5","63","No","stable"
"1921-KYSAY","One year","68.6","41","No","stable"
"6198-RTPMF","Month-to-month","92.6","17","No","medium risk"
"2924-KHUVI","One year","100.55","56","No","stable"
"1925-GMVBW","Month-to-month","20.55","5","No","medium risk"
"7881-EVUAD","Month-to-month","42.6","2","Yes","churned"
"6184-DYUOB","Month-to-month","19.6","3","No","medium risk"
"9207-ZPANB","One year","67.45","37","No","stable"
"5766-XQXMQ","Month-to-month","68.85","29","Yes","churned"
"9327-QSDED","Month-to-month","43.55","8","No","medium risk"
"1656-DRSMG","Month-to-month","109.85","63","No","medium risk"
"3012-VFFMN","Month-to-month","20.65","7","No","medium risk"
"2984-AFWNC","Month-to-month","95.4","3","No","high risk"
"0640-YJTPY","Two year","21","72","No","stable"
"8096-LOIST","Month-to-month","56.2","19","No","medium risk"
"9764-REAFF","Two year","18.4","59","No","stable"
"3703-VAVCL","Month-to-month","90","2","Yes","churned"
"7107-UBYKY","Month-to-month","25.75","35","No","medium risk"
"4881-GQJTW","Month-to-month","19.6","14","No","medium risk"
"8519-QJGJD","Month-to-month","75.35","14","Yes","churned"
"7876-DNYAP","Two year","19.8","69","No","stable"
"7905-NJMXS","Month-to-month","64.2","7","No","medium risk"
"2882-WDTBA","Two year","75.75","69","No","stable"
"2091-GPPIQ","Two year","78.95","72","No","stable"
"6326-MTTXK","Month-to-month","100.85","8","Yes","churned"
"5071-FBJFS","Month-to-month","50.3","4","No","medium risk"
"2796-UUZZO","Month-to-month","80.3","63","No","medium risk"
"2429-AYKKO","Two year","19.85","72","No","stable"
"9798-OPFEM","Two year","21.1","46","No","stable"
"0330-IVZHA","Month-to-month","69.95","5","Yes","churned"
"3794-NFNCH","Month-to-month","50","30","No","medium risk"
"5193-QLVZB","Two year","104.75","63","No","stable"
"7114-AEOZE","Two year","19.85","60","No","stable"
"2886-KEFUM","One year","107.5","63","Yes","churned"
"5522-NYKPB","Month-to-month","85.9","25","No","medium risk"
"4237-RLAQD","Month-to-month","45.85","1","Yes","churned"
"9957-YODKZ","Month-to-month","80.8","6","No","high risk"
"6518-KZXCB","Two year","25.25","22","No","stable"
"2245-ADZFJ","Two year","80.55","31","No","stable"
"7776-QGYJC","Month-to-month","81.5","39","No","medium risk"
"9313-QOLTZ","Month-to-month","20.9","26","No","medium risk"
"9651-GTSAQ","One year","106.1","53","Yes","churned"
"3186-BAXNB","Month-to-month","91.7","1","Yes","churned"
"4672-FOTSD","Month-to-month","67.25","12","No","medium risk"
"0637-YLETY","Month-to-month","95.6","16","Yes","churned"
"9818-XQCUV","Month-to-month","20.35","2","No","medium risk"
"7338-ERIVA","One year","45.05","39","No","stable"
"1157-BQCUW","Month-to-month","74.95","1","Yes","churned"
"8259-NFJTV","Month-to-month","34.65","7","No","medium risk"
"3223-DWFIO","Month-to-month","69.35","4","No","medium risk"
"2660-EMUBI","Month-to-month","95.35","10","Yes","churned"
"6968-GMKPR","Month-to-month","81.55","55","No","medium risk"
"4751-ERMAN","Two year","75.4","72","No","stable"
"1436-ZMJAN","Month-to-month","67.8","10","No","medium risk"
"3292-PBZEJ","Month-to-month","111.4","11","No","high risk"
"0799-DDIHE","Month-to-month","46.3","15","No","medium risk"
"3070-FNFZQ","Two year","20.4","23","No","stable"
"2812-SFXMJ","Month-to-month","20.05","1","No","medium risk"
"7675-OZCZG","Month-to-month","45","3","Yes","churned"
"5014-WUQMG","One year","96.1","47","No","stable"
"5312-TSZVC","One year","19.65","15","No","stable"
"2003-CKLOR","Month-to-month","99.5","66","Yes","churned"
"0993-OSGPT","One year","60.65","68","No","stable"
"9254-RBFON","One year","98.6","17","Yes","churned"
"1205-WNWPJ","Month-to-month","59.5","7","Yes","churned"
"9391-EOYLI","Month-to-month","80.45","12","Yes","churned"
"7108-DGVUU","One year","71.7","21","No","stable"
"2782-JEEBU","Month-to-month","36","21","No","medium risk"
"5127-BZENZ","One year","65.2","56","No","stable"
"2720-FVBQP","Month-to-month","48.95","6","No","medium risk"
"9906-NHHVC","Two year","53.5","65","No","stable"
"4522-XRWWI","One year","80.45","42","No","stable"
"3766-EJLFL","Two year","109.05","68","No","stable"
"5939-SXWHM","Two year","26.3","48","No","stable"
"8152-UOBNY","One year","106.8","50","No","stable"
"7351-KYHQH","Month-to-month","64.95","7","No","medium risk"
"8263-OKETD","Month-to-month","68.9","20","No","medium risk"
"7643-RCHXS","Two year","19.35","63","No","stable"
"8246-SHFGA","Month-to-month","21.1","17","No","medium risk"
"8387-MOJJT","Month-to-month","77.95","42","Yes","churned"
"0620-XEFWH","Month-to-month","18.85","4","No","medium risk"
"6485-QXWWE","Two year","26","62","No","stable"
"2761-OCIAX","Month-to-month","74.7","2","Yes","churned"
"7321-VGNKU","Month-to-month","70.35","2","No","medium risk"
"5327-CNLUQ","Two year","96.9","48","No","stable"
"7552-KEYGT","Two year","19.55","27","No","stable"
"5816-JMLGY","Two year","80.4","70","No","stable"
"3068-OMWZA","Month-to-month","88.8","1","Yes","churned"
"2927-QRRQV","One year","94.65","46","No","stable"
"6032-KRXXO","Month-to-month","90.25","30","Yes","churned"
"7459-RRWQZ","Month-to-month","64.65","15","Yes","churned"
"6265-SXWBU","One year","95.75","69","No","stable"
"7941-RCJOW","Two year","19.55","65","No","stable"
"6374-NTQLP","Two year","104.1","72","No","stable"
"4154-AQUGT","Month-to-month","89.05","13","Yes","churned"
"2387-KDZQY","One year","20.1","17","No","stable"
"3584-WKTTW","One year","111.55","51","No","stable"
"3399-BMLVW","Two year","60.5","51","No","stable"
"1971-DTCZB","Two year","90.95","72","No","stable"
"3092-IGHWF","One year","87.4","67","Yes","churned"
"3374-PZLXD","Month-to-month","19.7","34","No","medium risk"
"3813-DHBBB","Two year","50.95","67","No","stable"
"2812-REYAT","One year","20.05","49","No","stable"
"6518-PPLMZ","Two year","19.4","53","No","stable"
"4939-KYYPY","Month-to-month","59.45","27","No","medium risk"
"8017-LXHFA","Month-to-month","94.75","23","Yes","churned"
"5930-GBIWP","Two year","81.5","69","No","stable"
"6022-KOUQO","Month-to-month","29.05","2","No","medium risk"
"6352-TWCAU","Month-to-month","86.45","35","Yes","churned"
"2361-UPSND","One year","70.6","46","No","stable"
"6035-RIIOM","Two year","97.2","54","No","stable"
"2929-QNSRW","One year","98.25","56","Yes","churned"
"1262-OPMFY","Month-to-month","75.75","9","Yes","churned"
"9504-DSHWM","Month-to-month","59.2","20","No","medium risk"
"5035-BVCXS","Month-to-month","75.9","11","No","medium risk"
"6267-DCFFZ","Month-to-month","90.05","30","No","medium risk"
"3533-UVMOM","Two year","70.95","68","No","stable"
"2439-LYPMQ","Month-to-month","102.6","38","No","medium risk"
"4248-QPAVC","Month-to-month","85.35","17","Yes","churned"
"1899-VXWXM","One year","106.1","48","Yes","churned"
"1478-VPOAD","Month-to-month","43.8","1","No","medium risk"
"9995-HOTOH","Two year","59","63","No","stable"
"2988-PLAHS","One year","69.95","3","No","stable"
"1371-OJCEK","One year","24.35","48","No","stable"
"4999-IEZLT","One year","29.45","66","No","stable"
"8883-ANODQ","Two year","84.4","68","No","stable"
"4690-LLKUA","Month-to-month","45.05","17","Yes","churned"
"2351-RRBUE","One year","20.65","7","No","stable"
"5980-BDHPY","Two year","87.1","72","No","stable"
"1498-DQNRX","Month-to-month","19.85","29","No","medium risk"
"9469-WEJBT","Month-to-month","90.35","37","No","medium risk"
"3331-HQDTW","Month-to-month","109.8","34","Yes","churned"
"9490-DFPMD","Month-to-month","84.65","42","Yes","churned"
"2581-VKIRT","One year","65.5","59","No","stable"
"5442-XSDCW","Month-to-month","79.5","11","Yes","churned"
"7426-WEIJX","Month-to-month","80.95","60","No","medium risk"
"2851-MMUTZ","Month-to-month","56.15","27","No","medium risk"
"3049-NDXFL","Month-to-month","85.8","1","Yes","churned"
"8580-AECUZ","Month-to-month","79.1","1","Yes","churned"
"3307-TLCUD","Month-to-month","34.4","17","No","medium risk"
"6625-FLENO","Two year","20.75","58","No","stable"
"2967-MXRAV","One year","18.8","1","No","stable"
"7963-GQRMY","Month-to-month","44.3","3","Yes","churned"
"8189-HBVRW","Month-to-month","90.8","53","No","medium risk"
"4163-KIUHY","Month-to-month","25.6","35","No","medium risk"
"1228-FZFRV","Month-to-month","105.95","50","Yes","churned"
"3500-NSDOA","Two year","70.8","68","No","stable"
"1171-TYKUR","Month-to-month","25.4","47","No","medium risk"
"3761-FLYZI","Month-to-month","108.8","65","No","medium risk"
"2058-DCJBE","Month-to-month","69.75","5","Yes","churned"
"5364-XYIRR","Month-to-month","94.65","51","Yes","churned"
"4829-AUOAX","Month-to-month","96.05","46","Yes","churned"
"1219-NNDDO","Month-to-month","76.85","9","No","medium risk"
"8388-DMKAE","Two year","20.25","8","No","stable"
"4403-BWPAY","One year","24.8","14","No","stable"
"9659-QEQSY","Month-to-month","115.65","45","No","medium risk"
"5405-ZMYXQ","Month-to-month","74.6","8","No","medium risk"
"5047-LHVLY","Month-to-month","50.15","1","Yes","churned"
"1442-OKRJE","One year","103.15","66","No","stable"
"4737-AQCPU","Two year","72.1","72","No","stable"
"9158-VCTQB","Month-to-month","113.6","41","Yes","churned"
"2808-CHTDM","Two year","25.1","23","No","stable"
"6311-UEUME","Month-to-month","78.9","29","Yes","churned"
"0793-TWELN","Month-to-month","80.15","4","No","high risk"
"3283-WCWXT","Two year","25.4","6","No","stable"
"1060-ENTOF","One year","105.4","67","No","stable"
"0999-QXNSA","Month-to-month","45.75","7","No","medium risk"
"5451-MHQOF","One year","24.45","56","No","stable"
"4836-WNFNO","Two year","25","72","No","stable"
"9225-BZLNZ","Two year","85.25","72","No","stable"
"0354-VXMJC","Two year","19.6","23","No","stable"
"4422-QVIJA","Month-to-month","50.15","35","No","medium risk"
"9365-SRSZE","Month-to-month","70.55","27","No","medium risk"
"6839-ITVZJ","Month-to-month","60.05","26","Yes","churned"
"8332-OSJDW","One year","26.4","12","No","stable"
"4735-BJKOU","Two year","20.15","40","No","stable"
"0274-JKUJR","Month-to-month","58.85","7","No","medium risk"
"5740-YHGTW","Month-to-month","97.55","70","No","medium risk"
"8917-SZTTJ","Two year","19.65","60","No","stable"
"1696-MZVAU","One year","25.25","39","No","stable"
"7359-WWYJV","Two year","114.45","72","No","stable"
"0375-HVGXO","Month-to-month","34.7","1","Yes","churned"
"4906-ZHGPK","One year","70.7","54","No","stable"
"8593-WHYHV","Month-to-month","85.3","3","Yes","churned"
"3795-GWTRD","Two year","75.55","63","No","stable"
"1298-PHBTI","Two year","84.8","71","No","stable"
"6223-DHJGV","One year","20.65","42","No","stable"
"6961-MJKBO","Two year","20.45","47","No","stable"
"6097-EQISJ","One year","102.45","66","Yes","churned"
"4423-YLHDV","Month-to-month","104.4","21","Yes","churned"
"8158-WPEZG","Month-to-month","35.65","11","No","medium risk"
"0107-YHINA","Month-to-month","99.75","1","Yes","churned"
"4918-FYJNT","Month-to-month","90.45","55","No","medium risk"
"0727-BNRLG","Two year","97.65","69","No","stable"
"4854-CIDCF","Month-to-month","73.85","3","No","medium risk"
"8640-SDGKB","Month-to-month","74.4","4","Yes","churned"
"3280-MRDOF","Two year","69.1","30","No","stable"
"6435-SRWBJ","Month-to-month","82.75","5","No","high risk"
"9964-WBQDJ","Two year","24.4","71","No","stable"
"6303-KFWSL","One year","55.25","29","No","stable"
"1702-CCFNJ","Month-to-month","61.35","52","No","medium risk"
"8932-CZHRQ","One year","76.75","68","No","stable"
"0386-CWRGM","Two year","19.4","46","No","stable"
"5515-RUGKN","Month-to-month","54.75","8","No","medium risk"
"0404-AHASP","Two year","19.7","72","No","stable"
"7279-NMVJC","One year","19.9","17","No","stable"
"2081-VEYEH","Month-to-month","107.95","3","No","high risk"
"6407-UTSLV","Month-to-month","83.8","2","No","high risk"
"4116-TZAQJ","Month-to-month","74.25","9","Yes","churned"
"9060-HJJRW","One year","56.4","51","No","stable"
"2587-YNLES","Two year","20.1","6","No","stable"
"7398-SKNQZ","Month-to-month","94.9","3","No","high risk"
"5935-FCCNB","Month-to-month","94.2","17","No","medium risk"
"1958-RNRKS","Month-to-month","49.9","30","No","medium risk"
"5136-RGMZO","Month-to-month","71.05","31","No","medium risk"
"8345-MVDYC","Two year","81.65","45","No","stable"
"8226-BXGES","One year","89.45","64","No","stable"
"3877-JRJIP","Month-to-month","59.85","1","Yes","churned"
"8375-DKEBR","Month-to-month","69.6","1","Yes","churned"
"9705-IOVQQ","One year","99","61","No","stable"
"1015-OWJKI","Month-to-month","19.05","1","No","medium risk"
"7511-YMXVQ","Month-to-month","45.4","9","Yes","churned"
"2040-XBAVJ","Two year","114.45","72","No","stable"
"7551-JOHTI","Month-to-month","19.5","1","Yes","churned"
"8887-IPQNC","Month-to-month","44.25","7","No","medium risk"
"8646-JCOMS","One year","90.55","66","No","stable"
"9804-ICWBG","Month-to-month","69.9","1","Yes","churned"
"1222-KJNZD","Month-to-month","20.4","40","No","medium risk"
"0106-GHRQR","Month-to-month","71.4","16","No","medium risk"
"5318-IXUZF","Month-to-month","87.15","2","Yes","churned"
"3768-VHXQO","Two year","24.85","67","No","stable"
"8952-WCVCD","One year","104.45","41","No","stable"
"2418-TPEUN","Two year","19.8","56","No","stable"
"3963-RYFNS","Two year","116.45","72","No","stable"
"3198-VELRD","Month-to-month","84.75","3","Yes","churned"
"8540-ZQGEA","Two year","20.05","54","No","stable"
"1320-REHCS","Month-to-month","110.75","52","No","medium risk"
"4137-JOPHL","Two year","89.7","50","No","stable"
"9436-ZBZCT","Month-to-month","89.95","14","Yes","churned"
"7801-CEDNV","One year","48.7","27","No","stable"
"2057-BOYKM","Two year","96.6","72","No","stable"
"3658-QQJYD","One year","74.3","62","No","stable"
"1803-BGNBD","Month-to-month","54.3","12","No","medium risk"
"0134-XWXCE","One year","74.85","44","No","stable"
"6950-TWMYB","Two year","79.95","54","No","stable"
"5848-FHRFC","Two year","20.05","68","No","stable"
"2243-FNMMI","Month-to-month","19.4","20","No","medium risk"
"2511-MORQY","One year","54.9","50","No","stable"
"5356-KZCKT","Two year","24.45","58","No","stable"
"9470-XCCEM","Month-to-month","89.65","35","No","medium risk"
"6519-CFDBX","Month-to-month","45.4","2","No","medium risk"
"3902-MIVLE","Two year","75.7","63","No","stable"
"0409-WTMPL","One year","110.65","58","No","stable"
"8763-KIAFH","One year","20.55","27","No","stable"
"3669-WHAFY","Two year","115.15","71","No","stable"
"3055-VTCGS","One year","58.55","63","No","stable"
"3144-KMTWZ","Month-to-month","93.25","71","No","medium risk"
"7279-BUYWN","Month-to-month","113.2","41","Yes","churned"
"7156-MHUGY","Month-to-month","90.5","13","Yes","churned"
"7198-GLXTC","Month-to-month","79","2","Yes","churned"
"2007-QVGAW","Two year","19.35","68","No","stable"
"5207-PLSTK","Month-to-month","48.75","1","No","medium risk"
"2307-FYNNL","Two year","109.05","65","No","stable"
"5605-XNWEN","Two year","25","72","No","stable"
"2155-AMQRX","Month-to-month","54.9","28","No","medium risk"
"6181-AXXYF","Two year","24.75","72","No","stable"
"5091-HFAZW","Month-to-month","91.15","2","No","high risk"
"0516-VRYBW","One year","20.15","18","Yes","churned"
"2519-LBNQL","One year","104.35","60","No","stable"
"8623-ULFNQ","Month-to-month","66.05","26","No","medium risk"
"8380-PEFPE","Month-to-month","71.65","1","Yes","churned"
"5687-DKDTV","Month-to-month","20.35","4","Yes","churned"
"1568-LJSZU","Two year","92.2","68","No","stable"
"7530-HDYDS","Month-to-month","84.25","38","Yes","churned"
"7789-HKSBS","One year","105.2","42","No","stable"
"7416-CKTEP","Two year","19.6","57","No","stable"
"2586-CWXVV","Month-to-month","30.4","54","No","medium risk"
"3096-IZETN","Month-to-month","78.1","12","Yes","churned"
"2348-KCJLT","One year","61.5","44","No","stable"
"8401-EMUWF","Month-to-month","69.4","42","No","medium risk"
"4193-IBKSW","Two year","24.75","72","No","stable"
"5377-NDTOU","Two year","91.05","71","No","stable"
"5922-ABDVO","Month-to-month","89.65","19","Yes","churned"
"2474-LCNUE","Month-to-month","73.65","23","No","medium risk"
"0839-QNXME","Two year","19.4","30","No","stable"
"3506-OVLKD","One year","26.2","35","No","stable"
"9172-ANCRX","Month-to-month","98.7","10","Yes","churned"
"6650-VJONK","Month-to-month","43.85","1","No","medium risk"
"2178-PMGCJ","Month-to-month","69.7","22","No","medium risk"
"7492-TAFJD","Two year","38.55","7","No","stable"
"2773-MADBQ","Two year","53.1","36","No","stable"
"6016-LVTJQ","Month-to-month","20.65","34","No","medium risk"
"7860-KSUGX","Two year","64.45","72","No","stable"
"8966-KZXXA","Two year","25.1","36","No","stable"
"6910-HADCM","Month-to-month","76.35","1","Yes","churned"
"4816-LXZYW","Month-to-month","79.15","23","Yes","churned"
"9606-PBKBQ","Month-to-month","85","32","Yes","churned"
"5149-QYTTU","One year","95.15","71","No","stable"
"2070-XYMFH","Month-to-month","79.35","23","No","medium risk"
"2085-BOJKI","One year","96.65","17","No","stable"
"0817-HSUSE","Month-to-month","75.5","1","No","medium risk"
"5442-PPTJY","Two year","19.7","12","No","stable"
"1927-QEWMY","Two year","20.5","72","No","stable"
"1663-MHLHE","Month-to-month","19.2","1","No","medium risk"
"5663-QBGIS","Two year","98.35","72","No","stable"
"4450-MDZFX","Month-to-month","74.35","60","No","medium risk"
"6701-DHKWQ","Two year","51.35","61","No","stable"
"7554-AKDQF","Month-to-month","45.65","6","No","medium risk"
"3536-IQCTX","Month-to-month","85.3","32","Yes","churned"
"4911-BANWH","Month-to-month","86.55","31","Yes","churned"
"8496-EJAUI","Month-to-month","73.85","19","Yes","churned"
"0794-YVSGE","Two year","20.3","72","No","stable"
"5423-BHIXO","Month-to-month","54.2","32","No","medium risk"
"6908-VVYHM","Month-to-month","90.65","65","No","medium risk"
"2959-EEXWB","Month-to-month","50.9","45","No","medium risk"
"1839-UMACK","One year","25.05","42","No","stable"
"3030-YDNRM","Month-to-month","74.85","8","No","medium risk"
"7321-KKSDU","Two year","20.5","32","No","stable"
"3402-XRIUO","Month-to-month","63.55","22","No","medium risk"
"3132-TVFDZ","Month-to-month","44.85","57","Yes","churned"
"8286-AFUYI","Month-to-month","47.95","1","No","medium risk"
"8080-DDEMJ","Month-to-month","45.1","1","Yes","churned"
"8356-WUAOJ","Month-to-month","45","1","No","medium risk"
"6365-MTGZX","Month-to-month","96","24","Yes","churned"
"1349-WXNGG","Month-to-month","20.05","1","Yes","churned"
"8058-DMYRU","Month-to-month","90.05","54","No","medium risk"
"9350-ZXYJC","Two year","25.3","4","No","stable"
"6990-YNRIO","Two year","108.65","65","Yes","churned"
"8958-JPTRR","One year","24.3","56","No","stable"
"6959-GQEGV","Month-to-month","75.95","45","No","medium risk"
"3173-WSSUE","Two year","19.7","71","No","stable"
"1265-HVPZB","One year","66.4","59","No","stable"
"4115-UMJFQ","One year","35.75","69","No","stable"
"7369-TRPFD","One year","18.8","19","No","stable"
"1098-KFQEC","Two year","19.4","55","No","stable"
"7190-XHTWJ","One year","19.3","38","No","stable"
"0621-TWIEM","Month-to-month","45.55","10","Yes","churned"
"3537-RYBHH","Month-to-month","67.45","47","No","medium risk"
"2485-ITVKB","Month-to-month","35.1","2","Yes","churned"
"3669-OYSJI","Month-to-month","46.2","1","Yes","churned"
"1612-EOHDH","Month-to-month","45.15","1","Yes","churned"
"6702-OHFWR","Month-to-month","43.3","1","Yes","churned"
"5296-BFCYD","Two year","20.1","46","No","stable"
"4510-PYUSH","Month-to-month","57.15","38","Yes","churned"
"9359-JANWS","Two year","58.9","65","No","stable"
"7517-SAWMO","Month-to-month","73.2","19","Yes","churned"
"4143-HHPMK","Month-to-month","85.35","52","Yes","churned"
"3279-DYZQM","Two year","19.45","71","No","stable"
"7054-LGEQW","Month-to-month","45.95","1","Yes","churned"
"0523-VNGTF","Month-to-month","50.5","52","No","medium risk"
"9575-IWCAZ","One year","25.1","6","No","stable"
"7105-MXJLL","One year","60.7","26","No","stable"
"7064-FRRSW","One year","99","48","No","stable"
"7940-UQQUG","One year","104.4","64","No","stable"
"0923-PNFUB","Month-to-month","83.75","3","Yes","churned"
"3961-SXAXY","Month-to-month","44.05","1","No","medium risk"
"7010-BRBUU","Two year","24.1","72","No","stable"
"3566-HJGPK","Month-to-month","45.55","1","No","medium risk"
"3062-ICYZQ","Month-to-month","93.8","51","No","medium risk"
"9938-PRCVK","Two year","19.7","41","No","stable"
"0973-KYVNF","Two year","70.65","72","No","stable"
"5129-HHMZC","Two year","86.45","43","No","stable"
"9637-CDTKZ","Two year","114.1","72","No","stable"
"3946-JEWRQ","One year","95.2","47","No","stable"
"7873-CVMAW","Two year","88.55","72","No","stable"
"0463-WZZKO","Month-to-month","20.75","3","No","medium risk"
"3494-JCHRQ","Month-to-month","70.05","1","Yes","churned"
"6474-FVJLC","Month-to-month","86","2","Yes","churned"
"4524-QCSSM","Month-to-month","44.65","26","No","medium risk"
"5832-EXGTT","Month-to-month","60.2","29","No","medium risk"
"8840-DQLGN","Month-to-month","100.5","35","Yes","churned"
"2039-JONDJ","One year","55.45","27","No","stable"
"7217-JYHOQ","Month-to-month","70.3","24","No","medium risk"
"6695-FRVEC","Two year","60.4","67","No","stable"
"4547-LYTDD","Month-to-month","72.65","16","Yes","churned"
"9894-QMIMJ","One year","55.8","23","No","stable"
"8069-YQQAJ","Month-to-month","31.1","14","No","medium risk"
"6770-XUAGN","Month-to-month","21","1","Yes","churned"
"4193-ORFCL","Month-to-month","45.1","1","Yes","churned"
"1636-NTNCO","Month-to-month","50.95","4","No","medium risk"
"3466-WAESX","Month-to-month","69.1","16","No","medium risk"
"9281-PKKZE","Month-to-month","43.95","46","No","medium risk"
"3638-VBZTA","Two year","86.5","68","No","stable"
"7459-IMVYU","Month-to-month","69.95","38","No","medium risk"
"7776-QWNFX","Month-to-month","50.4","30","Yes","churned"
"6689-TCZHQ","Month-to-month","78.95","5","Yes","churned"
"8563-OYMQY","Month-to-month","90.95","17","No","medium risk"
"0754-EEBDC","Two year","19.9","4","No","stable"
"5777-ZPQNC","One year","20.15","12","No","stable"
"1951-IEYXM","Two year","90.6","72","No","stable"
"3318-NMQXL","Month-to-month","92","3","No","high risk"
"3143-ILDAL","Month-to-month","94.45","56","Yes","churned"
"1022-RKXDR","One year","24.85","41","No","stable"
"2361-FJWNO","One year","36","40","No","stable"
"2272-UOINI","Month-to-month","78.5","7","No","medium risk"
"8232-UTFOZ","Two year","19.95","69","No","stable"
"3750-YHRYO","One year","20.65","7","No","stable"
"6637-KYRCV","Month-to-month","30.5","5","No","medium risk"
"5668-MEISB","Two year","106.1","72","No","stable"
"0129-QMPDR","One year","20.5","44","No","stable"
"7188-CBBBA","One year","95.5","65","No","stable"
"5356-CSVSQ","Month-to-month","64.6","3","No","medium risk"
"3221-CJMSG","Month-to-month","51.1","24","No","medium risk"
"4720-VSTSI","Month-to-month","84.8","44","Yes","churned"
"3219-JQRSL","Two year","89.1","72","No","stable"
"2801-NISEI","Month-to-month","54.95","24","No","medium risk"
"3946-MHCZW","Month-to-month","50.9","1","Yes","churned"
"4623-ZKHLY","Month-to-month","20.45","22","No","medium risk"
"6732-VAILE","Two year","85.95","70","No","stable"
"8201-AAXCB","Month-to-month","60.35","25","No","medium risk"
"7696-CFTAT","Two year","19.8","37","No","stable"
"1845-CSBRZ","Month-to-month","85.35","22","No","medium risk"
"2123-VSCOT","Two year","72.1","59","No","stable"
"6651-AZVTJ","Month-to-month","99.8","49","Yes","churned"
"4566-GOLUK","Month-to-month","107.35","47","Yes","churned"
"2484-DGXPZ","Month-to-month","19.55","31","Yes","churned"
"2018-QKYGT","Month-to-month","81.05","1","No","high risk"
"2792-VPPET","Month-to-month","20.5","3","No","medium risk"
"7409-JURKQ","One year","111.8","53","No","stable"
"3247-MHJKM","Month-to-month","20.2","1","No","medium risk"
"1964-SVLEA","One year","19.7","20","No","stable"
"4587-NUKOX","Month-to-month","79.1","3","Yes","churned"
"7297-DVYGA","One year","19.85","51","No","stable"
"2239-CGBUZ","One year","60.5","51","No","stable"
"0854-UYHZD","Two year","19.55","13","No","stable"
"7243-LCGGZ","Month-to-month","20.9","1","No","medium risk"
"8267-KFGYD","Month-to-month","21.05","1","No","medium risk"
"4890-VMUAV","One year","71.5","63","No","stable"
"9261-WDCAF","Month-to-month","54.65","3","No","medium risk"
"3764-MNMOI","Two year","19.2","46","No","stable"
"7442-YGZFK","Month-to-month","49.8","1","No","medium risk"
"0420-BWTPW","Month-to-month","25.5","8","Yes","churned"
"8229-BUJHX","Two year","20.5","71","No","stable"
"7449-HVPIV","Month-to-month","90.4","55","No","medium risk"
"5504-WSIUR","One year","90.25","70","No","stable"
"8183-ONMXC","Month-to-month","80.75","2","Yes","churned"
"8466-PZBLH","Two year","104.6","67","No","stable"
"9614-RMGHA","Month-to-month","91.85","65","Yes","churned"
"8735-IJJEG","Month-to-month","50.2","14","No","medium risk"
"0564-MUUQK","Month-to-month","95.5","20","No","medium risk"
"5054-IEXZT","Month-to-month","75.35","1","Yes","churned"
"5834-ASPWA","Month-to-month","75.45","1","Yes","churned"
"0701-RFGFI","Month-to-month","95.4","49","No","medium risk"
"0019-EFAEP","Two year","101.3","72","No","stable"
"5619-PTMIK","Month-to-month","53.1","46","No","medium risk"
"3737-XBQDD","Month-to-month","84.85","24","No","medium risk"
"5882-CMAZQ","Month-to-month","34.25","5","No","medium risk"
"5846-QFDFI","Month-to-month","88.6","33","No","medium risk"
"4445-KWOKW","One year","60.15","42","No","stable"
"3511-APPBJ","One year","99.95","23","No","stable"
"7967-HYCDE","Month-to-month","70.7","8","No","medium risk"
"2430-RRYUW","One year","54.8","66","No","stable"
"3948-XHGNA","Month-to-month","49.55","24","Yes","churned"
"3723-BFBGR","Month-to-month","54.8","24","No","medium risk"
"0565-IYCGT","One year","78.6","69","Yes","churned"
"5447-WZAFP","One year","100.3","53","No","stable"
"5110-CHOPY","Two year","53.6","60","No","stable"
"5445-UTODQ","Month-to-month","81.1","7","Yes","churned"
"4425-OWHWB","One year","19.35","20","No","stable"
"7892-QVYKW","Month-to-month","85.6","23","No","medium risk"
"9675-ICXCT","Two year","80.8","72","No","stable"
"1024-VRZHF","Month-to-month","74.95","11","Yes","churned"
"4703-MQYKT","Two year","19.6","21","No","stable"
"9497-QCMMS","Month-to-month","93.55","1","Yes","churned"
"5692-ICXLW","Month-to-month","90.7","31","No","medium risk"
"0602-DDUML","Two year","69.75","57","No","stable"
"2208-MPXIO","Two year","20","45","No","stable"
"1960-UYCNN","Month-to-month","95.25","10","No","high risk"
"0348-SDKOL","Month-to-month","102.1","58","Yes","churned"
"3190-FZATL","Month-to-month","19.95","14","No","medium risk"
"7336-RLLRH","One year","80.85","27","No","stable"
"4373-MAVJG","Month-to-month","90.9","14","Yes","churned"
"8901-HJXTF","Month-to-month","29.2","12","Yes","churned"
"7710-JSYOA","Two year","93.3","69","No","stable"
"5419-KLXBN","Month-to-month","89.15","25","Yes","churned"
"3424-NMNBO","One year","108.85","58","Yes","churned"
"9885-MFVSU","Two year","46.35","35","No","stable"
"4514-GFCFI","Month-to-month","84.75","16","Yes","churned"
"0607-MVMGC","One year","78.75","45","No","stable"
"3365-SAIGS","Month-to-month","83.55","17","No","medium risk"
"9828-AOQLM","Month-to-month","45.7","1","Yes","churned"
"8022-BECSI","One year","19.6","22","No","stable"
"8000-REIQB","Month-to-month","69.95","1","Yes","churned"
"9993-LHIEB","Two year","67.85","67","No","stable"
"0266-CLZKZ","Two year","105.65","67","No","stable"
"7615-ESMYF","Month-to-month","44.6","2","Yes","churned"
"3858-VOBET","Month-to-month","74.95","23","Yes","churned"
"7020-OZKXZ","Month-to-month","75.5","9","No","medium risk"
"3977-QCRSL","Month-to-month","20.15","5","No","medium risk"
"0017-DINOC","Two year","45.2","54","No","stable"
"1447-PJGGA","Two year","95.25","57","Yes","churned"
"8565-CLBZW","Month-to-month","89.85","24","Yes","churned"
"9139-WQQDY","One year","100.45","49","Yes","churned"
"0224-HJAPT","Month-to-month","47.15","5","Yes","churned"
"8086-OVPWV","Month-to-month","80.2","2","Yes","churned"
"9430-FRQOC","Month-to-month","87.1","4","Yes","churned"
"7639-OPLNG","Two year","79.25","70","No","stable"
"3074-GQWYX","Month-to-month","75.9","5","Yes","churned"
"1492-QGCLU","Month-to-month","85.7","53","No","medium risk"
"6845-RGTYS","Month-to-month","98.75","47","Yes","churned"
"7328-OWMOM","One year","20.1","31","No","stable"
"4418-LZMSV","Month-to-month","61.8","13","No","medium risk"
"5155-AZQPB","Month-to-month","49.9","28","No","medium risk"
"8861-HGGKB","Month-to-month","86.45","10","Yes","churned"
"1087-GRUYI","Two year","20.4","38","No","stable"
"7065-YUNRY","Month-to-month","45.3","1","Yes","churned"
"7694-VLBWQ","One year","104.1","67","Yes","churned"
"2546-KZAAT","One year","75.4","52","No","stable"
"0181-RITDD","Two year","108.15","62","No","stable"
"5989-PGKJB","Month-to-month","86.25","16","No","medium risk"
"4795-KTRTH","Month-to-month","81","5","Yes","churned"
"8272-ONJLV","One year","95.7","12","No","stable"
"1488-PBLJN","Two year","116.85","72","No","stable"
"0308-GIQJT","One year","105.75","71","No","stable"
"3778-FOAQW","One year","20.15","24","No","stable"
"4452-ROHMO","Two year","19.6","15","No","stable"
"6481-OGDOO","One year","90.6","67","Yes","churned"
"3090-LETTY","Month-to-month","60.95","2","No","medium risk"
"5349-AZPEW","Month-to-month","25.05","5","No","medium risk"
"3753-TSEMP","Month-to-month","88.15","15","Yes","churned"
"8305-VHZBZ","Month-to-month","20.2","1","Yes","churned"
"9720-JJJOR","One year","60.3","41","No","stable"
"8100-HZZLJ","Month-to-month","63.95","43","No","medium risk"
"8775-ERLNB","Month-to-month","74.3","1","No","medium risk"
"8309-IEYJD","Month-to-month","70.6","1","No","medium risk"
"9172-JITSM","Month-to-month","90.8","26","Yes","churned"
"6298-QDFNH","Month-to-month","79.35","22","Yes","churned"
"7398-HPYZQ","Two year","90.55","71","No","stable"
"3546-GHEAE","Two year","19.45","7","No","stable"
"7361-YPXFS","Month-to-month","64.45","28","No","medium risk"
"6557-BZXLQ","Month-to-month","69.65","16","No","medium risk"
"2550-QHZGP","One year","19.5","7","No","stable"
"7519-JTWQH","Two year","110.5","69","No","stable"
"2538-OIMXF","Month-to-month","24.7","1","No","medium risk"
"8543-MSDMF","Month-to-month","77.4","3","No","medium risk"
"9961-JBNMK","Month-to-month","96.8","21","Yes","churned"
"1170-SASML","Month-to-month","85.4","69","No","medium risk"
"4872-JCVCA","Two year","47.6","71","No","stable"
"5346-BZCHP","Two year","19.4","69","No","stable"
"2038-LLMLM","Month-to-month","103.85","48","No","medium risk"
"6173-ITPWD","Month-to-month","83.35","47","Yes","churned"
"9734-UYXQI","Month-to-month","49.4","2","Yes","churned"
"1216-BGTSP","Month-to-month","108.45","45","No","medium risk"
"4138-NAXED","Month-to-month","81","51","No","medium risk"
"2189-UXTKY","Month-to-month","79.2","22","Yes","churned"
"0744-BIKKF","Two year","86.65","72","No","stable"
"7483-IQWIB","Month-to-month","92.95","37","No","medium risk"
"5248-KWLAR","Two year","90.35","71","No","stable"
"4958-GZWIY","Month-to-month","48.7","7","Yes","churned"
"7996-MHXLW","Two year","25.15","66","No","stable"
"7833-PKIHD","One year","76.4","51","No","stable"
"7061-OVMIM","One year","19.55","30","No","stable"
"5153-RTHKF","Month-to-month","85.35","34","No","medium risk"
"1852-QSWCD","Two year","24.8","64","No","stable"
"4832-VRBMR","One year","103.15","65","No","stable"
"9079-LWTFD","Month-to-month","100.75","47","No","medium risk"
"6356-ELRKD","Month-to-month","95.6","1","Yes","churned"
"8624-GIOUT","Month-to-month","59.75","49","Yes","churned"
"3392-EHMNK","Two year","94.1","67","No","stable"
"5986-WWXDV","One year","19.35","39","No","stable"
"3061-BCKYI","Month-to-month","19.9","14","No","medium risk"
"6179-GJPSO","Month-to-month","108.15","43","Yes","churned"
"7901-TBKJX","Month-to-month","101.05","56","No","medium risk"
"7228-PAQPD","One year","59.1","14","No","stable"
"3177-LASXD","Month-to-month","71.35","1","Yes","churned"
"7746-QYVCO","One year","55.85","16","No","stable"
"5804-HYIEZ","Month-to-month","106.05","70","No","medium risk"
"9919-FZDED","Two year","84.1","72","No","stable"
"5934-TSSAU","Month-to-month","75.3","23","No","medium risk"
"3486-KHMLI","Month-to-month","24.7","21","No","medium risk"
"4897-QSUYC","Month-to-month","20.15","1","Yes","churned"
"1084-UQCHV","Month-to-month","69.75","1","Yes","churned"
"8290-YWKHZ","Month-to-month","93.2","32","Yes","churned"
"2955-BJZHG","Month-to-month","80.85","17","Yes","churned"
"3806-DXQOM","Month-to-month","33.65","4","Yes","churned"
"6784-XYJAE","One year","55.8","36","No","stable"
"3933-DQPWX","Two year","39.7","50","No","stable"
"6661-EIPZC","Month-to-month","29.5","48","No","medium risk"
"8957-THMOA","Two year","20.15","50","No","stable"
"2251-PYLPB","Two year","79.55","72","No","stable"
"5555-RNPGT","Month-to-month","24.8","10","No","medium risk"
"1057-FOGLZ","Month-to-month","19.65","18","No","medium risk"
"9300-RENDD","Month-to-month","79.95","1","Yes","churned"
"0761-AETCS","Month-to-month","19.3","1","Yes","churned"
"8087-LGYHQ","Month-to-month","94.05","9","No","high risk"
"4137-BTIKL","Month-to-month","90.75","2","No","high risk"
"2190-BCXEC","Month-to-month","78.85","40","No","medium risk"
"6227-FBDXH","One year","99.5","69","No","stable"
"2153-MREFK","One year","99.2","37","Yes","churned"
"2911-WDXMV","Month-to-month","80.55","18","No","medium risk"
"7206-PQBBZ","Month-to-month","70.2","11","No","medium risk"
"3106-ULWFW","Month-to-month","85.2","8","Yes","churned"
"0925-VYDLG","Month-to-month","75.25","3","Yes","churned"
"4547-FZJWE","One year","59.45","55","No","stable"
"7422-WNBTY","Month-to-month","93.35","33","No","medium risk"
"0842-IWYCP","Month-to-month","44.95","46","No","medium risk"
"3521-HTQTV","Two year","26.1","34","No","stable"
"3744-ZBHON","Month-to-month","20.2","3","No","medium risk"
"3373-DIUUN","Two year","21.25","30","No","stable"
"8383-SGHJU","One year","59.4","33","No","stable"
"7607-QKKTJ","One year","95","45","No","stable"
"7707-PYBBH","Month-to-month","61.9","40","No","medium risk"
"8984-HPEMB","Two year","118.65","71","No","stable"
"4349-GFQHK","Month-to-month","54.35","1","Yes","churned"
"4139-DETXS","Two year","64.45","72","No","stable"
"9779-DPNEJ","Month-to-month","80.15","22","No","medium risk"
"9805-FILKB","One year","20.2","46","No","stable"
"5793-YOLJN","Two year","21","55","No","stable"
"0673-IGUQO","Month-to-month","20.45","1","No","medium risk"
"4123-FCVCB","One year","75.85","12","No","stable"
"8819-IMISP","Month-to-month","80.45","31","No","medium risk"
"7802-EFKNY","Month-to-month","24.95","5","Yes","churned"
"8311-UEUAB","Two year","75.5","67","No","stable"
"5858-EAFCZ","Month-to-month","44.45","1","No","medium risk"
"8035-BUYVG","One year","42.35","40","Yes","churned"
"1163-ONYEY","Month-to-month","74.55","41","No","medium risk"
"9787-XVQIU","Month-to-month","75.3","1","Yes","churned"
"8945-MUQUF","One year","94.8","51","Yes","churned"
"5656-MJEFC","Two year","48.15","42","No","stable"
"6082-OQFBA","One year","19.65","23","No","stable"
"8051-HJRLT","Month-to-month","70.55","1","Yes","churned"
"8974-OVACP","Month-to-month","20.15","1","No","medium risk"
"4010-YLMVT","Month-to-month","106.6","56","No","medium risk"
"1379-FRVEB","Month-to-month","91","15","No","medium risk"
"8612-GXIDD","Two year","25.4","12","No","stable"
"6288-CHQJB","Two year","69.95","54","No","stable"
"8160-HOWOX","Month-to-month","66.85","7","No","medium risk"
"3023-GFLBR","Month-to-month","86.15","33","Yes","churned"
"6648-INWPS","Month-to-month","20.15","16","No","medium risk"
"4223-BKEOR","One year","64.85","21","No","stable"
"4079-VTGLK","Two year","74.85","30","No","stable"
"1763-WQFUK","Month-to-month","50.5","3","No","medium risk"
"1391-UBDAR","Month-to-month","72.9","11","No","medium risk"
"8894-JVDCV","One year","115.05","62","No","stable"
"2023-VQFDL","Month-to-month","19","18","No","medium risk"
"1345-GKDZZ","Month-to-month","19.55","6","No","medium risk"
"2014-MKGMH","One year","101.1","46","No","stable"
"5628-FCGYG","Month-to-month","84.1","21","No","medium risk"
"2560-WBWXF","Two year","24.15","68","No","stable"
"0248-IPDFW","Month-to-month","50.1","1","No","medium risk"
"7978-DKUQH","Month-to-month","74.6","25","No","medium risk"
"4335-UPJSI","Two year","19.75","24","No","stable"
"0524-IAVZO","Month-to-month","85","30","Yes","churned"
"2737-YNGYW","Month-to-month","80.55","2","Yes","churned"
"1784-EZDKJ","One year","106.8","51","No","stable"
"9297-FVVDH","Two year","84.5","57","No","stable"
"8007-YYPWD","Two year","25.05","15","No","stable"
"7101-HRBLJ","Two year","83.7","72","No","stable"
"5159-YFPKQ","Month-to-month","75.8","2","Yes","churned"
"6635-CPNUN","Month-to-month","96.6","28","No","medium risk"
"4021-RQSNY","Month-to-month","98.5","29","Yes","churned"
"5453-YBTWV","Two year","101.1","70","No","stable"
"5039-LZRQT","One year","20.2","13","No","stable"
"2931-VUVJN","One year","94.05","59","No","stable"
"9061-TIHDA","Month-to-month","95.25","13","Yes","churned"
"8699-ASUFO","Month-to-month","74.4","7","Yes","churned"
"6418-PIQSP","Two year","81","62","No","stable"
"8220-OCUFY","One year","60.25","21","No","stable"
"3995-WFCSM","Month-to-month","60.85","2","No","medium risk"
"1895-QTKDO","Month-to-month","43.95","1","No","medium risk"
"2038-OEQZH","Month-to-month","86.05","4","No","high risk"
"1178-PZGAB","One year","20.25","19","No","stable"
"7927-AUXBZ","Month-to-month","85.15","30","Yes","churned"
"2626-VEEWG","Two year","19.4","67","No","stable"
"2878-RMWXY","Two year","102.65","72","No","stable"
"1657-DYMBM","Two year","19.9","53","No","stable"
"7311-MQJCH","One year","19.55","5","No","stable"
"7375-WMVMT","Two year","95.5","71","No","stable"
"1136-XGEQU","One year","84.15","50","No","stable"
"2530-FMFXO","Two year","103.2","56","No","stable"
"6844-DZKRF","Month-to-month","50.2","2","No","medium risk"
"4695-WJZUE","Month-to-month","88.55","2","Yes","churned"
"7619-ODSGN","Month-to-month","54.75","24","Yes","churned"
"5970-GHJAW","Two year","19.95","46","No","stable"
"8879-XUAHX","Two year","116.25","71","No","stable"
"3689-MOZGR","Month-to-month","31.2","29","No","medium risk"
"4195-PNGZS","Two year","24.45","69","No","stable"
"5003-XZWWO","Two year","84.2","71","No","stable"
"3988-RQIXO","Month-to-month","91.3","1","Yes","churned"
"7622-FWGEW","Two year","85.65","56","No","stable"
"6922-NCEDI","One year","21.2","56","No","stable"
"2514-GINMM","Month-to-month","79.5","1","Yes","churned"
"9891-NQDBD","One year","25.55","28","No","stable"
"6131-IUNXN","Month-to-month","20.2","19","No","medium risk"
"8548-AWOFC","Month-to-month","63.85","66","No","medium risk"
"9798-DRYDS","One year","61.95","17","No","stable"
"8532-UEFWH","Two year","25.75","52","No","stable"
"6296-DDOOR","One year","58.2","19","No","stable"
"7951-VRDVK","One year","85.85","36","No","stable"
"5931-FLJJF","Month-to-month","70.1","7","Yes","churned"
"4815-YOSUK","One year","104.9","72","No","stable"
"2659-VXMWZ","One year","111.3","67","Yes","churned"
"0380-NEAVX","One year","99.85","34","No","stable"
"3207-OYBWH","Month-to-month","95.25","57","Yes","churned"
"4285-GYRQC","Month-to-month","86.25","7","Yes","churned"
"7216-EWTRS","Month-to-month","100.8","1","Yes","churned"
"4365-MSDYN","Month-to-month","19.55","8","No","medium risk"
"7036-TYDEC","Two year","104","69","No","stable"
"5802-ADBRC","One year","104.4","50","No","stable"
"8076-FEZKJ","One year","19.5","10","No","stable"
"5197-YPYBZ","Two year","25.25","12","No","stable"
"8337-MSSXB","Month-to-month","86.3","14","Yes","churned"
"4312-GVYNH","Two year","49.85","70","No","stable"
"8495-LJDFO","Month-to-month","108.95","64","No","medium risk"
"0839-JTCUD","Two year","89.9","66","No","stable"
"5494-WOZRZ","Two year","82","71","No","stable"
"1302-UHBDD","Month-to-month","89.95","20","No","medium risk"
"2234-EOFPT","Two year","79.35","72","No","stable"
"8619-IJNDK","Two year","64.05","71","No","stable"
"8378-LKJAF","Month-to-month","101.15","38","No","medium risk"
"8182-BJDSI","Month-to-month","89.95","28","Yes","churned"
"2528-HFYZX","Month-to-month","76.45","17","Yes","churned"
"1153-GNOLC","One year","39.1","33","No","stable"
"3298-QEICA","Two year","34.6","23","No","stable"
"0788-DXBFY","One year","19.55","58","No","stable"
"3597-YASZG","Two year","104.45","70","No","stable"
"3496-LFSZU","Month-to-month","70.5","4","No","medium risk"
"5242-UOWHD","Two year","20.35","45","No","stable"
"2482-CZGBB","Month-to-month","70","10","Yes","churned"
"6479-SZPLM","Two year","19.45","36","No","stable"
"8097-VBQTZ","Month-to-month","69.9","54","No","medium risk"
"4500-HKANN","Two year","59.7","23","No","stable"
"9917-KWRBE","One year","78.35","41","No","stable"
"3420-ZDBMA","Month-to-month","71.45","5","No","medium risk"
"2212-LYASK","One year","45.85","27","No","stable"
"1393-IMKZG","Month-to-month","95.85","1","No","high risk"
"8069-RHUXK","Two year","35.7","67","No","stable"
"3398-GCPMU","Two year","89.55","72","No","stable"
"2908-WGAXL","Two year","24.95","56","No","stable"
"3378-AJRAO","One year","24.85","44","No","stable"
"1013-QCWAM","Month-to-month","100.8","66","No","medium risk"
"0866-QLSIR","One year","64.4","34","Yes","churned"
"6050-FFXES","Two year","105.35","69","No","stable"
"7181-BQYBV","Month-to-month","102.45","1","Yes","churned"
"0362-RAOQO","Two year","19.65","40","No","stable"
"9554-DFKIC","Month-to-month","54.45","30","No","medium risk"
"5527-ACHSO","Month-to-month","70.5","11","No","medium risk"
"0829-DDVLK","One year","20.1","15","No","stable"
"1399-UBQIU","Month-to-month","69.35","11","No","medium risk"
"1813-JLKWR","One year","19.8","64","No","stable"
"0336-PIKEI","Two year","74.4","72","No","stable"
"7322-OCWHC","Two year","93.05","72","No","stable"
"9537-VHDTA","Month-to-month","51.2","1","No","medium risk"
"4957-TIALW","One year","65.6","15","No","stable"
"2054-PJOCK","One year","80.55","60","No","stable"
"9150-HEPMB","One year","52.7","56","No","stable"
"9030-QGZNL","Two year","20.85","8","No","stable"
"6204-IEUXJ","Month-to-month","80.1","3","Yes","churned"
"3126-WQMGH","Month-to-month","52.15","49","No","medium risk"
"4529-CKBCL","Month-to-month","80.2","2","Yes","churned"
"2506-CLAKW","Month-to-month","98.15","6","Yes","churned"
"7176-WRTNX","Two year","114.95","70","No","stable"
"1583-IHQZE","Month-to-month","112.95","12","Yes","churned"
"5732-IKGQH","One year","104.45","52","No","stable"
"9239-GZHZE","Two year","113.65","72","No","stable"
"7205-BAIAD","Two year","20.6","40","No","stable"
"0151-ONTOV","Month-to-month","70.9","1","Yes","churned"
"4140-MUHUG","Month-to-month","86.85","3","Yes","churned"
"0093-EXYQL","Month-to-month","91.55","40","No","medium risk"
"8064-RAVOH","Month-to-month","49.85","1","No","medium risk"
"0219-QAERP","One year","19.8","30","No","stable"
"0320-JDNQG","Month-to-month","99.85","23","Yes","churned"
"7180-PISOG","Month-to-month","74.5","1","Yes","churned"
"9168-INPSZ","Month-to-month","104.15","44","No","medium risk"
"3571-RFHAR","Month-to-month","109.15","65","Yes","churned"
"0015-UOCOJ","Month-to-month","48.2","7","No","medium risk"
"5334-AFQJB","Two year","25.1","72","No","stable"
"2754-SDJRD","Month-to-month","100.15","8","No","high risk"
"9578-VRMNM","Month-to-month","65.2","16","Yes","churned"
"1587-FKLZB","Month-to-month","99.5","66","Yes","churned"
"6140-QNRQQ","Month-to-month","71.55","1","Yes","churned"
"8963-JLGJT","Month-to-month","55.9","3","No","medium risk"
"4307-KTUMW","Month-to-month","93.9","53","Yes","churned"
"1465-LNTLJ","Month-to-month","64.4","8","No","medium risk"
"5440-FLBQG","Two year","108.4","69","Yes","churned"
"2135-DQWAQ","Month-to-month","85.3","5","No","high risk"
"4056-QHXHZ","Two year","107.45","72","No","stable"
"7470-MCQTK","Month-to-month","48.75","13","Yes","churned"
"7488-MXJIV","Month-to-month","85.65","4","Yes","churned"
"7401-JIXNM","Two year","91.3","54","No","stable"
"9339-FIIJL","Two year","85.95","72","No","stable"
"2027-FECZV","Month-to-month","106.7","12","Yes","churned"
"2672-DZUOY","Month-to-month","25.15","1","Yes","churned"
"4706-DGAHW","Month-to-month","45.2","1","No","medium risk"
"3870-MQAMG","One year","110.35","54","Yes","churned"
"6670-MFRPK","Two year","79.2","69","No","stable"
"6177-PEVRA","Two year","55.5","48","No","stable"
"4800-CZMPC","One year","103.25","48","Yes","churned"
"4813-HQMGZ","Month-to-month","90.25","8","No","high risk"
"7579-KKLOE","Two year","91.25","71","No","stable"
"7377-DMMRI","Month-to-month","47.8","2","Yes","churned"
"8402-EIVQS","One year","100.9","67","No","stable"
"4947-DSMXK","Month-to-month","97.7","34","No","medium risk"
"7245-NIIWQ","Month-to-month","69.85","3","No","medium risk"
"0002-ORFBO","One year","65.6","9","No","stable"
"3324-OIRTO","One year","104.65","71","No","stable"
"5414-OFQCB","Two year","90.45","57","No","stable"
"4967-WPNCF","Two year","63.7","72","No","stable"
"8552-OBVRU","Month-to-month","104.5","48","No","medium risk"
"8499-BRXTD","One year","20.1","18","No","stable"
"9154-QDGTH","One year","104.3","43","No","stable"
"8197-BFWVU","Two year","93.25","72","No","stable"
"2577-GVSIL","One year","73.45","35","No","stable"
"9367-OIUXP","Month-to-month","20.7","4","No","medium risk"
"6770-UAYGJ","Two year","25.25","49","No","stable"
"6463-HHXJR","Two year","100.5","71","No","stable"
"7928-VJYAB","Month-to-month","90.6","11","No","high risk"
"1187-WILMM","Two year","89.4","63","No","stable"
"9776-OJUZI","Month-to-month","95.45","65","No","medium risk"
"1306-RPWXZ","Two year","20.45","49","No","stable"
"8949-JTMAY","Month-to-month","98.6","29","Yes","churned"
"2774-LVQUS","Month-to-month","83.05","15","Yes","churned"
"3097-PYWXL","Month-to-month","19.95","4","No","medium risk"
"2266-SJNAT","One year","109.15","72","No","stable"
"0869-PAPRP","Month-to-month","85.7","26","No","medium risk"
"4238-JSSWH","Month-to-month","102.05","35","No","medium risk"
"2972-YDYUW","One year","94.7","57","No","stable"
"1104-FEJAM","Month-to-month","64.4","28","No","medium risk"
"2809-ILCYT","One year","26.8","25","No","stable"
"5499-ECUTN","One year","66.05","47","No","stable"
"4981-FLTMF","Month-to-month","65.2","57","No","medium risk"
"9121-PHQSR","Month-to-month","85.05","16","No","medium risk"
"3113-IWHLC","Month-to-month","55.8","5","No","medium risk"
"3211-ILJTT","Month-to-month","70.4","17","Yes","churned"
"4612-THJBS","One year","104.75","56","Yes","churned"
"4277-BWBML","Two year","19.95","72","No","stable"
"4094-NSEDU","Month-to-month","94.25","21","Yes","churned"
"0234-TEVTT","One year","45","48","No","stable"
"4304-TSPVK","Two year","114.9","68","No","stable"
"1552-AAGRX","Month-to-month","106.4","30","No","medium risk"
"2637-FKFSY","Month-to-month","46.1","3","No","medium risk"
"9796-MVYXX","Two year","39.7","14","No","stable"
"7874-ECPQJ","Month-to-month","20.05","4","No","medium risk"
"0020-INWCK","Two year","95.75","71","No","stable"
"7089-RKVSZ","One year","24.4","8","No","stable"
"2683-JXWQQ","Month-to-month","33.6","61","No","medium risk"
"9548-ZMVTX","Two year","90.45","72","No","stable"
"8739-XNIKG","Month-to-month","84","5","No","high risk"
"9755-JHNMN","Two year","67.4","49","No","stable"
"3981-QSVQI","Month-to-month","19.7","8","No","medium risk"
"2789-HQBOU","Month-to-month","80.35","3","No","high risk"
"9424-CMPOG","Two year","19.6","9","No","stable"
"5067-WJEUN","Two year","54.2","67","No","stable"
"3450-WXOAT","Month-to-month","45.2","46","No","medium risk"
"9251-WNSOD","One year","75.1","67","No","stable"
"6974-DAFLI","One year","19.7","55","No","stable"
"2616-UUTFK","Month-to-month","72.75","33","No","medium risk"
"7064-JHXCE","Two year","20.05","62","No","stable"
"5103-MHMHY","Month-to-month","45.95","1","Yes","churned"
"7989-AWGEH","Month-to-month","39.2","49","No","medium risk"
"4373-VVHQL","Month-to-month","44.75","1","No","medium risk"
"4559-UWIHT","Month-to-month","82.65","14","No","medium risk"
"7268-IGMFD","Month-to-month","93.9","18","No","medium risk"
"1846-XWOQN","Month-to-month","70.15","1","Yes","churned"
"0235-KGSLC","Month-to-month","85.55","1","Yes","churned"
"6650-BWFRT","Two year","117.15","72","No","stable"
"9570-KYEUA","Two year","99.25","64","No","stable"
"6993-YGFJV","Two year","112.55","69","No","stable"
"2712-SYWAY","Month-to-month","25.7","1","No","medium risk"
"0730-BGQGF","Two year","90.3","71","No","stable"
"5498-IBWPI","One year","49.4","66","No","stable"
"9101-NTIXF","Month-to-month","19.4","2","No","medium risk"
"0013-SMEOE","Two year","109.7","71","No","stable"
"9314-QDMDW","One year","61.25","11","No","stable"
"9308-ANMVE","Month-to-month","55.3","47","No","medium risk"
"2884-GBPFB","Month-to-month","70.3","35","Yes","churned"
"3757-NJYBX","Month-to-month","106.35","32","Yes","churned"
"3413-DHLPB","Month-to-month","103.75","60","No","medium risk"
"7649-PHJVR","One year","19.5","11","No","stable"
"6114-TCFID","One year","39.5","29","No","stable"
"3787-TRIAL","Month-to-month","26.05","21","No","medium risk"
"2573-GYRUU","Month-to-month","91.05","48","No","medium risk"
"5156-UMKOW","Month-to-month","29.65","3","No","medium risk"
"1247-QBVSH","Month-to-month","50.2","43","No","medium risk"
"6734-GMPVK","Month-to-month","105.3","5","No","high risk"
"9822-OAOVB","Month-to-month","55.45","1","No","medium risk"
"6161-ERDGD","One year","85.45","71","No","stable"
"1226-JZNKR","One year","19.8","8","No","stable"
"7318-EIVKO","Month-to-month","59.25","8","No","medium risk"
"3771-PZOBW","Month-to-month","90.7","20","No","medium risk"
"5136-KCKGI","One year","103.7","33","Yes","churned"
"8231-BSWXX","One year","79.05","71","No","stable"
"6486-LHTMA","One year","90.7","31","No","stable"
"4083-BFNYK","One year","95","38","No","stable"
"3722-WPXTK","Month-to-month","88.35","1","Yes","churned"
"7389-KBFIT","Month-to-month","30.25","2","No","medium risk"
"7176-WIONM","Month-to-month","49.85","12","No","medium risk"
"5141-ZUVBH","Month-to-month","93","9","No","high risk"
"1089-HDMKP","Month-to-month","54.55","11","No","medium risk"
"7623-HKYRK","Month-to-month","19.7","6","No","medium risk"
"0310-SUCIN","One year","84.8","71","No","stable"
"5197-PYEPU","One year","94.45","42","No","stable"
"2929-ERCFZ","Month-to-month","94.2","8","Yes","churned"
"7548-SEPYI","Month-to-month","96.25","5","Yes","churned"
"8835-VSDSE","Month-to-month","70.7","2","Yes","churned"
"6619-RPLQZ","Two year","20.85","45","No","stable"
"3275-RHRNE","One year","60","28","No","stable"
"3503-TYDAY","Month-to-month","80.45","43","No","medium risk"
"6901-GOGZG","Two year","84.95","60","No","stable"
"1623-NLDOT","One year","33.55","42","Yes","churned"
"7021-XSNYE","Two year","49.65","7","No","stable"
"9621-OUPYD","One year","20.2","25","No","stable"
"9898-KZQDZ","Month-to-month","94.55","40","Yes","churned"
"8982-NHAVY","One year","100.5","27","No","stable"
"4307-KWMXE","Month-to-month","35.75","10","No","medium risk"
"0141-YEAYS","Month-to-month","86.45","27","No","medium risk"
"2450-ZKEED","One year","53.8","11","No","stable"
"3694-DELSO","Month-to-month","38.55","4","No","medium risk"
"3893-JRNFS","Month-to-month","39.9","68","No","medium risk"
"9603-OAIHC","Month-to-month","70.05","1","No","medium risk"
"1133-KXCGE","One year","20.1","18","No","stable"
"5236-PERKL","Two year","112.95","57","Yes","churned"
"0142-GVYSN","Month-to-month","20.3","26","No","medium risk"
"1049-FYSYG","Month-to-month","35.65","17","No","medium risk"
"7854-FOKSF","Month-to-month","35.9","1","Yes","churned"
"2519-FAKOD","Month-to-month","99.25","38","Yes","churned"
"8406-LNMHF","One year","82.95","59","No","stable"
"1821-BUCWY","Two year","55.65","30","No","stable"
"8263-JQAIK","Month-to-month","24.45","2","Yes","churned"
"0023-UYUPN","One year","25.2","50","No","stable"
"8314-DPQHL","One year","50.8","9","No","stable"
"1465-WCZVT","Month-to-month","19.65","3","No","medium risk"
"9481-SFCQY","Month-to-month","59.8","14","No","medium risk"
"6360-SVNWV","Month-to-month","73.55","31","No","medium risk"
"0567-GGCAC","Month-to-month","61.4","7","No","medium risk"
"7089-IVVAZ","Month-to-month","103.35","8","Yes","churned"
"8884-MRNSU","One year","19.9","17","No","stable"
"2171-UDMFD","Month-to-month","19.45","32","No","medium risk"
"9050-IKDZA","Month-to-month","81.5","2","No","high risk"
"2205-YMZZJ","Month-to-month","84.8","7","Yes","churned"
"9802-CAQUT","Two year","109.55","72","No","stable"
"1254-IZEYF","Month-to-month","99.95","31","Yes","churned"
"0187-WZNAB","Month-to-month","74.4","27","No","medium risk"
"9492-TOKRI","Month-to-month","90","18","Yes","churned"
"1475-VWVDO","Month-to-month","74.9","7","No","medium risk"
"9221-OTIVJ","Month-to-month","104.85","14","Yes","churned"
"1357-MVDOZ","Month-to-month","59.65","11","No","medium risk"
"7602-MVRMB","Two year","110.45","72","No","stable"
"3325-FUYCG","One year","106.1","28","Yes","churned"
"5908-QMGOE","Month-to-month","74.2","15","Yes","churned"
"1197-BVMVG","Month-to-month","74.45","4","No","medium risk"
"5406-KGRMX","Two year","24.55","71","No","stable"
"8481-YYXWG","Month-to-month","89.35","5","Yes","churned"
"5968-HYJRZ","Two year","24.55","47","No","stable"
"5198-EFNBM","One year","90.65","57","No","stable"
"7516-GMHUV","Two year","105.05","50","No","stable"
"7140-ADSMJ","Month-to-month","20.45","8","No","medium risk"
"2230-XTUWL","Two year","19.55","48","No","stable"
"7706-YLMQA","One year","19.7","70","No","stable"
"2585-KTFRE","Month-to-month","70.45","1","No","medium risk"
"7994-UYIVZ","Month-to-month","85.65","8","No","high risk"
"2609-IAICY","Month-to-month","77.15","1","Yes","churned"
"1740-CSDJP","Month-to-month","35.25","1","Yes","churned"
"7717-BICXI","Two year","20.55","60","No","stable"
"6559-RAKOZ","One year","97.95","49","No","stable"
"2636-OHFMN","Month-to-month","48.55","4","Yes","churned"
"4716-MRVEN","One year","20","29","No","stable"
"2143-LJULT","Two year","25.25","67","No","stable"
"1323-OOEPC","Month-to-month","98.4","53","Yes","churned"
"3200-MNQTF","Two year","70.9","67","No","stable"
"6164-HXUGH","Month-to-month","19.85","6","No","medium risk"
"5630-IXDXV","Month-to-month","106.35","47","No","medium risk"
"0320-DWVTU","Two year","99.5","53","No","stable"
"9135-MGVPY","Two year","84.7","69","No","stable"
"1212-GLHMD","Month-to-month","86.05","3","No","high risk"
"7878-JGDKK","Month-to-month","44.55","4","No","medium risk"
"1088-AUUZZ","Two year","75.85","56","No","stable"
"0397-GZBBC","Month-to-month","93.85","59","Yes","churned"
"6614-YWYSC","Two year","25","61","No","stable"
"9588-OZDMQ","Month-to-month","45","2","No","medium risk"
"7641-EUYET","Month-to-month","100.7","46","Yes","churned"
"6476-EPYZR","Month-to-month","20.5","12","No","medium risk"
"9921-ZVRHG","Month-to-month","80.45","14","Yes","churned"
"1174-FGIFN","One year","90.45","28","No","stable"
"6620-HVDUJ","Month-to-month","60.45","24","No","medium risk"
"4701-MLJPN","Month-to-month","55.25","31","Yes","churned"
"1032-MAELW","One year","78.45","68","No","stable"
"7641-TQFHN","Two year","100.55","39","No","stable"
"1552-TKMXS","Month-to-month","20.35","42","No","medium risk"
"9206-GVPEQ","Month-to-month","54.45","13","Yes","churned"
"8622-ZLFKO","Month-to-month","90.75","6","No","high risk"
"1596-BBVTG","Month-to-month","75.35","35","Yes","churned"
"6188-UXBBR","One year","20.25","38","No","stable"
"2333-KWEWW","Two year","20.05","18","No","stable"
"5702-SKUOB","Month-to-month","19.6","4","No","medium risk"
"1134-YWTYF","Month-to-month","53.8","27","No","medium risk"
"6061-GWWAV","One year","70.2","41","No","stable"
"0679-TDGAK","One year","75.5","50","No","stable"
"6585-WCEWR","Two year","20.35","72","No","stable"
"9067-YGSCA","One year","26.05","70","No","stable"
"9067-SQTNS","One year","20.6","44","No","stable"
"8433-WXGNA","Month-to-month","75.7","2","Yes","churned"
"1776-SPBWV","One year","20.1","34","No","stable"
"8735-SDUFN","Two year","24.3","72","No","stable"
"9668-PUGNU","Two year","24.5","71","No","stable"
"9405-GPBBG","Two year","110.5","64","No","stable"
"1926-QUZNN","Two year","25.25","72","No","stable"
"3707-GNWHM","Month-to-month","74.25","1","Yes","churned"
"7016-NVRIC","One year","90.1","29","No","stable"
"5829-NVSQN","One year","68.75","23","No","stable"
"9565-AXSMR","Two year","19.2","52","No","stable"
"8922-LIEGH","Month-to-month","89.7","25","Yes","churned"
"8869-LIHMK","Two year","115.1","64","No","stable"
"8245-UMPYT","Month-to-month","96.4","16","Yes","churned"
"5186-SAMNZ","Month-to-month","69.5","1","Yes","churned"
"0447-RXSGD","Month-to-month","99.65","24","No","medium risk"
"4927-WWOOZ","Month-to-month","91.45","2","No","high risk"
"5788-YPOEG","Two year","84.75","34","No","stable"
"5373-SFODM","Month-to-month","85.25","36","Yes","churned"
"0661-KBKPA","One year","78.75","53","No","stable"
"9081-WWXKP","Two year","20.25","47","No","stable"
"0784-ZQJZX","Two year","19.9","72","No","stable"
"3133-PZNSR","Two year","97.75","72","No","stable"
"5766-ZJYBB","Month-to-month","19.4","1","Yes","churned"
"8931-GJJIQ","Month-to-month","83.3","9","Yes","churned"
"4277-PVRAN","Month-to-month","80.1","8","Yes","churned"
"0022-TCJCI","One year","62.7","45","Yes","churned"
"0722-SVSFK","Month-to-month","100.4","7","No","high risk"
"3612-YVGSJ","Two year","24.45","71","No","stable"
"9825-YCXWZ","One year","101.1","41","No","stable"
"5397-NSKQG","Two year","50.9","67","No","stable"
"8565-HBFNN","One year","107.2","69","No","stable"
"2000-DHJUY","Two year","92.2","70","No","stable"
"0203-HHYIJ","One year","25.3","25","Yes","churned"
"8670-ERCJH","Two year","113.4","72","No","stable"
"7758-UJWYS","Two year","40.55","34","No","stable"
"2050-ONYDQ","Two year","26","65","No","stable"
"7055-JCGNI","Two year","111.95","70","No","stable"
"0739-UUAJR","Two year","53.8","72","No","stable"
"4826-DXMUP","One year","72.1","35","No","stable"
"0952-KMEEH","Month-to-month","98.15","13","Yes","churned"
"7285-KLOTR","One year","78.85","12","No","stable"
"0654-PQKDW","One year","70.75","62","No","stable"
"7175-NTIXE","Month-to-month","76.15","25","No","medium risk"
"7963-SHNDT","Two year","39.1","52","No","stable"
"9796-BPKIW","Month-to-month","69.95","8","No","medium risk"
"0188-GWFLE","Month-to-month","20.05","2","No","medium risk"
"8129-GMVGI","Two year","20.05","56","No","stable"
"2882-DDZPG","Month-to-month","19.45","12","No","medium risk"
"3547-LQRIK","One year","26.9","47","No","stable"
"9137-NOQKA","Month-to-month","19.2","2","No","medium risk"
"5843-TTHGI","Month-to-month","50","18","No","medium risk"
"1849-RJYIG","Month-to-month","60","8","No","medium risk"
"8868-GAGIO","Month-to-month","84.55","45","No","medium risk"
"4061-UKJWL","Month-to-month","45.45","3","No","medium risk"
"5380-XPJNZ","One year","20.05","38","No","stable"
"8263-QMNTJ","Two year","115.55","72","No","stable"
"8178-EYZUO","Month-to-month","93.7","46","Yes","churned"
"3230-JCNZS","Two year","99","71","No","stable"
"0277-ORXQS","Two year","50.55","66","No","stable"
"5130-IEKQT","Month-to-month","105.95","25","Yes","churned"
"3230-WYKIR","One year","82","18","Yes","churned"
"7996-BPXHY","Two year","25","13","No","stable"
"3227-WLKLI","Two year","91.55","65","No","stable"
"0407-BDJKB","Month-to-month","95.75","60","Yes","churned"
"2266-FUBDZ","Two year","19.35","15","No","stable"
"8237-ULIXL","Two year","24.85","72","No","stable"
"9600-UDOPK","Month-to-month","94.05","30","Yes","churned"
"8216-AZUUZ","Two year","100.4","42","No","stable"
"9153-BTBVV","Two year","25","71","No","stable"
"4074-SJFFA","Month-to-month","54.75","1","Yes","churned"
"3269-ATYWD","Month-to-month","95.65","39","Yes","churned"
"5186-PEIZU","Month-to-month","19.25","35","No","medium risk"
"1074-AMIOH","Month-to-month","108.25","53","No","medium risk"
"4910-GMJOT","Month-to-month","94.6","1","Yes","churned"
"0354-WYROK","Month-to-month","98.9","31","Yes","churned"
"4361-FEBGN","Two year","20.15","48","No","stable"
"7748-UMTRK","Month-to-month","101.3","30","No","medium risk"
"0380-ZCSBI","Month-to-month","20","10","No","medium risk"
"7145-FEJWU","Month-to-month","105.3","12","No","medium risk"
"6463-MVYRY","Two year","69.85","57","No","stable"
"3969-JQABI","Month-to-month","65.25","58","No","medium risk"
"9624-EGDEQ","Two year","19.8","37","No","stable"
"1051-EQPZR","Month-to-month","19.6","44","No","medium risk"
"5849-ASHZJ","One year","20.05","27","No","stable"
"5780-INQIK","Month-to-month","49.4","8","No","medium risk"
"7576-OYWBN","Month-to-month","76.05","3","Yes","churned"
"4526-ZJJTM","Month-to-month","88.4","25","No","medium risk"
"8384-FZBJK","Month-to-month","100.6","57","No","medium risk"
"3750-RNQKR","Month-to-month","19.45","12","No","medium risk"
"0962-CQPWQ","Two year","20.3","62","No","stable"
"3096-YXENJ","Two year","107.65","65","No","stable"
"1265-BCFEO","Two year","80.45","71","No","stable"
"5837-LXSDN","One year","58.85","21","No","stable"
"5945-AZYHT","One year","109.6","71","No","stable"
"8325-QRPZR","Month-to-month","75.15","7","No","medium risk"
"6384-VMJHP","Two year","73","72","No","stable"
"2262-SLNVK","Month-to-month","70.1","1","No","medium risk"
"7730-CLDSV","Two year","98.65","72","No","stable"
"1135-HIORI","One year","111.45","64","No","stable"
"0164-APGRB","Two year","114.9","72","No","stable"
"6481-ESCNL","Month-to-month","100.55","29","No","medium risk"
"1790-NESIO","Two year","20.4","13","No","stable"
"1550-EENBN","Month-to-month","104.35","31","No","medium risk"
"5539-TMZLF","Month-to-month","69.75","1","Yes","churned"
"4323-SADQS","Month-to-month","34.5","7","Yes","churned"
"4446-BZKHU","Month-to-month","105.55","61","Yes","churned"
"5202-IVJNU","Month-to-month","30.1","39","Yes","churned"
"5976-JCJRH","Month-to-month","70.3","10","Yes","churned"
"8198-RKSZG","Month-to-month","80.45","14","No","medium risk"
"0137-OCGAB","Month-to-month","80.2","1","Yes","churned"
"3351-NQLDI","One year","94.35","67","Yes","churned"
"9297-EONCV","Two year","91.35","72","No","stable"
"7593-JNWRU","Month-to-month","44.6","6","Yes","churned"
"4588-YBNIB","Month-to-month","19.6","1","Yes","churned"
"1069-QJOEE","One year","19.9","25","No","stable"
"3336-JORSO","Month-to-month","110.45","33","Yes","churned"
"7799-DSEWS","Month-to-month","68.35","18","No","medium risk"
"8766-PAFNE","Two year","79.1","71","No","stable"
"5315-CKEQK","One year","51","28","No","stable"
"3130-ICDUP","Month-to-month","80.55","2","No","high risk"
"0820-FNRNX","Month-to-month","66.7","17","No","medium risk"
"0880-FVFWF","Month-to-month","86.4","56","No","medium risk"
"4611-ANLQC","One year","50.05","60","No","stable"
"4213-HKBJO","Two year","25.7","33","No","stable"
"2792-LSHWX","Month-to-month","83.4","1","No","high risk"
"5028-GZLDO","Month-to-month","70.7","2","Yes","churned"
"0014-BMAQU","Two year","84.65","63","No","stable"
"6861-XWTWQ","Month-to-month","99.25","7","Yes","churned"
"9018-PCIOK","Two year","64.75","55","No","stable"
"4837-QUSFT","One year","100.15","65","No","stable"
"6877-TJMBR","Month-to-month","84.8","1","Yes","churned"
"9953-ZMKSM","Two year","25.25","63","No","stable"
"0907-HQNTS","Two year","113","70","No","stable"
"7665-NKLAV","Two year","40.65","36","No","stable"
"6769-DCQLI","One year","105","52","Yes","churned"
"2433-KMEAS","Month-to-month","54.45","22","Yes","churned"
"4391-LNRXK","Month-to-month","94.95","22","No","medium risk"
"8250-ZNGGW","Month-to-month","59.9","5","No","medium risk"
"2195-ZRVAX","Month-to-month","85.3","47","Yes","churned"
"3550-SAHFP","Month-to-month","83.35","33","Yes","churned"
"2011-TRQYE","Month-to-month","33.5","18","Yes","churned"
"8562-GHPPI","Month-to-month","19.8","1","No","medium risk"
"5893-PYOLZ","Two year","81.8","56","No","stable"
"4986-MXSFP","Month-to-month","20","2","No","medium risk"
"6131-FOYAS","Month-to-month","59.6","35","No","medium risk"
"3027-YNWZU","Two year","25","64","No","stable"
"5609-IMCGG","Month-to-month","84.35","15","No","medium risk"
"4873-ILOLJ","Month-to-month","90.35","24","Yes","churned"
"4727-MCYZG","Month-to-month","55.55","1","No","medium risk"
"9481-WHGWY","Two year","75.35","70","No","stable"
"2725-KXXWT","Month-to-month","90.75","1","Yes","churned"
"9565-DJPIB","Month-to-month","89.6","4","Yes","churned"
"4328-VUFWD","One year","59.3","39","No","stable"
"3301-LSLWQ","Month-to-month","66.1","29","No","medium risk"
"7473-ZBDSN","Two year","18.8","14","No","stable"
"3166-PNEOF","Two year","86.45","61","No","stable"
"5639-NTUPK","Month-to-month","52.1","13","No","medium risk"
"8780-YRMTT","Two year","47.4","66","No","stable"
"8348-HFYIV","Month-to-month","49.25","2","Yes","churned"
"5140-FOMCQ","One year","109.15","59","No","stable"
"6242-SGYTS","One year","94.95","62","No","stable"
"8166-ORCHU","One year","93.55","33","No","stable"
"8414-OOEEL","Two year","79.5","66","No","stable"
"8454-AATJP","Two year","115.05","72","No","stable"
"6849-WLEYG","Month-to-month","19.75","1","Yes","churned"
"4659-NZRUF","Month-to-month","95.15","19","Yes","churned"
"4531-AUZNK","One year","95.15","51","No","stable"
"4191-XOVOM","Month-to-month","105.4","63","No","medium risk"
"2150-OEGBV","One year","20.1","27","No","stable"
"8429-XIBUM","Month-to-month","101.35","22","Yes","churned"
"1855-CFULU","Month-to-month","20.05","4","No","medium risk"
"4878-BUNFV","Two year","20.7","42","No","stable"
"1872-EBWSC","One year","20.35","29","No","stable"
"2608-BHKFN","Month-to-month","70.05","4","Yes","churned"
"7026-YMSBE","One year","19.7","30","No","stable"
"7341-LXCAF","Month-to-month","74.65","4","Yes","churned"
"6997-UVGOX","Two year","85.45","71","No","stable"
"9674-EHPPG","Two year","40.4","46","No","stable"
"9462-MJUAW","Month-to-month","50.4","4","Yes","churned"
"8128-YVJRG","Month-to-month","79.65","7","Yes","churned"
"5440-VHLUL","One year","105.2","69","No","stable"
"5781-BKHOP","Two year","100.65","72","No","stable"
"4283-FUTGF","Month-to-month","79.85","19","Yes","churned"
"5213-TWWJU","Month-to-month","91","28","No","medium risk"
"1569-TTNYJ","Month-to-month","78.75","5","Yes","churned"
"8628-MFKAX","Two year","116.75","72","No","stable"
"2397-BRLOM","Month-to-month","80.45","8","Yes","churned"
"7629-WIXZF","One year","59.1","7","No","stable"
"5445-GLVOT","Month-to-month","49.8","22","No","medium risk"
"3976-HXHCE","Two year","19.3","72","No","stable"
"2466-NEJOJ","Month-to-month","19.65","8","No","medium risk"
"0254-KCJGT","One year","81.4","52","No","stable"
"5472-CVMDX","Two year","38.9","68","No","stable"
"6461-SZMCV","Two year","87.95","71","No","stable"
"8150-QUDFX","Month-to-month","19.85","2","No","medium risk"
"9508-ILZDG","Month-to-month","96.35","34","No","medium risk"
"2346-DJQTB","Month-to-month","24.15","35","No","medium risk"
"1697-LYYYX","One year","19.1","61","No","stable"
"1942-OQFRW","Month-to-month","44","1","No","medium risk"
"4749-VFKVB","Month-to-month","50.1","1","Yes","churned"
"9640-ZSLDC","One year","60.6","53","No","stable"
"4231-LZUYM","Two year","25.65","72","No","stable"
"7598-UAASY","Month-to-month","76.4","2","Yes","churned"
"7938-OUHIO","Month-to-month","98.7","3","Yes","churned"
"8510-AWCXC","Month-to-month","100.8","13","Yes","churned"
"6128-AQBMT","Month-to-month","53.95","41","No","medium risk"
"3594-BDSOA","One year","20.4","24","No","stable"
"0431-APWVY","One year","90.1","28","Yes","churned"
"5133-VRSAB","Month-to-month","29.35","8","No","medium risk"
"5996-DAOQL","Month-to-month","20.45","1","No","medium risk"
"6838-YAUVY","Two year","95.1","54","No","stable"
"0484-JPBRU","Month-to-month","25.25","41","No","medium risk"
"7883-ROJOC","Month-to-month","44.9","19","No","medium risk"
"0244-LGNFY","Two year","92.65","72","No","stable"
"7274-CGTOD","Two year","43.7","62","No","stable"
"4295-YURET","Two year","72.6","56","No","stable"
"3426-NIYYL","Month-to-month","51.55","15","Yes","churned"
"8225-BTJAU","Month-to-month","79.25","10","Yes","churned"
"4635-EJYPD","Two year","18.95","32","No","stable"
"1866-ZSLJM","Month-to-month","20.5","21","No","medium risk"
"4636-TVXVG","One year","19.95","62","No","stable"
"4236-UJPWO","Month-to-month","24.5","2","No","medium risk"
"9392-XBGTD","Two year","20.6","27","No","stable"
"3387-VATUS","Month-to-month","94.85","5","Yes","churned"
"6402-SSEJG","One year","61.05","25","No","stable"
"1143-NMNQJ","Month-to-month","85.7","2","Yes","churned"
"1169-SAOCL","One year","106.65","49","No","stable"
"1110-KYLGQ","Month-to-month","108.25","63","No","medium risk"
"9929-PLVPA","Month-to-month","20.4","4","No","medium risk"
"3518-PZXZQ","Month-to-month","55.3","1","No","medium risk"
"2371-JUNGC","Month-to-month","20.25","11","No","medium risk"
"7693-QPEFS","Month-to-month","72.95","52","No","medium risk"
"0924-BJCRC","Month-to-month","89.45","60","No","medium risk"
"5074-FBGHB","One year","104.65","64","No","stable"
"2351-BKRZW","Two year","75.2","43","No","stable"
"4455-BFSPD","One year","101.15","61","No","stable"
"0415-MOSGF","Month-to-month","44.4","1","Yes","churned"
"1724-BQUHA","Month-to-month","89.5","5","Yes","churned"
"3948-KXDUF","Two year","68.75","66","No","stable"
"2323-ARSVR","Two year","111.05","67","No","stable"
"0815-MFZGM","Two year","99","42","No","stable"
"4826-XTSOH","Month-to-month","86.05","1","Yes","churned"
"5480-XTFFL","Two year","21","31","No","stable"
"8295-FHIVV","Month-to-month","19.4","7","No","medium risk"
"2495-INZWQ","Month-to-month","44.55","4","Yes","churned"
"9086-YJYXS","One year","77.2","34","No","stable"
"1179-INLAT","One year","19.45","3","No","stable"
"7909-FIOIY","Month-to-month","24.85","19","No","medium risk"
"4139-SUGLD","Month-to-month","35.4","31","Yes","churned"
"6857-VWJDT","Month-to-month","95.65","1","Yes","churned"
"6351-SCJKT","Month-to-month","41.35","3","No","medium risk"
"5468-BPMMO","Month-to-month","19.6","46","No","medium risk"
"5624-BQSSA","Month-to-month","20.95","1","Yes","churned"
"0197-PNKNK","One year","84.45","69","No","stable"
"2439-QKJUL","Month-to-month","20.25","5","No","medium risk"
"1194-SPVSP","Month-to-month","19.65","1","No","medium risk"
"9534-NSXEM","One year","20.65","26","No","stable"
"2408-WITXK","Month-to-month","34.7","10","Yes","churned"
"8929-KSWIH","Two year","99.3","25","No","stable"
"2250-IVBWA","Month-to-month","81.05","64","No","medium risk"
"1810-MVMAI","Month-to-month","67.6","30","No","medium risk"
"9506-UXUSK","Month-to-month","70.15","13","No","medium risk"
"1229-RCALF","One year","115","64","No","stable"
"3572-UOLYZ","Month-to-month","84.8","46","No","medium risk"
"1429-UYJSV","One year","19.7","12","No","stable"
"5577-OTWWW","Month-to-month","19.75","15","Yes","churned"
"6100-QQHEB","Month-to-month","92.55","17","Yes","churned"
"6366-XIVKZ","Month-to-month","63.15","13","No","medium risk"
"3470-OBUET","Two year","74","67","No","stable"
"2770-NSVDG","Month-to-month","29.1","24","No","medium risk"
"9375-MHRRS","Month-to-month","50.05","6","No","medium risk"
"2634-HCZGT","One year","60.05","53","Yes","churned"
"7503-QQRVF","Month-to-month","74.3","16","Yes","churned"
"4860-YZGZM","Month-to-month","20","10","No","medium risk"
"6599-GZWCM","One year","74.65","13","No","stable"
"2691-NZETQ","Month-to-month","85.35","9","Yes","churned"
"4404-HIBDJ","One year","74.3","25","Yes","churned"
"5533-NHFRF","Month-to-month","44.4","7","No","medium risk"
"7037-MTYVW","Two year","85.4","38","No","stable"
"4760-THGOT","Month-to-month","94.1","43","No","medium risk"
"7295-JOMMD","Month-to-month","98.1","4","Yes","churned"
"4016-BJKTZ","Two year","108.9","25","No","stable"
"6584-VQMYT","One year","56.2","27","No","stable"
"9838-BFCQT","Two year","26.1","72","No","stable"
"2790-XUYMV","One year","85.45","71","No","stable"
"0581-MDMPW","Month-to-month","88.95","24","No","medium risk"
"5013-SBUIH","Two year","109.65","50","Yes","churned"
"1023-BQXZE","Two year","74.35","57","No","stable"
"9163-GHAYE","Month-to-month","48.85","15","No","medium risk"
"3904-UKFRE","Month-to-month","80.1","4","No","high risk"
"5353-WILCI","Month-to-month","56.05","28","No","medium risk"
"0709-TVGUR","Month-to-month","74.55","9","Yes","churned"
"0058-EVZWM","Month-to-month","89.8","55","No","medium risk"
"6023-YEBUP","Month-to-month","100.95","3","Yes","churned"
"7209-JCUDS","Month-to-month","94.9","10","Yes","churned"
"7009-PCARS","One year","19.1","55","No","stable"
"0519-DRGTI","Month-to-month","20.35","20","No","medium risk"
"1017-FBQMM","One year","106.05","62","No","stable"
"3001-CBHLQ","Month-to-month","104.9","32","Yes","churned"
"1985-MBRYP","Two year","19.65","43","No","stable"
"6158-DWPZT","One year","24.1","9","Yes","churned"
"9372-TXXPS","Two year","59.85","60","No","stable"
"3259-QMXUN","Two year","86.1","58","No","stable"
"1015-JPFYW","One year","19.45","7","No","stable"
"6645-MXQJT","Month-to-month","97.1","2","No","high risk"
"4360-QRAVE","Month-to-month","36.65","37","No","medium risk"
"8433-WPJTV","One year","103.9","65","No","stable"
"5804-JMYIO","Two year","19.75","39","No","stable"
"3763-GCZHZ","One year","104.05","66","Yes","churned"
"6484-LATFU","Two year","24.55","68","No","stable"
"7599-NTMDP","Two year","48.7","62","No","stable"
"0772-GYEQQ","Month-to-month","88.35","3","Yes","churned"
"0536-ACXIP","Two year","109.55","72","No","stable"
"0936-NQLJU","Two year","20.65","41","No","stable"
"4831-EOBFE","Month-to-month","94.65","29","Yes","churned"
"1575-KRZZE","Month-to-month","55.2","4","No","medium risk"
"3251-YMVWZ","One year","24.05","53","No","stable"
"4102-OQUPX","Month-to-month","74.4","1","Yes","churned"
"9170-GYZJC","Month-to-month","79.9","41","Yes","churned"
"4884-LEVMQ","Two year","20.45","39","No","stable"
"8857-CUPFQ","Two year","19.25","63","No","stable"
"7610-TVOPG","Month-to-month","26.35","15","No","medium risk"
"3638-DIMPH","One year","43.8","13","No","stable"
"1845-ZLLIG","Month-to-month","50.15","1","No","medium risk"
"8559-WNQZS","Two year","20.45","1","No","stable"
"3999-QGRJH","Month-to-month","69.7","8","Yes","churned"
"1699-UOTXU","Two year","61.4","60","No","stable"
"2454-RPBRZ","Month-to-month","98.1","12","Yes","churned"
"0635-WKOLD","One year","70.75","40","No","stable"
"5993-JSUWV","Two year","61.15","66","No","stable"
"4518-FZBSX","One year","20.25","42","No","stable"
"5387-ASZNZ","One year","63.85","66","No","stable"
"6988-CJEYV","Month-to-month","98.7","49","No","medium risk"
"2002-MZHWP","Month-to-month","20.5","1","Yes","churned"
"3097-FQTVJ","Two year","20","41","No","stable"
"5465-BUBFA","Two year","19.3","41","No","stable"
"7299-GNVPL","Month-to-month","84.4","23","No","medium risk"
"9743-DQKQW","Month-to-month","25.1","3","No","medium risk"
"1215-VFYVK","Month-to-month","48.25","4","No","medium risk"
"9371-BITHB","Two year","19.85","52","No","stable"
"2265-CYWIV","Month-to-month","99.6","4","Yes","churned"
"9093-FPDLG","Month-to-month","94.2","11","No","high risk"
"0541-FITGH","Month-to-month","62.15","2","No","medium risk"
"6985-HAYWX","Month-to-month","79.3","26","No","medium risk"
"7508-KBIMB","One year","56.25","24","No","stable"
"6838-HVLXG","Month-to-month","20.3","12","No","medium risk"
"2277-DJJDL","Month-to-month","99","60","No","medium risk"
"1897-OKVMW","Two year","90.6","64","No","stable"
"5485-ITNPC","Two year","85.9","66","No","stable"
"0233-FTHAV","One year","79.2","60","No","stable"
"4644-PIZRT","One year","70.35","17","No","stable"
"8922-NPKBJ","Two year","19.35","42","No","stable"
"2740-TVLFN","Month-to-month","50.15","1","No","medium risk"
"7771-CFQRQ","Two year","63.8","47","No","stable"
"9512-PHSMG","Month-to-month","20.55","10","No","medium risk"
"6963-EZQEE","Two year","88.55","70","No","stable"
"2452-KDRRH","Month-to-month","101.4","67","No","medium risk"
"2004-OCQXK","Month-to-month","81.95","1","Yes","churned"
"5027-QPKTE","Month-to-month","69.35","7","Yes","churned"
"4146-SVFUD","Month-to-month","44.6","1","No","medium risk"
"1564-HJUVY","Month-to-month","63.75","4","No","medium risk"
"3617-XLSGQ","Two year","109.25","66","No","stable"
"7517-LDMPS","Month-to-month","84.6","12","No","medium risk"
"7244-KXYZN","One year","20.45","24","No","stable"
"5226-NOZFC","Month-to-month","85.75","26","No","medium risk"
"2672-HUYVI","Month-to-month","91.1","6","Yes","churned"
"1400-WIVLL","Two year","107.95","57","No","stable"
"7508-MYBOG","Month-to-month","86.1","14","Yes","churned"
"8148-NLEGT","Two year","22.95","42","No","stable"
"0148-DCDOS","Month-to-month","94.7","25","Yes","churned"
"8347-GDTMP","Two year","19.45","64","No","stable"
"9992-RRAMN","Month-to-month","85.1","22","Yes","churned"
"6746-WAUWT","One year","19.7","19","No","stable"
"0310-MVLET","Month-to-month","99.15","61","Yes","churned"
"0428-IKYCP","Month-to-month","87","22","No","medium risk"
"4550-VBOFE","Month-to-month","102.95","70","Yes","churned"
"2187-PKZAY","Month-to-month","79.95","12","No","medium risk"
"4003-OCTMP","One year","64","31","No","stable"
"6652-YFFJO","Month-to-month","64.9","11","No","medium risk"
"7225-IILWY","Two year","25.75","68","No","stable"
"5248-RPYWW","Two year","90.15","72","No","stable"
"7923-IYJWY","Two year","116.1","67","No","stable"
"3170-GWYKC","Month-to-month","104.95","60","No","medium risk"
"5696-QURRL","Month-to-month","45.05","1","Yes","churned"
"7409-KIUTL","Month-to-month","71","1","Yes","churned"
"9830-ECLEN","One year","50","58","No","stable"
"1732-VHUBQ","Month-to-month","70.55","47","Yes","churned"
"0495-RVCBF","Month-to-month","79.7","1","Yes","churned"
"2668-TZSPS","Month-to-month","20.45","1","No","medium risk"
"7854-EDSSA","Month-to-month","59","22","Yes","churned"
"8869-TORSS","One year","60.35","48","Yes","churned"
"7446-SFAOA","One year","19.85","37","No","stable"
"9522-ZSINC","One year","19.95","13","No","stable"
"8234-GSZYK","Two year","26.45","43","No","stable"
"6505-OZNPG","Two year","63.4","6","No","stable"
"6164-HAQTX","Two year","53.95","71","No","stable"
"0679-IDSTG","Month-to-month","69.25","1","Yes","churned"
"7765-LWVVH","Two year","95.1","72","No","stable"
"1658-TJVOA","Month-to-month","74.1","6","No","medium risk"
"0953-LGOVU","Month-to-month","35.5","12","No","medium risk"
"2115-BFTIW","Month-to-month","70.95","25","Yes","churned"
"4692-NNQRU","One year","79.2","21","No","stable"
"7742-MYPGI","Month-to-month","48.8","6","No","medium risk"
"0611-DFXKO","Month-to-month","89","20","Yes","churned"
"7780-OTDSO","Month-to-month","99.4","18","Yes","churned"
"9619-GSATL","One year","55.45","43","No","stable"
"5622-UEJFI","Two year","25.4","35","No","stable"
"9747-DDZOS","Month-to-month","73.5","1","Yes","churned"
"0674-DGMAQ","Month-to-month","93.5","32","No","medium risk"
"6203-HBZPA","Two year","63.9","52","No","stable"
"0484-FFVBJ","One year","64.85","32","No","stable"
"0301-FIDRB","Two year","63.8","72","No","stable"
"4139-JPIAM","Month-to-month","44.45","51","No","medium risk"
"2181-TIDSV","Two year","19.95","68","No","stable"
"2761-XECQW","Month-to-month","43.35","8","No","medium risk"
"1936-CZAKF","Two year","49.65","49","No","stable"
"9453-PATOS","Two year","85.1","72","No","stable"
"0564-JJHGS","Month-to-month","95.5","9","Yes","churned"
"3348-CFRNX","Month-to-month","92.35","28","Yes","churned"
"4402-FTBXC","Month-to-month","89.8","54","No","medium risk"
"1428-GTBJJ","Month-to-month","74.55","11","Yes","churned"
"2931-XIQBR","One year","103.05","50","No","stable"
"0106-UGRDO","Two year","116","69","No","stable"
"5542-TBBWB","Month-to-month","69.9","1","No","medium risk"
"1930-QPBVZ","Two year","95.1","68","No","stable"
"2606-PKWJB","One year","40.25","40","No","stable"
"5322-ZSMZY","Two year","25.75","31","No","stable"
"8059-UDZFY","Month-to-month","105.35","33","No","medium risk"
"7740-BTPUX","Two year","113.6","55","No","stable"
"5220-AGAAX","Two year","24","68","No","stable"
"0208-BPQEJ","Month-to-month","19.4","12","No","medium risk"
"9435-JMLSX","Two year","86.1","71","No","stable"
"3352-ALMCK","Month-to-month","102.65","40","No","medium risk"
"5312-IRCFR","One year","92.85","64","No","stable"
"5294-IMHHT","One year","97.75","53","No","stable"
"8802-UNOJF","Month-to-month","83.8","12","Yes","churned"
"6313-GIDIT","Month-to-month","54.45","53","Yes","churned"
"6176-YJWAS","Two year","97.95","72","No","stable"
"5310-NOOVA","Two year","19.95","46","No","stable"
"4526-EXKKN","Two year","24.6","40","No","stable"
"5311-IHLEI","Month-to-month","50.95","12","No","medium risk"
"3987-KQDDU","Month-to-month","75.6","9","No","medium risk"
"3404-JNXAX","Month-to-month","80.75","51","No","medium risk"
"5131-PONJI","Month-to-month","90.4","49","No","medium risk"
"2845-AFFTX","Month-to-month","99.8","41","Yes","churned"
"3489-VSFRD","One year","60.25","56","No","stable"
"3345-JHUEO","Month-to-month","20.2","4","No","medium risk"
"5815-HGGHV","One year","64.15","20","No","stable"
"5260-UMPWX","Month-to-month","20.25","26","No","medium risk"
"2249-YPRNG","Month-to-month","105.85","20","Yes","churned"
"7410-YTJIK","Month-to-month","75.45","7","Yes","churned"
"4626-GYCZP","Month-to-month","93.85","7","Yes","churned"
"5649-RXQTV","Month-to-month","99","51","No","medium risk"
"2674-MIAHT","Month-to-month","80.3","4","No","high risk"
"2576-HXMPA","Month-to-month","19.55","1","No","medium risk"
"7587-AOVVU","Month-to-month","100.75","27","No","medium risk"
"5590-BYNII","Month-to-month","100.75","22","Yes","churned"
"6898-MDLZW","Month-to-month","53.75","12","No","medium risk"
"3237-AJGEH","Month-to-month","31","3","Yes","churned"
"4707-YNOQA","One year","25.6","34","No","stable"
"9357-UJRUN","One year","58.35","24","No","stable"
"1591-NFNLQ","Month-to-month","80","51","Yes","churned"
"8648-PFRMP","Month-to-month","46.35","14","No","medium risk"
"7663-CUXZB","Two year","113.75","59","No","stable"
"0258-NOKBL","Month-to-month","90.4","3","No","high risk"
"1163-VIPRI","Two year","109.3","65","No","stable"
"2815-CPTUL","Month-to-month","70.25","5","Yes","churned"
"9348-ROUAI","Two year","90.3","59","No","stable"
"9443-JUBUO","Two year","65.25","72","No","stable"
"0596-BQCEQ","Month-to-month","100.15","62","Yes","churned"
"1481-ZUWZA","Month-to-month","94.5","28","Yes","churned"
"3043-TYBNO","Month-to-month","60.65","3","No","medium risk"
"4830-FAXFM","Month-to-month","24.1","19","No","medium risk"
"5906-BFOZT","Month-to-month","19.5","1","No","medium risk"
"2960-NKRSO","Month-to-month","85.95","24","No","medium risk"
"8996-ZROXE","One year","53.5","57","No","stable"
"5598-IKHQQ","Two year","25.45","72","No","stable"
"0397-ZXWQF","Two year","20.5","67","No","stable"
"5266-PFRQK","One year","20.85","52","No","stable"
"4674-HGNUA","Two year","89.9","71","No","stable"
"6765-MBQNU","One year","26","26","No","stable"
"9786-IJYDL","Two year","113.2","35","No","stable"
"1303-SRDOK","Two year","69.05","55","No","stable"
"3769-MHZNV","Two year","20.1","33","No","stable"
"6295-OSINB","Two year","109.65","72","No","stable"
"3308-MHOOC","Month-to-month","19.2","1","No","medium risk"
"2309-OSFEU","Month-to-month","33.9","10","Yes","churned"
"2207-QPJED","Month-to-month","90","37","No","medium risk"
"4177-JPDFU","Month-to-month","34","12","No","medium risk"
"2239-CFOUJ","One year","20.4","1","No","stable"
"8046-DNVTL","Two year","38.6","62","No","stable"
"2209-XADXF","Month-to-month","25.25","1","No","medium risk"
"6620-JDYNW","Month-to-month","60.6","18","No","medium risk"
"1891-FZYSA","Month-to-month","89.95","69","Yes","churned"
"4770-UEZOX","Month-to-month","74.75","2","No","medium risk"
"1038-RQOST","Month-to-month","20.6","19","No","medium risk"
"7613-LLQFO","Month-to-month","84.45","12","Yes","churned"
"4568-TTZRT","Month-to-month","20.4","9","No","medium risk"
"9513-DXHDA","One year","81.7","27","No","stable"
"2640-PMGFL","Month-to-month","79.5","27","Yes","churned"
"3801-HMYNL","Month-to-month","89.15","1","Yes","churned"
"0516-QREYC","Month-to-month","20.3","24","No","medium risk"
"9685-WKZGT","Month-to-month","74.95","14","Yes","churned"
"6022-UGGSO","Month-to-month","74.4","32","Yes","churned"
"8084-OIVBS","One year","20","11","No","stable"
"8896-BQTTI","Month-to-month","25","1","No","medium risk"
"3865-QBWSJ","Month-to-month","80.45","38","No","medium risk"
"3352-RICWQ","Two year","19.75","9","No","stable"
"2160-GPFXD","Two year","65.65","54","No","stable"
"2065-MMKGR","One year","71","29","No","stable"
"5857-TYBCJ","Month-to-month","89.2","44","No","medium risk"
"1498-NHTLT","Two year","86.75","59","No","stable"
"4484-CGXFK","Month-to-month","55.3","3","Yes","churned"
"1402-PTHGN","One year","61.5","18","No","stable"
"4176-RELJR","Two year","25.1","67","No","stable"
"6214-EDAKZ","Month-to-month","55.15","22","Yes","churned"
"5199-FPUSP","One year","34.05","33","No","stable"
"6377-KSLXC","Month-to-month","19.95","5","No","medium risk"
"1796-JANOW","Month-to-month","19.95","2","No","medium risk"
"0238-WHBIQ","Two year","89.7","72","No","stable"
"8735-NBLWT","Month-to-month","20.4","9","No","medium risk"
"6651-RLGGM","Two year","26.3","67","No","stable"
"6127-ISGTU","Month-to-month","84.95","16","Yes","churned"
"1614-JBEBI","Month-to-month","20.7","8","No","medium risk"
"8740-XLHDR","Month-to-month","43.25","5","Yes","churned"
"1208-DNHLN","One year","48.35","23","Yes","churned"
"1761-AEZZR","Month-to-month","79.55","1","Yes","churned"
"3923-CSIHK","Month-to-month","71.05","50","Yes","churned"
"5696-EXCYS","Two year","19.45","17","No","stable"
"5795-KTGUD","Two year","110.8","68","No","stable"
"7120-RFMVS","Month-to-month","84.5","1","Yes","churned"
"7924-GJZFI","Month-to-month","69.3","25","No","medium risk"
"4702-HDRKD","One year","49.35","67","No","stable"
"8512-WIWYV","One year","20.35","32","No","stable"
"5897-ZYEKH","One year","105.6","67","No","stable"
"5456-ITGIC","Two year","64.45","72","No","stable"
"7317-GGVPB","Two year","108.6","71","Yes","churned"
"1406-PUQVY","Month-to-month","49.9","1","No","medium risk"
"1322-AGOQM","Month-to-month","30.3","46","Yes","churned"
"3677-IYRBF","Month-to-month","30.4","2","Yes","churned"
"5692-FPTAH","Month-to-month","45.4","1","Yes","churned"
"9114-AAFQH","One year","65.65","48","No","stable"
"8715-KKTFG","One year","103.3","61","No","stable"
"1550-LOAHA","Month-to-month","84.15","32","Yes","churned"
"1728-BQDMA","Month-to-month","44.45","2","No","medium risk"
"0268-QKIWO","Month-to-month","19.75","3","Yes","churned"
"0876-WDUUZ","Month-to-month","85.4","5","Yes","churned"
"5117-ZSMHQ","Two year","89.9","71","No","stable"
"5151-HQRDG","Month-to-month","55.05","37","No","medium risk"
"0960-HUWBM","Two year","104.1","65","No","stable"
"6465-GSRCL","One year","106.6","67","No","stable"
"0617-FHSGK","Month-to-month","75.2","49","Yes","churned"
"0263-FJTQO","Two year","70.5","50","No","stable"
"7319-ZNRTR","One year","19.6","25","No","stable"
"2858-MOFSQ","One year","55.85","17","Yes","churned"
"7503-EPSZW","Two year","24.05","64","No","stable"
"7089-XXAYG","One year","38.1","25","No","stable"
"8118-LSUEL","Month-to-month","106.4","23","Yes","churned"
"8070-AAWZP","Month-to-month","34.25","24","No","medium risk"
"1666-JXLKU","Month-to-month","100.05","37","No","medium risk"
"7855-DIWPO","Month-to-month","68.65","21","No","medium risk"
"5133-POWUA","Month-to-month","45.8","1","No","medium risk"
"5652-MSDEY","Month-to-month","75.75","10","No","medium risk"
"7005-CCBKV","Month-to-month","84.4","6","Yes","churned"
"1810-BOHSY","One year","96.4","51","No","stable"
"1784-BXEFA","Month-to-month","20.55","10","No","medium risk"
"7351-MHQVU","Month-to-month","50.95","6","No","medium risk"
"9224-VTYID","Two year","90.5","47","No","stable"
"9500-IWPXQ","One year","79.4","61","No","stable"
"5762-TJXGK","Two year","58.75","52","No","stable"
"4504-YOULA","Month-to-month","59.45","35","No","medium risk"
"5569-IDSEY","One year","105.7","71","No","stable"
"4250-FDVOU","Month-to-month","56.25","6","Yes","churned"
"7284-ZZLOH","Two year","53.3","45","No","stable"
"5277-ZLOOR","Month-to-month","85.55","2","Yes","churned"
"2141-RRYGO","Month-to-month","68.65","4","Yes","churned"
"1777-JYQPJ","Month-to-month","24.3","2","No","medium risk"
"6376-GAHQE","Month-to-month","77.85","4","Yes","churned"
"3401-URHDA","One year","59.9","51","No","stable"
"1599-EAHXY","One year","23.95","60","No","stable"
"8631-XVRZL","One year","20.15","9","No","stable"
"5052-PNLOS","Month-to-month","105.35","3","Yes","churned"
"3853-LYGAM","Month-to-month","95.65","17","No","medium risk"
"6979-ZNSFF","Month-to-month","87.05","8","Yes","churned"
"5751-USDBL","Two year","81","46","No","stable"
"5680-LQOGP","Two year","82.45","68","No","stable"
"2386-LAHRK","Month-to-month","53.5","1","Yes","churned"
"8189-DUKMV","One year","20.5","4","No","stable"
"6032-IGALN","Month-to-month","25.1","1","Yes","churned"
"9931-DCEZH","One year","54.4","28","No","stable"
"1898-JSNDC","One year","58.6","39","No","stable"
"0315-LVCRK","Month-to-month","84.8","11","No","high risk"
"3911-RSNHI","Two year","61.4","71","No","stable"
"2410-CIYFZ","Month-to-month","20.4","2","No","medium risk"
"4248-HCETZ","Month-to-month","79.65","30","Yes","churned"
"5505-OVWQW","One year","20.15","17","No","stable"
"7271-AJDTL","Month-to-month","94.45","55","No","medium risk"
"1867-TJHTS","Month-to-month","79.8","58","No","medium risk"
"0516-WJVXC","Month-to-month","54.2","5","Yes","churned"
"9174-FKWZE","Month-to-month","19.45","1","Yes","churned"
"6860-YRJZP","Month-to-month","74.05","9","No","medium risk"
"4429-WYGFR","Month-to-month","49.15","26","No","medium risk"
"2817-LVCPP","Two year","19.4","50","No","stable"
"5038-ETMLM","Two year","113.65","72","No","stable"
"5056-FIMPT","One year","106","43","No","stable"
"4521-WFJAI","Two year","25.95","56","No","stable"
"6569-KTMDU","Month-to-month","19.1","1","No","medium risk"
"8809-RIHDD","Two year","103.4","72","Yes","churned"
"8809-XKHMD","Two year","100.55","72","No","stable"
"0396-YCHWO","Month-to-month","95.4","36","No","medium risk"
"0867-LDTTC","Month-to-month","75.15","5","No","medium risk"
"4822-NGOCH","Month-to-month","84.45","13","Yes","churned"
"9391-DXGGG","One year","89.15","44","No","stable"
"9844-FELAJ","One year","107.9","70","No","stable"
"2122-SZZZD","One year","19.5","44","No","stable"
"5307-DZCVC","Month-to-month","85.95","32","Yes","churned"
"3148-AOIQT","Two year","24.95","69","No","stable"
"8679-JOEVF","Month-to-month","59.4","16","Yes","churned"
"8395-ETZKQ","One year","19.5","68","No","stable"
"6692-YQHXC","Month-to-month","69.95","16","No","medium risk"
"3889-VWBID","Two year","82.85","68","No","stable"
"5222-JCXZT","Month-to-month","19","4","No","medium risk"
"9754-CLVZW","Month-to-month","38.85","26","No","medium risk"
"1432-FPAXX","Month-to-month","30.6","29","Yes","churned"
"2739-CCZMB","Month-to-month","20.35","5","No","medium risk"
"7080-TNUWP","One year","95","70","No","stable"
"0496-AHOOK","One year","74.4","24","No","stable"
"8336-TAVKX","Two year","78.45","72","No","stable"
"2468-SJFLM","Month-to-month","74.3","1","No","medium risk"
"3181-VTHOE","One year","51.05","70","No","stable"
"7168-HDQHG","Month-to-month","19.2","36","No","medium risk"
"4803-AXVYP","Month-to-month","99.55","38","Yes","churned"
"3884-HCSWG","Month-to-month","70","17","Yes","churned"
"4567-AKPIA","One year","109.1","41","No","stable"
"5077-DXTCG","Month-to-month","45.3","1","Yes","churned"
"1142-WACZW","Month-to-month","29.85","2","Yes","churned"
"7901-HXJVA","Month-to-month","76.45","14","No","medium risk"
"5649-ANRML","Month-to-month","95.1","2","Yes","churned"
"4892-VLANZ","Month-to-month","19.8","1","Yes","churned"
"5924-IFQTT","Month-to-month","72.8","13","No","medium risk"
"7968-QUXNS","Month-to-month","18.95","6","No","medium risk"
"2919-HBCJO","Month-to-month","76.65","4","Yes","churned"
"4236-XPXAV","Month-to-month","99.15","5","Yes","churned"
"8903-WMRNW","Month-to-month","101.75","15","No","medium risk"
"2452-SNHFZ","Month-to-month","75.45","47","No","medium risk"
"3629-WEAAM","Month-to-month","64.1","8","No","medium risk"
"6029-CSMJE","Month-to-month","25.65","17","No","medium risk"
"7993-NQLJE","Month-to-month","75.1","15","No","medium risk"
"9909-DFRJA","One year","95.85","26","No","stable"
"9099-FTUHS","Month-to-month","54.4","23","No","medium risk"
"0581-BXBUB","Month-to-month","72.75","4","No","medium risk"
"4962-CHQPW","One year","19.85","29","No","stable"
"9467-ROOLM","Month-to-month","19.05","25","No","medium risk"
"3030-YZADT","Month-to-month","44.95","9","Yes","churned"
"7410-KTVFV","Month-to-month","49.55","18","Yes","churned"
"5150-ITWWB","Month-to-month","94.85","3","No","high risk"
"2253-KPMNB","Two year","46.25","69","No","stable"
"1345-ZUKID","One year","19.35","14","No","stable"
"6429-SHBCB","Month-to-month","69.6","19","No","medium risk"
"9281-OFDMF","Month-to-month","90.7","39","No","medium risk"
"2603-HVKCG","Month-to-month","101.4","31","No","medium risk"
"1834-WULEG","One year","20.25","24","No","stable"
"9097-ZUBYC","Month-to-month","48.8","14","No","medium risk"
"5148-ORICT","Two year","74.35","64","No","stable"
"4893-GYUJU","One year","19.35","50","No","stable"
"4578-PHJYZ","One year","68.75","52","No","stable"
"7272-QDCKA","One year","100.2","28","No","stable"
"8908-SLFCJ","Two year","20.85","21","No","stable"
"8393-DLHGA","Month-to-month","95.9","25","Yes","churned"
"9766-HGEDE","One year","19.35","17","No","stable"
"6968-MHOMU","One year","45","58","No","stable"
"7395-IGJOS","Month-to-month","81.5","17","Yes","churned"
"5044-XDPYX","Two year","25.5","51","No","stable"
"1814-WFGVS","Two year","48.9","72","No","stable"
"2834-SPCJV","Month-to-month","84.1","52","Yes","churned"
"3721-WKIIL","Two year","19.6","27","No","stable"
"6734-CKRSM","Month-to-month","20","3","No","medium risk"
"1265-ZFOSD","Two year","81.3","64","No","stable"
"6568-POCUI","Two year","95.2","45","No","stable"
"7890-VYYWG","Month-to-month","36.45","3","Yes","churned"
"5197-LQXXH","Two year","83.3","71","No","stable"
"9907-SWKKF","Month-to-month","25.05","1","Yes","churned"
"3457-PQBYH","Two year","20.3","58","No","stable"
"7682-AZNDK","Month-to-month","89.85","34","No","medium risk"
"0587-DMGBH","Month-to-month","49.85","8","Yes","churned"
"5384-ZTTWP","Month-to-month","19.8","15","No","medium risk"
"3745-HRPHI","Two year","54.65","66","No","stable"
"7636-OWBPG","Month-to-month","29.35","12","No","medium risk"
"1231-YNDEK","Two year","19.15","58","No","stable"
"1407-DIGZV","Two year","19.1","3","No","stable"
"6397-JNZZG","Month-to-month","55.55","43","Yes","churned"
"0570-BFQHT","Month-to-month","80.55","9","No","high risk"
"4393-OBCRR","One year","20.25","3","No","stable"
"3523-QRQLL","One year","69.5","22","Yes","churned"
"8564-LDKFL","One year","106","40","No","stable"
"3696-DFHHB","Two year","25.5","68","No","stable"
"0895-DQHEW","Month-to-month","104.3","54","Yes","churned"
"4717-GHADL","Two year","79.6","50","No","stable"
"5501-TVMGM","Month-to-month","55.25","1","No","medium risk"
"5879-HMFFH","Two year","88.05","72","No","stable"
"6772-WFQRD","One year","20.4","40","No","stable"
"3810-DVDQQ","Two year","117.6","72","No","stable"
"6972-SNKKW","Month-to-month","20","6","No","medium risk"
"3694-GLTJM","Month-to-month","19.65","5","No","medium risk"
"8550-XSXUQ","One year","70.55","48","No","stable"
"8149-RSOUN","Month-to-month","93.85","1","Yes","churned"
"9055-MOJJJ","One year","65.8","64","No","stable"
"4359-INNWN","One year","20.05","17","No","stable"
"0585-EGDDA","Month-to-month","80","40","No","medium risk"
"4032-RMHCI","One year","35.4","41","No","stable"
"0549-CYCQN","One year","79.6","51","No","stable"
"3481-JHUZH","Month-to-month","80.25","41","No","medium risk"
"7250-EQKIY","Month-to-month","50.45","1","Yes","churned"
"3594-IVHJZ","Month-to-month","20.45","2","No","medium risk"
"6869-FGJJC","One year","79.6","68","No","stable"
"3896-ZVNET","Two year","24.7","24","No","stable"
"8205-VSLRB","Two year","77.3","70","No","stable"
"5960-MVTUK","Month-to-month","29.75","3","No","medium risk"
"6817-WTYHE","Month-to-month","44.9","2","No","medium risk"
"3082-VQXNH","Month-to-month","29.8","3","No","medium risk"
"4013-UBXWQ","Month-to-month","74.65","7","Yes","churned"
"4931-TRZWN","Month-to-month","71.95","13","No","medium risk"
"0750-EKNGL","Month-to-month","20.75","7","No","medium risk"
"7669-LCRSD","Month-to-month","56.3","12","No","medium risk"
"3567-PQTSO","One year","105.25","53","No","stable"
"5519-NPHVG","Month-to-month","94.2","12","Yes","churned"
"8043-PNYSD","Two year","19.55","63","No","stable"
"9938-EKRGF","Month-to-month","84.45","15","No","medium risk"
"2703-AMTUL","One year","53.65","36","No","stable"
"0928-JMXNP","Month-to-month","29.9","4","No","medium risk"
"8173-RXAYP","Two year","19.7","24","No","stable"
"4825-XJGDM","One year","43.7","61","No","stable"
"5402-HTOTQ","Month-to-month","55.3","16","No","medium risk"
"6734-JDTTV","Two year","19.85","65","No","stable"
"7850-THJMU","Two year","19.65","26","No","stable"
"3890-RTCMS","Month-to-month","49.45","16","No","medium risk"
"8849-GYOKR","One year","106.55","54","Yes","churned"
"3148-BLQJT","Month-to-month","20.1","1","Yes","churned"
"3717-FDJFU","Two year","20.45","5","No","stable"
"3665-JATSN","Month-to-month","39.7","19","No","medium risk"
"7966-YOTQW","Month-to-month","54.5","10","No","medium risk"
"0461-CVKMU","Month-to-month","83.8","23","Yes","churned"
"8806-EAGWC","Month-to-month","55.15","3","Yes","churned"
"8853-TZDGH","Two year","111.6","72","No","stable"
"7779-LGOVN","Month-to-month","86.65","10","Yes","churned"
"4324-BZCKL","Month-to-month","55.55","10","No","medium risk"
"6924-TDGMT","One year","20.55","11","No","stable"
"9710-ZUSHQ","Month-to-month","106.75","37","Yes","churned"
"1536-YHDOE","One year","62.1","17","No","stable"
"8123-QBNAZ","Month-to-month","104.5","36","No","medium risk"
"3629-ZNKXA","Month-to-month","101.8","17","No","medium risk"
"4827-LTQRJ","One year","110.6","66","No","stable"
"7711-YIJWC","One year","84.9","61","No","stable"
"5482-VXSXJ","Month-to-month","93.2","22","No","medium risk"
"7365-BVCJH","Month-to-month","24.4","1","No","medium risk"
"9620-ENEJV","Month-to-month","70.55","6","No","medium risk"
"4183-WCSEP","Month-to-month","78.45","31","Yes","churned"
"2378-YIZKA","Two year","85","68","No","stable"
"5498-TXHLF","Month-to-month","87.45","34","Yes","churned"
"0689-DSXGL","Month-to-month","85.8","52","No","medium risk"
"6818-DJXAA","Month-to-month","91.1","10","No","high risk"
"9722-UJOJR","Month-to-month","70.75","29","Yes","churned"
"0464-WJTKO","Two year","20.1","72","No","stable"
"8902-ZEOVF","One year","20.05","47","No","stable"
"6778-EICRF","One year","74.8","24","No","stable"
"2662-NNTDK","One year","24.8","65","No","stable"
"4132-KALRO","Month-to-month","100.85","4","No","high risk"
"3902-FOIGH","Month-to-month","101.35","12","Yes","churned"
"6772-KSATR","Month-to-month","81.7","1","Yes","churned"
"7112-OPOTK","Month-to-month","68.25","33","Yes","churned"
"2874-YXVVA","Month-to-month","105.1","34","No","medium risk"
"1245-HARPS","Two year","20.4","14","No","stable"
"4210-QFJMF","Month-to-month","79.15","4","Yes","churned"
"4323-ELYYB","One year","20","13","No","stable"
"4293-ETKAP","Two year","79.4","65","No","stable"
"6064-PUPMC","One year","57.2","23","No","stable"
"6504-VBLFL","Two year","58.6","55","No","stable"
"6322-PJJDJ","Two year","94.8","49","No","stable"
"0330-BGYZE","One year","102.5","60","No","stable"
"1085-LDWAM","One year","20.35","69","No","stable"
"7586-ZATGZ","Month-to-month","84.9","40","No","medium risk"
"7197-VOJMM","Two year","69.2","67","No","stable"
"3318-OSATS","Month-to-month","95.45","35","Yes","churned"
"5828-AVIPD","One year","100.95","19","Yes","churned"
"1843-TLSGD","Two year","20.85","13","No","stable"
"9626-VFRGG","Month-to-month","88.5","41","No","medium risk"
"7075-BNDVQ","Month-to-month","35","4","No","medium risk"
"9143-CANJF","Month-to-month","55.15","24","No","medium risk"
"7284-BUYEC","Month-to-month","50.95","5","No","medium risk"
"2041-JIJCI","Month-to-month","64","5","No","medium risk"
"1086-LXKFY","Month-to-month","69.1","1","Yes","churned"
"4900-MSOMT","Two year","80.2","72","No","stable"
"2229-VWQJH","Month-to-month","49.3","24","No","medium risk"
"9194-GFVOI","Two year","84.35","42","No","stable"
"1336-EZFZY","Month-to-month","20.05","4","No","medium risk"
"4282-MSACW","One year","117.2","68","No","stable"
"1403-LKLIK","One year","20.1","33","No","stable"
"2636-ALXXZ","Month-to-month","69.6","1","Yes","churned"
"7774-OJSXI","One year","103.45","31","Yes","churned"
"7786-WBJYI","Month-to-month","77.95","4","Yes","churned"
"0136-IFMYD","Two year","109.95","69","No","stable"
"5144-TVGLP","Month-to-month","94.75","38","No","medium risk"
"9643-AVVWI","Month-to-month","80","3","No","medium risk"
"0253-ZTEOB","Two year","79.65","48","No","stable"
"2706-QZIHY","Two year","25.2","15","No","stable"
"6061-PQHMK","One year","19.9","25","No","stable"
"9885-CSMWE","Month-to-month","78.45","1","Yes","churned"
"6137-MFAJN","Month-to-month","44.8","48","No","medium risk"
"9122-UMROB","Month-to-month","20.3","1","No","medium risk"
"4232-JGKIY","Month-to-month","19.2","1","No","medium risk"
"2402-TAIRZ","One year","80.05","37","No","stable"
"9659-ZTWSM","One year","107.35","66","No","stable"
"9139-TWBAS","One year","47.85","26","No","stable"
"6685-GBWJZ","One year","70.8","63","No","stable"
"5016-ETTFF","Month-to-month","29.5","10","Yes","churned"
"3866-MDTUB","Month-to-month","70.75","2","Yes","churned"
"2195-VVRJF","Month-to-month","59.1","18","No","medium risk"
"3913-RDSJZ","Two year","25.55","64","No","stable"
"8058-JMEQO","Month-to-month","84.45","9","Yes","churned"
"4203-QGNZA","Month-to-month","20.25","28","No","medium risk"
"5043-TRZWM","Month-to-month","75.55","1","No","medium risk"
"0697-ZMSWS","Month-to-month","85.65","4","Yes","churned"
"7657-DYEPJ","One year","70.15","38","Yes","churned"
"9494-BDNNC","One year","95.3","66","No","stable"
"1640-PLFMP","Month-to-month","70.25","1","No","medium risk"
"5366-OBVMR","Month-to-month","50.3","18","No","medium risk"
"8276-MQBYC","Month-to-month","97.8","51","Yes","churned"
"7593-XFKDI","Month-to-month","46.3","1","Yes","churned"
"4573-JKNAE","Two year","19.35","12","No","stable"
"0337-CNPZE","Month-to-month","106.3","41","Yes","churned"
"9817-APLHW","Month-to-month","25","12","No","medium risk"
"8380-MQINP","Two year","20.3","55","No","stable"
"0840-DFEZH","Month-to-month","75.35","7","No","medium risk"
"1513-XNPPH","Month-to-month","89.4","12","Yes","churned"
"8690-ZVLCL","Two year","88","68","No","stable"
"6015-VVHHE","Month-to-month","83.15","5","Yes","churned"
"1125-SNVCK","Month-to-month","43.8","49","No","medium risk"
"0384-LPITE","One year","62.05","40","No","stable"
"4616-EWBNJ","One year","20.1","16","No","stable"
"6347-DCUIK","Month-to-month","74.15","10","Yes","churned"
"1335-HQMKX","One year","101.35","72","No","stable"
"2545-EBUPK","Month-to-month","84.05","2","No","high risk"
"6923-AQONU","Two year","20.9","23","No","stable"
"2172-EJXVF","One year","105.9","71","No","stable"
"0897-FEGMU","Month-to-month","99.5","11","Yes","churned"
"7663-RGWBC","Month-to-month","44.15","1","Yes","churned"
"1120-BMWUB","Month-to-month","53.9","16","Yes","churned"
"9124-LHCJQ","Month-to-month","85.45","1","Yes","churned"
"4536-PLEQY","Month-to-month","85.05","12","No","medium risk"
"7029-IJEJK","One year","44.1","54","No","stable"
"8871-JLMHM","Two year","90.2","68","No","stable"
"2235-ZGKPT","Month-to-month","50.85","4","Yes","churned"
"3891-PUQOD","Month-to-month","59.2","1","Yes","churned"
"5447-VYTKW","Month-to-month","53.45","27","No","medium risk"
"3623-FQBOX","Month-to-month","19.95","21","No","medium risk"
"0689-NKYLF","Month-to-month","83.2","13","Yes","churned"
"8659-HDIYE","Month-to-month","74.65","64","No","medium risk"
"3658-KIBGF","Month-to-month","54.9","1","Yes","churned"
"3474-BAFSJ","Two year","57.5","57","No","stable"
"5519-YLDGW","Month-to-month","103.9","21","Yes","churned"
"3865-ZFZIB","Two year","19.65","19","No","stable"
"1855-AGAWH","One year","93.8","31","No","stable"
"7109-CQYUZ","Two year","89.25","52","No","stable"
"1370-GGAWX","One year","94.15","46","No","stable"
"4680-KUTAJ","Month-to-month","55.6","11","No","medium risk"
"5307-UVGNB","Month-to-month","48.7","53","No","medium risk"
"4946-EDSEW","Month-to-month","19.25","11","Yes","churned"
"2883-ILGWO","Month-to-month","104.9","57","No","medium risk"
"2516-VQRRV","Month-to-month","75.45","2","Yes","churned"
"7580-UGXNC","Month-to-month","54.85","2","Yes","churned"
"3642-BYHDO","Two year","19.9","71","No","stable"
"9629-NHXFW","Month-to-month","19.4","1","No","medium risk"
"2696-RZVZW","Two year","25.05","68","No","stable"
"5766-FTRTS","Two year","84.45","72","No","stable"
"0396-HUJBP","Month-to-month","19.3","2","No","medium risk"
"5178-LMXOP","Month-to-month","95.1","1","Yes","churned"
"8879-ZKJOF","One year","79.85","41","No","stable"
"6285-FTQBF","Two year","25.55","72","No","stable"
"8185-UPYBR","Month-to-month","75.5","6","Yes","churned"
"4585-HETAI","Month-to-month","73.75","4","Yes","churned"
"7526-BEZQB","Month-to-month","96.05","12","Yes","churned"
"1474-JUWSM","One year","68.4","58","No","stable"
"3530-CRZSB","Month-to-month","20.65","7","No","medium risk"
"8498-XXGWA","Month-to-month","55.15","65","No","medium risk"
"9617-INGJY","Month-to-month","70.6","1","No","medium risk"
"0621-TSSMU","One year","19.95","56","No","stable"
"7234-KMNRQ","Month-to-month","19","4","No","medium risk"
"7636-PEPNS","One year","44.1","58","No","stable"
"4683-WYDOU","Two year","107.6","62","No","stable"
"9052-DHNKM","One year","61.55","26","No","stable"
"6794-HKIAJ","Month-to-month","90.7","62","No","medium risk"
"5578-NKCXI","One year","99.25","58","No","stable"
"1642-HMARX","Two year","91.7","68","No","stable"
"3096-WPXBT","One year","100.7","61","No","stable"
"8434-PNQZX","Two year","78.45","42","No","stable"
"5950-AAAGJ","Month-to-month","84.3","18","No","medium risk"
"4299-OPXEJ","Two year","19.55","56","No","stable"
"4951-UKAAQ","Month-to-month","88.95","4","Yes","churned"
"9618-LFJRU","Month-to-month","20.45","4","No","medium risk"
"6693-DJWTY","One year","55.6","35","No","stable"
"0744-GKNGE","Month-to-month","86.8","64","No","medium risk"
"6447-EGDIV","One year","20.95","31","No","stable"
"1167-OYZJF","Two year","20.05","67","No","stable"
"2108-YKQTY","Month-to-month","50.7","4","Yes","churned"
"4806-DXQCE","Two year","113.65","70","No","stable"
"4918-QLLIW","Month-to-month","53.4","3","Yes","churned"
"7056-IMHCC","Month-to-month","101.9","53","Yes","churned"
"4854-SSLTN","Two year","59.5","2","No","stable"
"5294-DMSFH","Month-to-month","87.8","29","No","medium risk"
"4837-PZTIC","Two year","41.9","47","No","stable"
"1625-JAIIY","One year","83","68","Yes","churned"
"0603-OLQDC","Month-to-month","69.85","12","No","medium risk"
"3272-VUHPV","Month-to-month","56.3","8","No","medium risk"
"4176-FXYBO","Month-to-month","109.55","54","No","medium risk"
"1063-DHQJF","Two year","92.15","69","No","stable"
"8663-UPDGF","Month-to-month","69.5","26","No","medium risk"
"6719-FGEDO","Two year","97","72","No","stable"
"1837-YQUCE","Two year","58.35","70","No","stable"
"2947-DOMLJ","Month-to-month","50.6","1","Yes","churned"
"4112-LUEIZ","Month-to-month","89.5","10","Yes","churned"
"0369-ZGOVK","One year","70.4","28","No","stable"
"4510-HIMLV","Month-to-month","69.8","1","Yes","churned"
"9919-KNPOO","Month-to-month","94.3","21","No","medium risk"
"8749-JMNKX","Month-to-month","93.8","51","Yes","churned"
"7872-BAAZR","One year","19.55","53","No","stable"
"9391-LMANN","One year","95.95","53","No","stable"
"2430-USGXP","Month-to-month","101.05","24","Yes","churned"
"8174-TBVCF","Two year","94.8","70","No","stable"
"1698-XFZCI","One year","107.75","61","No","stable"
"1877-HKBQX","One year","54.6","11","No","stable"
"4450-DLLMH","Month-to-month","71.3","2","No","medium risk"
"0428-AXXLJ","One year","19.5","25","No","stable"
"2746-DIJLO","One year","56.3","41","No","stable"
"5955-ERIHD","Month-to-month","94.7","18","Yes","churned"
"0917-EZOLA","Two year","104.15","72","Yes","churned"
"3508-VLHCZ","Two year","90.55","71","No","stable"
"4086-ATNFV","One year","60.8","34","No","stable"
"0468-YRPXN","Month-to-month","98.8","29","No","medium risk"
"5996-NRVXR","One year","98.15","40","No","stable"
"3739-YBWAB","One year","35.35","36","No","stable"
"7047-FWEYA","One year","103.15","46","No","stable"
"2000-MPKCA","One year","107.75","58","No","stable"
"9762-YAQAA","One year","81.4","39","No","stable"
"5949-EBSQK","Month-to-month","61.45","4","Yes","churned"
"5473-KHBPS","One year","95.7","52","No","stable"
"0100-DUVFC","One year","104.8","70","No","stable"
"5397-TUPSH","One year","70.95","65","No","stable"
"8950-MTZNV","Month-to-month","44.95","1","No","medium risk"
"0326-VDYXE","One year","97.65","70","No","stable"
"6773-LQTVT","Month-to-month","35.65","29","No","medium risk"
"7274-RTAPZ","Month-to-month","90.55","1","Yes","churned"
"0436-TWFFZ","Two year","85.25","67","No","stable"
"8566-YPRGL","Month-to-month","19.5","1","No","medium risk"
"0311-UNPFF","Month-to-month","88.8","26","Yes","churned"
"6609-MXJHJ","Two year","25.1","30","No","stable"
"2669-OIDSD","Month-to-month","100.05","48","No","medium risk"
"8400-WZICQ","Month-to-month","55.7","55","No","medium risk"
"3834-XUIFC","Month-to-month","85.2","7","Yes","churned"
"9576-SYUHJ","Month-to-month","91.15","37","No","medium risk"
"0410-IPFTY","Month-to-month","83.85","31","No","medium risk"
"2831-EBWRN","Month-to-month","45.9","4","No","medium risk"
"9430-NKQLY","Two year","25.1","72","No","stable"
"8414-MYSHR","Month-to-month","91.4","5","Yes","churned"
"0247-SLUJI","Month-to-month","19.7","1","No","medium risk"
"9402-ORRAH","Month-to-month","91.5","15","No","medium risk"
"6483-OATDN","Month-to-month","51.3","8","No","medium risk"
"1293-HHSHJ","One year","21.1","35","No","stable"
"4840-ORQXB","Month-to-month","104.75","56","No","medium risk"
"7599-FKVXZ","Month-to-month","106.15","42","Yes","churned"
"3982-DQLUS","Month-to-month","85.75","65","No","medium risk"
"8610-ZIKJJ","One year","20.3","2","No","stable"
"3756-VNWDH","One year","100.75","65","No","stable"
"7801-KICAO","Month-to-month","74.15","18","No","medium risk"
"7673-LPRNY","One year","78.55","23","No","stable"
"8229-TNIQA","Month-to-month","45.3","4","Yes","churned"
"6060-QBMGV","Two year","19.85","70","No","stable"
"7339-POGZN","Month-to-month","50.7","4","No","medium risk"
"2828-SLQPF","Month-to-month","45","19","No","medium risk"
"4465-VDKIQ","Month-to-month","77.8","18","No","medium risk"
"2921-XWDJH","Month-to-month","83.45","38","No","medium risk"
"6221-AVQYL","Month-to-month","73.25","2","Yes","churned"
"2558-BUOZZ","One year","94.8","47","No","stable"
"9257-AZMTZ","Two year","20.1","52","No","stable"
"0003-MKNFE","Month-to-month","59.9","9","No","medium risk"
"0975-UYDTX","One year","90.1","26","No","stable"
"7743-EXURX","Month-to-month","51.05","8","Yes","churned"
"4682-BLBUC","One year","70.95","44","No","stable"
"0975-VOOVL","Month-to-month","29.2","3","No","medium risk"
"5968-VXZLG","Month-to-month","46.6","2","No","medium risk"
"5569-KGJHX","Month-to-month","85.35","9","Yes","churned"
"4988-IQIGL","Month-to-month","75.35","1","Yes","churned"
"5201-FRKKS","Month-to-month","74.3","25","No","medium risk"
"9799-CAYJJ","Month-to-month","69.3","2","No","medium risk"
"7730-IUTDZ","Month-to-month","75.2","43","Yes","churned"
"0426-TIRNE","Month-to-month","20.9","1","Yes","churned"
"5443-SCMKX","One year","94.3","58","No","stable"
"8295-KMENE","Two year","76.45","59","No","stable"
"6738-ISCBM","One year","54","44","No","stable"
"9821-BESNZ","One year","104.25","66","No","stable"
"3678-MNGZX","Two year","19.95","68","No","stable"
"1335-NTIUC","Month-to-month","24.95","9","No","medium risk"
"2916-BQZLN","Month-to-month","84.75","19","No","medium risk"
"4558-CGYCZ","Month-to-month","19.75","4","No","medium risk"
"2368-GAKKQ","Two year","113.65","70","No","stable"
"8710-YGLWG","Month-to-month","44.9","1","No","medium risk"
"3199-XGZCY","Month-to-month","75.25","8","No","medium risk"
"3785-KTYSH","Two year","24.6","53","No","stable"
"6814-ZPWFQ","One year","25","51","No","stable"
"4063-EIKNQ","Month-to-month","20.95","11","No","medium risk"
"6993-YCOBK","Two year","110.6","60","No","stable"
"5206-HPJKM","Month-to-month","55.5","17","No","medium risk"
"7587-RZNME","Month-to-month","43.3","3","Yes","churned"
"0748-RDGGM","One year","109.5","70","Yes","churned"
"8393-JMVMB","Month-to-month","19.45","1","No","medium risk"
"5019-GQVCR","Month-to-month","84.85","43","No","medium risk"
"6036-TTFYU","Month-to-month","19.6","16","No","medium risk"
"2550-AEVRU","One year","53.45","57","No","stable"
"0969-RGKCU","One year","19.8","37","No","stable"
"0378-CJKPV","Two year","112.1","72","No","stable"
"4706-AXVKM","Month-to-month","84.8","11","Yes","churned"
"5889-JTMUL","Month-to-month","95.05","50","Yes","churned"
"9026-RNUJS","Month-to-month","50.35","5","Yes","churned"
"3746-EUBYR","Month-to-month","74.6","1","Yes","churned"
"2332-EFBJY","Month-to-month","19.7","16","Yes","churned"
"2880-FPNAE","Month-to-month","74.2","2","No","medium risk"
"1703-MGIAB","Month-to-month","69","17","No","medium risk"
"4311-QTTAI","One year","19.35","16","No","stable"
"9474-PHLYD","Month-to-month","59.45","15","Yes","churned"
"4318-RAJVY","One year","19.8","10","No","stable"
"2165-VOEGB","One year","105.2","46","Yes","churned"
"3612-YUNGG","Two year","109.2","64","No","stable"
"2254-DLXRI","Month-to-month","79.15","1","No","medium risk"
"5062-CJJKH","One year","53.65","25","No","stable"
"9028-LIHRP","Two year","100.2","71","No","stable"
"2219-MVUSO","Month-to-month","45.15","8","Yes","churned"
"1053-MXTTK","Two year","108.65","72","No","stable"
"1530-ZTDOZ","Month-to-month","40.65","49","No","medium risk"
"1301-LOPVR","One year","55.35","29","No","stable"
"0853-TWRVK","Two year","105.6","72","No","stable"
"8914-RBTSB","Month-to-month","93.8","31","Yes","churned"
"6212-ATMLK","Month-to-month","95.7","50","No","medium risk"
"8200-LGKSR","Two year","83.2","71","No","stable"
"1568-BEKZM","Two year","90.05","70","No","stable"
"0670-ANMUU","One year","97.65","71","No","stable"
"6897-RWMUB","Two year","68.05","61","No","stable"
"0963-ZBDRN","Month-to-month","96.2","32","Yes","churned"
"7594-RQHXR","Month-to-month","79.6","1","Yes","churned"
"6999-CHVCF","Two year","102.1","68","No","stable"
"6134-KWTBV","Two year","23.4","62","No","stable"
"1077-HUUJM","Month-to-month","71.05","7","No","medium risk"
"6331-EWIEB","Month-to-month","85.25","20","Yes","churned"
"0895-LNKRC","One year","19.45","6","No","stable"
"2045-BMBTJ","Month-to-month","59.45","33","No","medium risk"
"8417-GSODA","One year","92.2","28","No","stable"
"5171-EPLKN","Two year","19.85","27","No","stable"
"4452-QIIEB","Month-to-month","43.9","7","No","medium risk"
"5998-VVEJY","Month-to-month","80.5","26","Yes","churned"
"1624-NALOJ","Month-to-month","89.8","5","Yes","churned"
"6741-EGCBI","Month-to-month","90.5","30","No","medium risk"
"7820-ZYGNY","One year","90.45","63","No","stable"
"4317-VTEOA","Month-to-month","50.75","1","Yes","churned"
"9677-AVKED","One year","84.6","53","No","stable"
"1670-SVOWZ","Month-to-month","89.65","14","Yes","churned"
"2227-JRSJX","Month-to-month","99.15","21","No","medium risk"
"9847-HNVGP","One year","19.95","17","No","stable"
"6696-YDAYZ","Two year","20.5","16","No","stable"
"8980-WQFWL","Month-to-month","62.1","35","No","medium risk"
"1730-ZMAME","Month-to-month","79.5","32","No","medium risk"
"6506-EYCNH","Month-to-month","19.55","28","No","medium risk"
"4634-JLRJT","Month-to-month","20.35","1","No","medium risk"
"9501-UKKNL","Month-to-month","51.7","59","No","medium risk"
"2560-QTSBS","One year","23.3","72","No","stable"
"7541-YLXCL","One year","65.4","36","Yes","churned"
"4795-WRNVT","Month-to-month","65.1","40","No","medium risk"
"6080-TCMYC","Month-to-month","81.2","40","No","medium risk"
"0260-ZDLGK","Month-to-month","72.9","9","Yes","churned"
"7860-UXCRM","Two year","74.5","63","No","stable"
"6357-JJPQT","Month-to-month","80.5","3","No","high risk"
"2292-XQWSV","One year","60.3","40","No","stable"
"9552-TGUZV","Month-to-month","75","8","No","medium risk"
"5913-INRQV","One year","90.15","34","No","stable"
"8722-NGNBH","Month-to-month","40","5","Yes","churned"
"6210-KBBPI","Month-to-month","99.45","9","Yes","churned"
"9643-YBLUR","Month-to-month","69.05","9","No","medium risk"
"8734-FNWVH","Month-to-month","59.7","31","No","medium risk"
"9447-YPTBX","One year","19.85","50","No","stable"
"0133-BMFZO","Month-to-month","86.25","2","Yes","churned"
"6128-CZOMY","Month-to-month","45.65","1","Yes","churned"
"9540-JYROE","Month-to-month","70.1","8","Yes","churned"
"9026-LHEVG","Month-to-month","40.75","9","No","medium risk"
"2260-USTRB","Month-to-month","70.2","2","Yes","churned"
"3656-TKRVZ","Month-to-month","55.35","3","Yes","churned"
"7011-CVEUC","Month-to-month","95.7","25","No","medium risk"
"6185-TASNN","Month-to-month","46.3","1","No","medium risk"
"7925-PNRGI","Month-to-month","81.3","45","No","medium risk"
"8623-TMRBY","Month-to-month","84.2","51","Yes","churned"
"1552-CZCLL","Month-to-month","20","55","No","medium risk"
"3038-PQIUY","Month-to-month","66.15","38","No","medium risk"
"1501-SGHBW","Month-to-month","45.85","2","Yes","churned"
"9313-CDOGY","Month-to-month","19.6","38","No","medium risk"
"8148-BPLZQ","Month-to-month","49.8","34","No","medium risk"
"2623-DRYAM","One year","101.75","70","No","stable"
"9987-LUTYD","One year","55.15","13","No","stable"
"3208-YPIOE","Month-to-month","75.25","39","Yes","churned"
"4488-KQFDT","One year","103.95","61","No","stable"
"2612-RANWT","Month-to-month","100.15","12","Yes","churned"
"5693-PIPCS","Two year","99.65","41","No","stable"
"0491-KAPQG","Month-to-month","73.7","21","No","medium risk"
"1925-LFCZZ","One year","50.05","55","No","stable"
"8039-EQPIM","Two year","60.25","69","No","stable"
"6900-PXRMS","Month-to-month","105.75","26","Yes","churned"
"8707-RMEZH","One year","87.3","69","No","stable"
"3346-BRMIS","Month-to-month","48.35","18","Yes","churned"
"3209-ZPKFI","Month-to-month","54.25","47","No","medium risk"
"6479-VDGRK","Two year","85.3","72","No","stable"
"9373-WSLOY","Month-to-month","50","33","No","medium risk"
"2933-FILNV","Month-to-month","24.4","2","Yes","churned"
"3569-JFODW","Two year","90.95","72","No","stable"
"9819-FBNSV","Month-to-month","72.25","37","No","medium risk"
"9544-PYPSJ","Month-to-month","96.1","62","No","medium risk"
"1591-XWLGB","Two year","19.85","71","No","stable"
"0396-UKGAI","Month-to-month","55.3","23","No","medium risk"
"3243-ZHOHY","One year","20.1","16","No","stable"
"5186-EJEGL","Month-to-month","69.5","9","No","medium risk"
"7527-QNRUS","Two year","25.15","17","No","stable"
"9986-BONCE","Month-to-month","20.95","4","Yes","churned"
"2722-JMONI","Month-to-month","49.55","1","Yes","churned"
"2203-GHNWN","Month-to-month","79.65","24","No","medium risk"
"3878-AVSOQ","Month-to-month","71.25","1","No","medium risk"
"3258-SYSWS","Two year","113.8","72","No","stable"
"5296-PSYVW","Two year","24.55","72","No","stable"
"6319-QSUSR","Month-to-month","19.7","11","No","medium risk"
"4083-EUGRJ","Month-to-month","20.25","9","Yes","churned"
"7579-OOPEC","Month-to-month","50.15","2","Yes","churned"
"0512-FLFDW","One year","100.5","60","No","stable"
"1771-OADNZ","Month-to-month","95.9","29","Yes","churned"
"0487-CRLZF","Two year","74.45","49","No","stable"
"2107-FBPTK","Month-to-month","104.1","30","No","medium risk"
"9451-WLYRI","One year","19.05","53","No","stable"
"8219-VYBVI","Two year","25","39","No","stable"
"1991-VOPLL","Month-to-month","19.05","9","No","medium risk"
"9738-QLWTP","One year","81.9","39","No","stable"
"1016-DJTSV","Month-to-month","69.7","8","No","medium risk"
"9419-IPPBE","One year","90.15","51","No","stable"
"0174-QRVVY","Two year","25.35","71","No","stable"
"5699-BNCAS","Two year","24.65","71","No","stable"
"2900-PHPLN","Two year","19.55","70","No","stable"
"0612-RTZZA","Month-to-month","25.25","1","Yes","churned"
"8106-GWQOK","Two year","60","38","No","stable"
"8751-EDEKA","Month-to-month","89.9","28","No","medium risk"
"6878-GGDWG","Month-to-month","19.4","32","No","medium risk"
"4039-PIMHX","Two year","49.8","49","No","stable"
"8450-LUGUK","Two year","24.1","37","No","stable"
"3604-WLABM","Month-to-month","54.25","10","No","medium risk"
"0795-GMVQO","One year","109.9","67","No","stable"
"2259-OUUSZ","One year","35.5","7","No","stable"
"1142-IHLOO","One year","87.55","51","No","stable"
"6410-LEFEN","Month-to-month","45.15","9","Yes","churned"
"4633-MKHYU","Month-to-month","88.4","9","No","high risk"
"6257-RJOHI","Month-to-month","50.8","4","No","medium risk"
"1545-JFUML","Two year","99","71","No","stable"
"3194-ORPIK","Month-to-month","84.4","50","Yes","churned"
"7826-VVKWT","Two year","96.55","24","No","stable"
"1353-GHZOS","One year","59.75","22","No","stable"
"2587-EKXTS","Month-to-month","111.5","44","No","medium risk"
"5442-BXVND","Month-to-month","24.25","33","No","medium risk"
"8816-VXNZD","Month-to-month","75.1","1","Yes","churned"
"9378-FXTIZ","One year","70.15","54","Yes","churned"
"1723-HKXJQ","Month-to-month","101.75","42","Yes","churned"
"7825-GKXMW","Month-to-month","45.8","1","Yes","churned"
"9753-OYLBX","Month-to-month","20.5","1","No","medium risk"
"2364-UFROM","One year","70.4","30","No","stable"
"6656-JWRQX","Month-to-month","30.55","1","No","medium risk"
"6473-ULUHT","Month-to-month","84.9","16","No","medium risk"
"1240-KNSEZ","Month-to-month","20.1","1","Yes","churned"
"0836-SEYLU","Month-to-month","40.65","9","Yes","churned"
"4433-JCGCG","Month-to-month","101","46","Yes","churned"
"3716-BDVDB","Month-to-month","69.1","1","Yes","churned"
"7688-AWMDX","Two year","54.5","71","No","stable"
"2842-BCQGE","Month-to-month","75.35","43","No","medium risk"
"7244-QWYHG","One year","44.45","50","No","stable"
"5899-MQZZL","Month-to-month","75","13","Yes","churned"
"6849-OYAMU","One year","100","19","Yes","churned"
"5312-UXESG","Month-to-month","98.05","41","No","medium risk"
"9488-HGMJH","Month-to-month","71.15","1","Yes","churned"
"6038-GCYEC","Month-to-month","54.15","24","Yes","churned"
"2150-WLKUW","One year","63.9","40","No","stable"
"7159-FVYPK","Month-to-month","69.15","3","No","medium risk"
"7032-LMBHI","One year","64.65","37","No","stable"
"1150-WFARN","Two year","108.75","67","Yes","churned"
"6088-BXMRG","Month-to-month","98.85","32","No","medium risk"
"3144-AUDBS","Month-to-month","49.15","6","Yes","churned"
"4821-SJHJV","Month-to-month","89.6","32","No","medium risk"
"7346-MEDWM","Month-to-month","83.25","59","No","medium risk"
"1137-DGOWI","One year","70.25","30","No","stable"
"5616-PRTNT","Month-to-month","19.4","20","Yes","churned"
"3812-LRZIR","Two year","24.5","27","No","stable"
"4818-QIUFN","Month-to-month","79.15","20","Yes","churned"
"9483-GCPWE","One year","20.1","9","No","stable"
"4227-OJHAL","One year","73","68","No","stable"
"9220-CXRSC","Two year","61.4","69","No","stable"
"4993-JCRGJ","Month-to-month","84.3","26","No","medium risk"
"9537-JALFH","Two year","19.9","69","No","stable"
"6698-OXETB","Two year","20.4","11","No","stable"
"2103-ZRXFN","Month-to-month","50.75","1","No","medium risk"
"3724-BSCVH","One year","20.45","10","No","stable"
"4877-TSOFF","One year","75.75","55","No","stable"
"9209-NWPGU","One year","65.4","44","No","stable"
"6961-VCPMC","Month-to-month","80.4","46","Yes","churned"
"7306-YDSOI","Two year","59.75","69","No","stable"
"5288-AHOUP","Month-to-month","78.5","11","No","medium risk"
"6688-UZPWD","Month-to-month","102","11","Yes","churned"
"0655-YDGFJ","Month-to-month","48.95","29","No","medium risk"
"8468-EHYJA","Month-to-month","99.65","57","No","medium risk"
"6823-SIDFQ","One year","18.25","28","No","stable"
"1097-FSPVW","Month-to-month","54.55","42","No","medium risk"
"2839-RFSQE","Month-to-month","20.65","2","Yes","churned"
"8328-SKJNO","One year","40.65","23","No","stable"
"7010-ZMVBF","Month-to-month","20.45","18","No","medium risk"
"5201-CBWYG","One year","24.8","62","No","stable"
"0968-GSIKN","Month-to-month","70.8","1","Yes","churned"
"1965-DDBWU","Month-to-month","89.05","16","Yes","churned"
"9057-SIHCH","Month-to-month","96.6","3","Yes","churned"
"6352-GIGGQ","One year","88.8","67","No","stable"
"3635-QQRQD","Two year","20.05","62","No","stable"
"6771-XWBDM","Month-to-month","104.5","57","Yes","churned"
"2897-DOVND","Month-to-month","69.8","2","No","medium risk"
"3082-YVEKW","Two year","77.15","23","No","stable"
"0191-EQUUH","Two year","35.05","25","No","stable"
"7134-HBPBS","Two year","108.1","72","No","stable"
"3489-HHPFY","Month-to-month","84.05","2","No","high risk"
"2926-JEJJC","One year","20.2","8","No","stable"
"8601-QACRS","Month-to-month","50.6","5","Yes","churned"
"4950-BDEUX","Month-to-month","49.2","35","No","medium risk"
"5789-LDFXO","One year","24.6","24","No","stable"
"0508-OOLTO","Month-to-month","71.65","2","No","medium risk"
"2984-TBYKU","Two year","104.9","72","No","stable"
"9822-WMWVG","Month-to-month","106.5","41","No","medium risk"
"2391-SOORI","Month-to-month","49.35","4","Yes","churned"
"9040-KZVWO","One year","75.5","26","No","stable"
"2645-QTLMB","Month-to-month","94.25","7","Yes","churned"
"4806-HIPDW","Month-to-month","68.95","1","Yes","churned"
"1548-ARAGG","Month-to-month","58.5","4","No","medium risk"
"6339-RZCBJ","Two year","78.9","48","No","stable"
"4424-TKOPW","Month-to-month","93.85","2","Yes","churned"
"4415-WNGVR","One year","79.2","12","No","stable"
"2522-AHJXR","Month-to-month","109.45","60","No","medium risk"
"0412-UCCNP","Two year","59.2","55","No","stable"
"1816-FLZDK","Month-to-month","29.15","1","No","medium risk"
"7096-UCLNH","Month-to-month","20.05","1","No","medium risk"
"8443-ZRDBZ","Month-to-month","76.05","4","Yes","churned"
"9136-ALYBR","Month-to-month","24.45","1","Yes","churned"
"4615-PIVVU","Two year","66.5","42","No","stable"
"8885-QSQBX","Month-to-month","49.55","1","No","medium risk"
"7479-NITWS","Month-to-month","89.35","7","Yes","churned"
"8617-ENBDS","Month-to-month","73.6","3","No","medium risk"
"9385-NXKDA","Two year","82.65","72","No","stable"
"0430-IHCDJ","Month-to-month","49","15","No","medium risk"
"2959-MJHIC","Month-to-month","80.35","4","Yes","churned"
"6674-KVJHG","One year","25.2","11","No","stable"
"1814-DKOLC","Month-to-month","25.45","5","No","medium risk"
"4201-JMNGR","Month-to-month","55.8","1","Yes","churned"
"9351-HXDMR","Two year","110.9","72","No","stable"
"3537-HPKQT","Month-to-month","77.75","55","No","medium risk"
"2129-ALKBS","Month-to-month","26.2","40","No","medium risk"
"5821-MMEIL","Two year","19.9","57","No","stable"
"5960-WPXQM","Month-to-month","79.05","1","Yes","churned"
"0684-AOSIH","Month-to-month","95","1","Yes","churned"
"8260-NGFNY","Month-to-month","25.2","1","Yes","churned"
"1309-XGFSN","One year","80.85","52","No","stable"
"1866-RZZQS","Month-to-month","98.4","41","Yes","churned"
"6968-URWQU","One year","56.35","43","No","stable"
"4742-TXUEX","Two year","19.3","47","No","stable"
"9631-XEYKE","Month-to-month","50.4","3","No","medium risk"
"8631-NBHFZ","Two year","79.4","66","Yes","churned"
"1335-MXCSE","Two year","55.25","55","No","stable"
"8873-TMKGR","One year","19.1","29","No","stable"
"8800-JOOCF","Month-to-month","84.05","12","No","medium risk"
"1469-LBJQJ","Month-to-month","105.2","66","No","medium risk"
"4958-XCBDQ","Month-to-month","101.4","35","Yes","churned"
"8337-UPOAQ","Month-to-month","89.8","10","Yes","churned"
"0064-YIJGF","Month-to-month","75.75","27","No","medium risk"
"2386-OWURY","Month-to-month","95.3","58","No","medium risk"
"1725-IQNIY","Two year","109.75","54","Yes","churned"
"0310-VQXAM","Month-to-month","19.85","9","No","medium risk"
"6598-RFFVI","One year","19.3","2","Yes","churned"
"3453-RTHJQ","Month-to-month","69.1","6","No","medium risk"
"6712-OAWRH","Month-to-month","91.25","26","Yes","churned"
"6278-FEPBZ","Month-to-month","20.25","9","No","medium risk"
"4280-DLSHD","Month-to-month","54.75","8","No","medium risk"
"1508-DFXCU","Month-to-month","81.45","12","No","medium risk"
"8614-VGMMV","Month-to-month","49.1","15","Yes","churned"
"7868-BGSZA","One year","80.2","43","No","stable"
"2800-QQUSO","Month-to-month","100.3","42","No","medium risk"
"2930-UOTMB","Month-to-month","65.25","31","Yes","churned"
"7973-DZRKH","Two year","90.95","66","No","stable"
"5914-DVBWJ","Month-to-month","85.45","18","Yes","churned"
"7698-YFGEZ","Month-to-month","20","1","No","medium risk"
"2533-QVMSK","Two year","94.1","61","Yes","churned"
"9773-PEQBZ","Month-to-month","79.85","10","No","medium risk"
"8644-XLFBW","Month-to-month","71.65","1","Yes","churned"
"0650-BWOZN","Month-to-month","73.55","18","No","medium risk"
"8625-AZYZY","Month-to-month","104.65","24","Yes","churned"
"7785-RDVIG","Month-to-month","19.3","3","No","medium risk"
"9602-WCXPI","One year","20.15","50","No","stable"
"2903-YYTBW","Month-to-month","44.55","1","No","medium risk"
"3620-MWJNE","Month-to-month","54.45","2","No","medium risk"
"8573-JGCZW","One year","19.65","17","No","stable"
"6837-HAEVO","Two year","105","69","No","stable"
"6701-YVNQG","Two year","88.7","72","No","stable"
"9306-CPCBC","Month-to-month","74.25","3","Yes","churned"
"4304-XUMGI","Two year","75.15","50","No","stable"
"9504-YAZWB","Two year","20.25","53","No","stable"
"8819-ZBYNA","Two year","109.1","58","No","stable"
"6174-NRBTZ","One year","30.75","46","No","stable"
"9481-IEBZY","Month-to-month","112.9","72","No","medium risk"
"1833-VGRUM","Month-to-month","74.2","1","Yes","churned"
"6137-NICCO","Month-to-month","94.05","6","No","high risk"
"9065-ZCPQX","Two year","78.85","72","No","stable"
"6402-EJMWF","Month-to-month","55.3","4","No","medium risk"
"3620-EHIMZ","Two year","19.35","52","No","stable"
"6870-ECSHE","One year","20.45","2","No","stable"
"8747-UDCOI","Two year","19.35","65","No","stable"
"8374-XGEJJ","Month-to-month","101","43","Yes","churned"
"2656-TABEH","Month-to-month","100.2","4","Yes","churned"
"6946-LMSQS","One year","89.05","25","Yes","churned"
"4626-OZDTJ","One year","78.65","51","No","stable"
"9169-BSVIN","Month-to-month","74.75","12","No","medium risk"
"2325-ZUSFD","One year","70.1","57","Yes","churned"
"8194-PEEBY","One year","19.9","24","No","stable"
"6872-HXFNF","One year","58.35","64","No","stable"
"3932-CMDTD","One year","105.65","4","Yes","churned"
"7714-YXSMB","Month-to-month","100.5","26","No","medium risk"
"8387-UGUSU","Month-to-month","20.05","15","No","medium risk"
"1080-BWSYE","Two year","25.65","64","No","stable"
"4039-HEUNW","Month-to-month","96.5","36","Yes","churned"
"1194-HVAIF","Month-to-month","95","27","No","medium risk"
"0812-WUPTB","Month-to-month","70.85","1","Yes","churned"
"3594-UVONA","One year","85.95","35","Yes","churned"
"0004-TLHLJ","Month-to-month","73.9","4","Yes","churned"
"1767-TGTKO","Month-to-month","45.45","8","No","medium risk"
"8439-LTUGF","Month-to-month","20","10","No","medium risk"
"8805-JNRAZ","Month-to-month","49.2","2","No","medium risk"
"5089-IFSDP","Two year","109.45","58","Yes","churned"
"6418-HNFED","Two year","83.25","51","No","stable"
"0206-OYVOC","Two year","19.25","46","No","stable"
"7291-CDTMJ","Month-to-month","19.65","1","No","medium risk"
"7128-GGCNO","Month-to-month","72.8","46","No","medium risk"
"0237-YFUTL","Month-to-month","109.65","50","No","medium risk"
"7691-KGKGP","Month-to-month","65","53","No","medium risk"
"6710-HSJRD","Month-to-month","114.1","61","No","medium risk"
"3675-EQOZA","Month-to-month","20.65","5","No","medium risk"
"0840-DCNZE","One year","86.95","47","No","stable"
"1732-FEKLD","One year","94.75","54","No","stable"
"9862-KJTYK","Month-to-month","25.35","19","No","medium risk"
"0479-HMSWA","Two year","105.45","26","No","stable"
"5854-KSRBJ","Two year","25.4","70","No","stable"
"0365-BZUWY","Month-to-month","102.55","17","No","medium risk"
"4817-VYYWS","Month-to-month","100.2","30","Yes","churned"
"5701-SVCWR","Month-to-month","24","1","No","medium risk"
"3129-AAQOU","Two year","25.6","19","No","stable"
"4922-CVPDX","Two year","73.5","26","No","stable"
"1396-QWFBJ","Month-to-month","74.05","21","Yes","churned"
"1357-BIJKI","One year","98.25","50","No","stable"
"1099-BTKWT","One year","54.4","68","No","stable"
"5299-SJCZT","Month-to-month","101.55","3","Yes","churned"
"2018-PZKMU","Month-to-month","103.1","9","No","high risk"
"7340-KEFQE","Two year","34.2","51","No","stable"
"4570-QHXHL","Month-to-month","43.75","9","No","medium risk"
"2403-BCASL","One year","111.95","41","Yes","churned"
"7392-YYPYJ","Month-to-month","100.65","22","No","medium risk"
"2898-LSJGD","One year","55.95","21","Yes","churned"
"2223-GDSHL","Two year","116.05","71","No","stable"
"7359-PTSXY","Month-to-month","45.75","1","Yes","churned"
"9470-RTWDV","One year","82","26","No","stable"
"2176-OSJUV","Two year","65.15","71","No","stable"
"9348-YVOMK","Month-to-month","44.8","4","No","medium risk"
"8104-OSKWT","Month-to-month","79.8","12","No","medium risk"
"4521-YEEHE","Month-to-month","88.85","18","No","medium risk"
"4090-KPJIP","Month-to-month","74.95","3","No","medium risk"
"3786-WOVKF","One year","106.85","72","No","stable"
"4503-BDXBD","Month-to-month","74.95","11","Yes","churned"
"6086-ESGRL","Month-to-month","80.15","1","Yes","churned"
"2592-HODOV","One year","19.3","13","No","stable"
"3886-CERTZ","One year","109.25","72","Yes","churned"
"7995-ZHHNZ","One year","56.1","42","No","stable"
"3824-RHKVR","Month-to-month","19.7","17","No","medium risk"
"5816-SCGFC","Month-to-month","51.3","7","No","medium risk"
"5989-AXPUC","Two year","118.6","68","No","stable"
"4979-HPRFL","Two year","24.15","56","No","stable"
"8590-OHDIW","One year","20.3","38","No","stable"
"8015-IHCGW","Two year","115.5","72","No","stable"
"2332-TODQS","One year","25.05","48","No","stable"
"9278-VZKCD","Month-to-month","109.1","52","No","medium risk"
"8008-OTEZX","One year","19.65","35","No","stable"
"2773-OVBPK","Two year","111.3","67","No","stable"
"5999-LCXAO","Month-to-month","29.9","1","No","medium risk"
"5206-XZZQI","Month-to-month","80.6","53","No","medium risk"
"4803-LBYPN","Month-to-month","20.8","34","No","medium risk"
"5759-RCVCB","Month-to-month","35.2","3","Yes","churned"
"6372-RFVNS","Month-to-month","78.8","1","Yes","churned"
"2139-FQHLM","Month-to-month","89.95","19","No","medium risk"
"8261-GWDBQ","Two year","116.05","60","No","stable"
"1093-YSWCA","Two year","19.55","11","No","stable"
"8938-UMKPI","Month-to-month","106.4","47","Yes","churned"
"0991-BRRFB","Month-to-month","49.4","18","Yes","churned"
"3882-IYOIJ","Two year","115.25","60","No","stable"
"8749-TZYEC","Two year","24.8","72","No","stable"
"1755-FZQEC","One year","19.9","39","No","stable"
"3115-JPJDD","One year","81.25","59","No","stable"
"5600-KTXFM","Month-to-month","69.95","2","No","medium risk"
"3871-IKPYH","Month-to-month","69.1","1","Yes","churned"
"6319-IEJWJ","Month-to-month","90.2","20","Yes","churned"
"9025-AOMKI","Month-to-month","93.55","6","Yes","churned"
"6339-TBELP","Two year","86.4","71","No","stable"
"7964-YESJC","Month-to-month","66.3","24","No","medium risk"
"6173-GOLSU","Month-to-month","94.65","67","No","medium risk"
"5275-SQEIZ","Month-to-month","80.85","1","Yes","churned"
"7716-YTYHG","One year","82.05","48","Yes","churned"
"9938-ZREHM","One year","72.1","37","No","stable"
"7950-XWOVN","Month-to-month","34.7","11","No","medium risk"
"4390-KYULV","Month-to-month","20.55","3","Yes","churned"
"4647-MUZON","Month-to-month","95.95","18","No","medium risk"
"9702-AIUJO","One year","44.8","50","No","stable"
"8849-PRIQJ","One year","109.4","67","No","stable"
"8851-RAGOV","Month-to-month","71.05","25","No","medium risk"
"1304-NECVQ","Month-to-month","78.55","2","Yes","churned"
"5396-IZEPB","Month-to-month","19.7","9","No","medium risk"
"1729-VLAZJ","One year","40.25","10","No","stable"
"8285-ABVLB","Two year","19.85","70","No","stable"
"0701-TJSEF","Month-to-month","68.25","9","No","medium risk"
"5712-VBOXD","Month-to-month","20.15","4","No","medium risk"
"6629-LADHQ","Month-to-month","50.95","2","No","medium risk"
"8945-GRKHX","Month-to-month","78.65","1","Yes","churned"
"1559-DTODC","Month-to-month","25.15","19","No","medium risk"
"4797-MIWUM","Month-to-month","20.25","7","No","medium risk"
"6959-UWKHF","Month-to-month","42.9","1","Yes","churned"
"8720-RQSBJ","Month-to-month","44","1","No","medium risk"
"4537-CIBHB","One year","20.25","9","No","stable"
"3815-SLMEF","Month-to-month","34.25","3","Yes","churned"
"5154-VEKBL","Month-to-month","58.5","9","Yes","churned"
"4324-AHJKS","Month-to-month","55.8","5","No","medium risk"
"4355-CVPVS","One year","88.9","56","No","stable"
"4495-LHSSK","Month-to-month","57.65","18","No","medium risk"
"5655-JSMZM","Month-to-month","96.2","49","Yes","churned"
"5915-ANOEI","Two year","79.15","70","No","stable"
"9861-PDSZP","Two year","108.05","72","No","stable"
"4505-EXZHB","Month-to-month","74.4","6","Yes","churned"
"7225-CBZPL","Month-to-month","94.8","17","No","medium risk"
"6704-UTUKK","Month-to-month","45.9","29","No","medium risk"
"4587-VVTOX","Month-to-month","105.3","6","Yes","churned"
"2019-HDCZY","Two year","102.6","63","No","stable"
"4652-NNHNY","Month-to-month","73.85","16","Yes","churned"
"8788-DOXSU","One year","61.35","59","No","stable"
"7404-JLKQG","Month-to-month","57.55","3","No","medium risk"
"7421-ZLUPA","Month-to-month","29.25","8","No","medium risk"
"8972-HJWNV","Month-to-month","84.55","7","Yes","churned"
"3274-NSDWE","Two year","19.6","68","No","stable"
"2632-IVXVF","Two year","111.75","68","No","stable"
"3692-JHONH","One year","106.5","52","No","stable"
"8915-NNTRC","Two year","107.7","72","No","stable"
"5914-GXMDA","One year","19.3","32","No","stable"
"7463-IFMQU","Two year","20.05","72","No","stable"
"2920-RNCEZ","Month-to-month","69.95","1","No","medium risk"
"2541-YGPKE","One year","63.7","42","No","stable"
"8515-OCTJS","Two year","24.75","25","Yes","churned"
"5382-TEMLV","Month-to-month","50.9","45","No","medium risk"
"3441-CGZJH","One year","60.4","43","No","stable"
"9592-ERDKV","One year","79.25","37","No","stable"
"2860-RANUS","Month-to-month","85.8","20","Yes","churned"
"5261-QSHQM","Month-to-month","24.45","4","Yes","churned"
"4778-IZARL","Two year","110.1","63","No","stable"
"0432-CAJZV","Month-to-month","90.7","3","No","high risk"
"7008-LZVOZ","Two year","25.3","66","No","stable"
"8868-WOZGU","Month-to-month","105.7","28","Yes","churned"
"1200-TUZHR","Month-to-month","85.2","8","No","high risk"
"9365-CSLBQ","Two year","24.35","71","No","stable"
"1334-FJSVR","Month-to-month","24.25","1","Yes","churned"
"5884-FBCTL","Two year","25.1","72","No","stable"
"7130-CTCUS","Month-to-month","54.55","16","No","medium risk"
"6242-FEGFD","Two year","96.6","66","No","stable"
"7625-XCQRH","Month-to-month","76.5","11","Yes","churned"
"6194-HBGQN","One year","81.15","51","No","stable"
"7634-WSWDB","Month-to-month","38.5","8","No","medium risk"
"6986-IXNDM","Month-to-month","92.9","14","No","medium risk"
"1731-TVIUK","Month-to-month","93.5","4","Yes","churned"
"2987-BJXIK","Two year","84.7","70","No","stable"
"9769-TSBZE","Two year","66","70","No","stable"
"0406-BPDVR","One year","101.5","54","Yes","churned"
"0618-XWMSS","Month-to-month","74.9","28","Yes","churned"
"1395-WSWXR","Two year","20.75","24","No","stable"
"6023-GSSXW","Two year","61.45","69","No","stable"
"6752-APNJL","Month-to-month","54.5","42","No","medium risk"
"5276-KQWHG","Month-to-month","69.6","2","Yes","churned"
"0420-HLGXF","Month-to-month","99.75","39","No","medium risk"
"7446-KQISO","Two year","109.75","45","No","stable"
"9823-EALYC","Two year","80.85","72","No","stable"
"0582-AVCLN","Two year","20.3","38","No","stable"
"5803-NQJZO","Two year","67.8","72","No","stable"
"2565-JSLRY","Month-to-month","24.05","1","Yes","churned"
"2607-DHDAK","Two year","19.8","72","No","stable"
"1073-XXCZD","Two year","25.7","55","No","stable"
"0743-HRVFF","One year","56.15","51","No","stable"
"4006-HKYHO","Two year","86.7","63","No","stable"
"3727-JEZTU","Month-to-month","20.4","1","No","medium risk"
"8143-ETQTI","Two year","19.65","23","No","stable"
"6689-KXGBO","Month-to-month","50.55","1","Yes","churned"
"9667-TKTVZ","Month-to-month","54.35","2","No","medium risk"
"3657-COGMW","Month-to-month","108.1","52","No","medium risk"
"8570-KLJYJ","One year","54.45","36","No","stable"
"7754-IXRMC","Month-to-month","45.35","1","No","medium risk"
"9473-CBZOP","One year","59","28","No","stable"
"2969-WGHQO","One year","69.45","7","No","stable"
"6615-NGGZJ","Month-to-month","100.55","14","Yes","churned"
"4334-HOWRP","Two year","64.95","72","No","stable"
"4255-DDUOU","Month-to-month","20.5","1","Yes","churned"
"5863-OOKCL","Month-to-month","18.85","10","No","medium risk"
"1686-STUHN","One year","19.8","42","No","stable"
"1329-VHWNP","Month-to-month","25.05","7","No","medium risk"
"2984-MIIZL","Month-to-month","74.8","4","Yes","churned"
"0266-GMEAO","Two year","114.3","72","No","stable"
"5590-YRFJT","Month-to-month","24.45","20","Yes","churned"
"5574-NXZIU","Two year","109.2","63","No","stable"
"0019-GFNTW","Two year","45.05","56","No","stable"
"4256-ZWTZI","Month-to-month","51","5","No","medium risk"
"8309-PPCED","Two year","110.45","72","No","stable"
"4098-NAUKP","Month-to-month","84.65","68","No","medium risk"
"5196-WPYOW","One year","60.05","67","No","stable"
"4608-LCIMN","Month-to-month","44.65","8","No","medium risk"
"1485-YDHMM","Month-to-month","93.25","52","No","medium risk"
"4054-CUMIA","Month-to-month","20.25","18","No","medium risk"
"0603-TPMIB","Two year","25.45","59","No","stable"
"2525-GVKQU","Two year","20.6","60","No","stable"
"8161-QYMTT","Month-to-month","94.1","7","No","high risk"
"9581-GVBXT","One year","34.8","59","No","stable"
"5862-BRIXZ","Two year","60.75","46","No","stable"
"5404-GGUKR","Month-to-month","51.35","5","No","medium risk"
"3308-JSGML","Two year","64.05","59","No","stable"
"2126-GSEGL","Two year","84.8","70","No","stable"
"3677-TNKIO","Month-to-month","71","14","Yes","churned"
"0440-QEXBZ","Month-to-month","50.15","44","No","medium risk"
"2434-EEVDB","Two year","94.6","64","No","stable"
"6762-QVYJO","Two year","59.75","58","No","stable"
"6199-IWKGC","One year","100.25","46","No","stable"
"2675-DHUTR","Month-to-month","98.9","58","No","medium risk"
"8152-VETUR","Two year","97.7","72","No","stable"
"9667-EQRXU","Month-to-month","40.3","30","Yes","churned"
"7446-YPODE","Month-to-month","60.25","11","No","medium risk"
"9522-BNTHX","Month-to-month","56.25","34","No","medium risk"
"4676-WLUHT","Two year","46.2","54","No","stable"
"3329-WDIOK","Month-to-month","50.6","3","Yes","churned"
"7980-MHFLQ","Two year","24.9","72","No","stable"
"2873-ZLIWT","Month-to-month","84.85","40","Yes","churned"
"3415-TAILE","Month-to-month","65.7","2","Yes","churned"
"0757-WCUUZ","Two year","63.35","54","No","stable"
"1629-DQQVB","Month-to-month","50.1","14","No","medium risk"
"1915-IOFGU","Month-to-month","70.5","1","Yes","churned"
"3045-XETSH","Month-to-month","94.85","10","Yes","churned"
"0374-AACSZ","Month-to-month","50.15","1","No","medium risk"
"7239-HZZCX","Month-to-month","19.75","1","Yes","churned"
"4872-VXRIL","One year","64.65","56","No","stable"
"9140-CZQZZ","Two year","79.6","68","No","stable"
"3423-HHXAO","One year","19.5","14","No","stable"
"9938-TKDGL","Two year","99.55","68","No","stable"
"0531-ZZJWQ","Month-to-month","74","55","No","medium risk"
"6537-QLGEX","Month-to-month","38.9","16","No","medium risk"
"2688-BHGOG","Month-to-month","79.55","9","No","medium risk"
"7683-CBDKJ","Month-to-month","65.45","14","Yes","churned"
"0946-CLJTI","Month-to-month","98.7","58","Yes","churned"
"3160-TYXLT","Month-to-month","46.3","53","No","medium risk"
"1325-USMEC","Two year","99.35","70","No","stable"
"0916-QOFDP","Month-to-month","95.8","14","No","medium risk"
"0628-CNQRM","One year","67.5","22","Yes","churned"
"5606-AMZBO","Month-to-month","78.15","10","No","medium risk"
"6199-IPCAO","Two year","26.1","29","No","stable"
"7665-TOALD","Month-to-month","69.6","1","Yes","churned"
"0112-QWPNC","One year","84.35","49","Yes","churned"
"0324-BRPCJ","Month-to-month","100.2","68","Yes","churned"
"2777-PHDEI","Month-to-month","78.05","1","Yes","churned"
"5640-CAXOA","One year","40.35","30","No","stable"
"2235-EZAIK","Two year","79.2","72","No","stable"
"3847-BAERP","Month-to-month","20.9","10","No","medium risk"
"1196-AMORA","Month-to-month","73.6","7","Yes","churned"
"4282-YMKNA","Month-to-month","74.75","9","Yes","churned"
"0670-KDOMA","Month-to-month","20.25","1","No","medium risk"
"2476-YGEFM","Month-to-month","76","29","No","medium risk"
"8687-BAFGU","Month-to-month","74","1","No","medium risk"
"0641-EVBOJ","Month-to-month","82.3","3","No","high risk"
"0829-XXPLX","Month-to-month","89.4","20","No","medium risk"
"9974-JFBHQ","Month-to-month","99.15","64","No","medium risk"
"5356-RHIPP","Month-to-month","20.2","1","Yes","churned"
"6624-JDRDS","Month-to-month","29.45","6","No","medium risk"
"0608-JDVEC","Two year","19.8","50","No","stable"
"9780-FKVVF","Month-to-month","59.15","6","No","medium risk"
"1919-RTPQD","Month-to-month","44.75","7","No","medium risk"
"5214-NLTIT","Two year","90.8","72","No","stable"
"3345-PBBFH","Month-to-month","49.55","8","No","medium risk"
"5055-BRMNE","Two year","106.7","67","No","stable"
"9189-JWSHV","Month-to-month","93.55","24","Yes","churned"
"2190-PHBHR","Two year","94.45","72","No","stable"
"2650-GYRYL","One year","19.45","33","No","stable"
"0746-JTRFU","Month-to-month","25.05","2","Yes","churned"
"5208-FVQKB","Two year","67.95","70","No","stable"
"7184-LRUUR","One year","65.25","22","No","stable"
"6627-CFOSN","Month-to-month","99.45","59","No","medium risk"
"3982-JGSFD","One year","20.35","36","No","stable"
"1574-DYCWE","Two year","19.95","51","No","stable"
"7247-XOZPB","One year","77.4","53","No","stable"
"2466-FCCPT","One year","19.7","20","No","stable"
"6211-WWLTF","Two year","99.7","63","No","stable"
"4826-TZEVA","Month-to-month","74.8","40","No","medium risk"
"6016-NXBNJ","One year","19.15","35","No","stable"
"9138-EFSMO","One year","78.95","26","No","stable"
"0576-WNXXC","Month-to-month","95.55","27","Yes","churned"
"4632-XJMEX","One year","62.85","53","No","stable"
"8910-LEDAG","Month-to-month","71.55","34","No","medium risk"
"3452-GWUIN","Month-to-month","94.95","19","No","medium risk"
"2716-GFZOR","Month-to-month","86.1","43","No","medium risk"
"3724-UCSHY","Month-to-month","19.55","6","No","medium risk"
"8626-XHBIE","Two year","24.8","56","No","stable"
"4628-CTTLA","Month-to-month","39.3","57","Yes","churned"
"3192-LNKRK","Month-to-month","84.05","34","No","medium risk"
"4439-YRNVD","Month-to-month","36.25","10","No","medium risk"
"2876-VBBBL","Month-to-month","20.25","1","Yes","churned"
"6834-NXDCA","Month-to-month","23.9","13","Yes","churned"
"2208-UGTGR","Month-to-month","98.6","56","No","medium risk"
"3005-TYFRD","Month-to-month","103.65","55","No","medium risk"
"8670-MEFCP","Two year","92.9","36","No","stable"
"3079-BCHLN","One year","19.9","47","No","stable"
"7777-UNYHB","Month-to-month","20.1","12","No","medium risk"
"5597-GLBUC","Month-to-month","85.45","1","Yes","churned"
"7278-CKDNC","Month-to-month","80.5","24","No","medium risk"
"2748-MYRVK","One year","99.9","63","Yes","churned"
"8450-UYIBU","Month-to-month","39.85","35","No","medium risk"
"2969-VAPYH","One year","60.5","67","No","stable"
"4822-YCXMX","Month-to-month","84.8","25","Yes","churned"
"7181-OQCUT","Month-to-month","103.85","21","No","medium risk"
"8474-UMLNT","Month-to-month","67.8","13","No","medium risk"
"9821-POOTN","Month-to-month","75.2","35","Yes","churned"
"3836-FZSDJ","Two year","24.85","71","No","stable"
"9142-XMYJH","Month-to-month","19.35","29","No","medium risk"
"6559-ILWKJ","Two year","49.35","71","Yes","churned"
"0187-QSXOE","Month-to-month","89","7","No","high risk"
"7733-UDMTP","Month-to-month","55","57","No","medium risk"
"2649-HWLYB","Two year","76.15","65","No","stable"
"5214-CHIWJ","One year","20.3","27","No","stable"
"4229-CZMLL","Month-to-month","74.9","6","Yes","churned"
"6904-JLBGY","Two year","117.35","72","No","stable"
"2465-BLLEU","Month-to-month","19.75","1","No","medium risk"
"1685-VAYJF","Month-to-month","45.2","11","No","medium risk"
"8874-EJNSR","Two year","25.2","39","No","stable"
"6917-YACBP","Month-to-month","89.75","59","No","medium risk"
"5049-MUBWG","One year","75","26","No","stable"
"4223-WOZCM","Month-to-month","49.95","2","No","medium risk"
"0769-MURVM","Two year","65.7","72","No","stable"
"9253-VIFJQ","One year","67.05","65","No","stable"
"7030-FZTFM","Two year","110.9","72","No","stable"
"9741-YLNTD","Month-to-month","87.95","6","No","high risk"
"5917-RYRMG","One year","19.8","32","No","stable"
"5120-ZBLAI","One year","75.7","50","No","stable"
"1194-BHJYC","Two year","62.15","61","No","stable"
"3663-MITLP","Month-to-month","101.25","15","Yes","churned"
"0906-QVPMS","Two year","115.15","72","No","stable"
"9025-ZRPVR","Month-to-month","18.95","9","Yes","churned"
"1905-OEILC","Month-to-month","19.5","1","No","medium risk"
"7858-GTZSP","Month-to-month","86.55","12","No","medium risk"
"3285-UCQVC","Month-to-month","28.6","37","Yes","churned"
"6248-BSHKG","One year","20.4","61","No","stable"
"4685-TFLLS","One year","19.8","18","No","stable"
"3470-BTGQO","Month-to-month","45.65","21","No","medium risk"
"1209-VFFOC","Two year","56.4","68","No","stable"
"8224-DWCKX","Month-to-month","73.3","12","No","medium risk"
"5482-PLVPE","Month-to-month","24.35","2","Yes","churned"
"4553-DVPZG","Month-to-month","101.35","62","No","medium risk"
"4902-OHLSK","Month-to-month","98.65","29","Yes","churned"
"6917-IAYHD","Month-to-month","33.6","1","No","medium risk"
"0495-ZBNGW","Month-to-month","79.9","5","Yes","churned"
"8620-RJPZN","Month-to-month","20.7","1","No","medium risk"
"7572-KPVKK","Two year","104.05","62","No","stable"
"2642-MAWLJ","Two year","20.25","36","No","stable"
"2357-COQEK","Month-to-month","103.3","28","Yes","churned"
"7103-ZGVNT","One year","73.7","69","No","stable"
"3737-GCSPV","Month-to-month","96.2","11","Yes","churned"
"2027-WKXMW","Month-to-month","108.75","63","No","medium risk"
"7137-NAXML","One year","20.15","23","No","stable"
"2428-ZMCTB","Month-to-month","19.75","10","No","medium risk"
"2961-VNFKL","Two year","25.95","71","No","stable"
"1768-HNVGJ","Month-to-month","70.05","45","No","medium risk"
"6963-KQYQB","Two year","24.05","70","No","stable"
"5934-RMPOV","Month-to-month","84.75","22","No","medium risk"
"1207-BLKSA","Two year","23.05","52","No","stable"
"4088-YLDSU","One year","104.15","55","Yes","churned"
"8316-BBQAY","Two year","59.95","65","No","stable"
"1166-PQLGG","Two year","19.55","72","No","stable"
"3146-JTQHR","One year","19.6","10","No","stable"
"4291-YZODP","One year","20.05","7","No","stable"
"4395-PZMSN","Month-to-month","85.55","5","No","high risk"
"6427-FEFIG","Two year","78.6","24","No","stable"
"0017-IUDMW","Two year","116.8","72","No","stable"
"8706-HRADD","Month-to-month","43.55","21","No","medium risk"
"9955-QOPOY","One year","60.8","69","No","stable"
"4385-ZKVNW","Month-to-month","54.9","44","No","medium risk"
"5446-DKWYW","One year","65.2","61","No","stable"
"2034-CGRHZ","Month-to-month","102.95","24","Yes","churned"
"5797-APWZC","Month-to-month","90.6","1","Yes","churned"
"3683-QKIUE","Month-to-month","50.8","6","Yes","churned"
"4228-ZGYUW","Month-to-month","90.05","4","Yes","churned"
"9031-ZVQPT","Two year","108.2","72","No","stable"
"2990-IAJSV","Two year","92","72","No","stable"
"8107-KNCIM","Month-to-month","75.1","14","No","medium risk"
"9027-YFHQJ","Month-to-month","25.05","7","No","medium risk"
"5176-LDKUH","One year","75.15","48","No","stable"
"4644-OBGFZ","One year","19.5","55","No","stable"
"7926-IJOOU","Month-to-month","19.3","1","No","medium risk"
"6480-YAGIY","One year","112.2","45","No","stable"
"4029-HPFVY","Month-to-month","70.3","3","No","medium risk"
"7602-DBTOU","Two year","19.6","71","No","stable"
"5345-BMKWB","Month-to-month","20.25","8","No","medium risk"
"3519-ZKXGG","Month-to-month","75.85","3","Yes","churned"
"5457-COLHT","Two year","80.65","69","No","stable"
"6416-TVAIH","Month-to-month","68.5","1","Yes","churned"
"5451-YHYPW","Two year","115.75","72","No","stable"
"5108-ADXWO","Month-to-month","73.5","11","Yes","churned"
"7998-WNZEM","Two year","80.6","71","No","stable"
"3066-RRJIO","Month-to-month","69.95","1","Yes","churned"
"4664-NJCMS","Two year","59.55","33","No","stable"
"0307-BCOPK","One year","19.05","16","No","stable"
"7629-WFGLW","One year","95.65","56","No","stable"
"2542-HYGIQ","Month-to-month","19.95","1","No","medium risk"
"6715-OFDBP","Month-to-month","70.05","5","Yes","churned"
"5016-LIPDW","One year","19.4","57","No","stable"
"6481-LXPWL","One year","36.1","56","No","stable"
"1567-DSCIC","Month-to-month","94","8","Yes","churned"
"2150-UWTFY","Month-to-month","61.15","22","Yes","churned"
"6124-ACRHJ","Month-to-month","19.75","1","No","medium risk"
"9362-MWODR","Month-to-month","64.1","40","No","medium risk"
"9975-GPKZU","Two year","19.75","46","No","stable"
"9625-RZFUK","Two year","19.7","63","No","stable"
"5153-LXKDT","Two year","110.2","68","No","stable"
"5161-UBZXI","Two year","106.35","69","No","stable"
"1020-JPQOW","Month-to-month","90.55","56","No","medium risk"
"7919-ZODZZ","One year","65.9","10","No","stable"
"0565-JUPYD","One year","104.5","63","No","stable"
"6867-ACCZI","Two year","52.5","24","No","stable"
"5939-XAIXZ","Month-to-month","56.1","19","No","medium risk"
"9054-FOWNV","Month-to-month","88.75","22","No","medium risk"
"2683-BPJSO","Month-to-month","84.45","29","Yes","churned"
"2157-MXBJS","One year","75.3","13","Yes","churned"
"8207-VVMYB","Two year","26","70","No","stable"
"9732-EQMWY","Month-to-month","99.4","49","No","medium risk"
"9360-AHGNL","One year","109.55","43","Yes","churned"
"1087-UDSIH","Month-to-month","19.6","3","Yes","churned"
"5269-NRGDP","One year","73.15","42","No","stable"
"6195-MELTI","One year","54.65","57","No","stable"
"5485-WUYWF","Month-to-month","66.4","2","Yes","churned"
"2121-JAFOM","Two year","115.55","72","No","stable"
"8818-DOPVL","Month-to-month","104.45","46","No","medium risk"
"2632-UCGVD","Month-to-month","100.05","66","Yes","churned"
"5445-PZWGX","One year","102","62","Yes","churned"
"1227-UDMZR","Two year","91.15","72","No","stable"
"5198-HQAEN","One year","89.7","35","No","stable"
"9170-CCKOU","Month-to-month","90.2","17","Yes","churned"
"2167-FQSTQ","Two year","92.4","72","No","stable"
"2819-GWENI","One year","19.9","28","No","stable"
"1043-YCUTE","Two year","25.15","56","Yes","churned"
"3814-MLAXC","Month-to-month","79.85","31","Yes","churned"
"3572-UUHRS","One year","18.85","45","No","stable"
"2692-PFYTJ","Month-to-month","25.75","1","No","medium risk"
"1226-UDFZR","Month-to-month","49.6","2","Yes","churned"
"5955-EPOAZ","Month-to-month","20.95","6","No","medium risk"
"6821-JPCDC","One year","97.05","48","No","stable"
"8815-LMFLX","Month-to-month","25.4","25","No","medium risk"
"9135-HSWOC","Two year","19.7","64","No","stable"
"8582-KRHPJ","Month-to-month","35","50","No","medium risk"
"5811-IWXYM","One year","101.25","52","No","stable"
"7044-YAACC","Month-to-month","70.2","4","No","medium risk"
"8189-XRIKE","Month-to-month","90.95","32","No","medium risk"
"1506-YJTYT","Two year","73.85","45","No","stable"
"4123-DVHPH","Month-to-month","88.05","9","No","high risk"
"6425-YQLLO","One year","105.95","66","Yes","churned"
"5442-UTCVD","Month-to-month","91.85","3","Yes","churned"
"2228-BZDEE","Two year","20.1","54","No","stable"
"7734-DBOAI","Month-to-month","40.1","1","Yes","churned"
"2789-CZANW","Two year","110.3","64","No","stable"
"2091-RFFBA","Month-to-month","73.9","31","Yes","churned"
"2114-MGINA","Month-to-month","89.8","14","Yes","churned"
"7596-LDUXP","One year","85.15","12","No","stable"
"3740-RLMVT","One year","60.95","67","No","stable"
"4489-SNOJF","Month-to-month","72.25","35","Yes","churned"
"2192-OZITF","Two year","73.55","45","No","stable"
"5651-CPDND","Month-to-month","46","10","No","medium risk"
"2186-QZEYA","Month-to-month","58.55","29","No","medium risk"
"1131-ALZWV","One year","24.6","24","No","stable"
"7729-XBTWX","Two year","19.75","66","No","stable"
"9134-WYRVP","One year","86.35","51","No","stable"
"3284-SVCRO","Two year","25.5","45","No","stable"
"9732-OUYRN","One year","19","49","No","stable"
"0559-CKHUS","Two year","19.55","29","No","stable"
"2931-SVLTV","Month-to-month","110.1","40","No","medium risk"
"6899-PPEEA","Month-to-month","96.55","37","Yes","churned"
"7504-UWHNB","Month-to-month","69.75","25","No","medium risk"
"2582-FFFZR","Month-to-month","50.6","22","No","medium risk"
"8908-NMQTX","Two year","65.6","72","No","stable"
"2187-LZGPL","Month-to-month","40.1","7","Yes","churned"
"1431-AIDJQ","Two year","82.1","33","No","stable"
"6288-LBEAR","Month-to-month","79.1","23","No","medium risk"
"4597-NUCQV","Month-to-month","101.25","24","Yes","churned"
"9019-QVLZD","Month-to-month","79.55","1","Yes","churned"
"8413-YNHNV","Two year","90.65","69","No","stable"
"5808-TOTXO","One year","20.55","3","No","stable"
"4369-NYSCF","One year","75.75","56","No","stable"
"6333-YDVLT","One year","110","65","No","stable"
"5324-KTGCG","One year","20.85","71","No","stable"
"5599-HVLTW","Month-to-month","80.35","14","No","medium risk"
"7394-LWLYN","Month-to-month","70.15","2","No","medium risk"
"3707-LRWZD","One year","84.05","32","Yes","churned"
"6873-UDNLD","Month-to-month","67.45","40","No","medium risk"
"2700-LUEVA","Month-to-month","20.75","1","No","medium risk"
"1455-ESIQH","Month-to-month","89.1","1","Yes","churned"
"0958-YHXGP","Month-to-month","69.9","7","No","medium risk"
"1101-SSWAG","Month-to-month","51.1","15","No","medium risk"
"2979-SXESE","Month-to-month","94.4","17","Yes","churned"
"4013-TLDHQ","Month-to-month","78.25","19","Yes","churned"
"5743-KHMNA","Two year","25.55","71","No","stable"
"4194-FJARJ","Two year","60","54","No","stable"
"5325-UWTWJ","Month-to-month","90.55","31","No","medium risk"
"3969-GYXEL","Month-to-month","76.4","11","No","medium risk"
"9208-OLGAQ","Month-to-month","84.95","18","No","medium risk"
"3244-CQPHU","Two year","110.1","72","No","stable"
"2674-MLXMN","Month-to-month","99.65","71","No","medium risk"
"9708-HPXWZ","Month-to-month","45.4","5","No","medium risk"
"6992-TKNYO","One year","69","38","No","stable"
"4468-YDOVK","Month-to-month","48.65","5","No","medium risk"
"3754-DXMRT","Month-to-month","44.15","2","Yes","churned"
"5792-JALQC","Two year","59.85","52","No","stable"
"7130-VTEWQ","Month-to-month","75.75","8","Yes","churned"
"2200-DSAAL","Two year","80.65","68","No","stable"
"4302-ZYFEL","One year","20.55","69","No","stable"
"9351-LZYGF","Month-to-month","66.4","42","No","medium risk"
"4366-CTOUZ","Two year","100.2","50","No","stable"
"6121-VZNQB","Month-to-month","19.1","1","Yes","churned"
"7903-CMPEY","Month-to-month","80.3","1","Yes","churned"
"1518-OMDIK","Month-to-month","44.55","33","No","medium risk"
"6671-NGWON","Month-to-month","20.35","7","No","medium risk"
"0595-ITUDF","Month-to-month","91.8","64","No","medium risk"
"6996-KNSML","Month-to-month","74.9","1","Yes","churned"
"1955-IBMMB","Two year","20.2","59","No","stable"
"0096-BXERS","Month-to-month","50.35","6","No","medium risk"
"3806-YAZOV","Month-to-month","18.8","3","No","medium risk"
"7998-ZLXWN","Month-to-month","20.45","15","No","medium risk"
"6253-WRFHY","One year","64.75","13","No","stable"
"9133-AYJZG","Month-to-month","98.7","23","No","medium risk"
"2675-OTVVJ","Month-to-month","89.45","31","No","medium risk"
"8680-CGLTP","One year","58.75","29","No","stable"
"8430-TWCBX","One year","20.7","49","No","stable"
"5018-GWURO","Month-to-month","85.6","56","No","medium risk"
"6741-QRLUP","Two year","80.3","63","No","stable"
"4737-HOBAX","Two year","79.8","63","No","stable"
"0537-QYZZN","Month-to-month","79.85","24","No","medium risk"
"3340-QBBFM","One year","54.1","36","No","stable"
"1704-NRWYE","Month-to-month","80.85","9","Yes","churned"
"2592-SEIFQ","Month-to-month","24.75","3","Yes","churned"
"8200-KLNYW","One year","80.9","21","No","stable"
"3372-CDXFJ","One year","24.5","13","No","stable"
"4781-ZXYGU","Month-to-month","20.15","1","No","medium risk"
"7632-YUTXB","One year","20.05","25","No","stable"
"2718-YSKCS","Two year","19.6","71","No","stable"
"9896-UYMIE","One year","114.3","66","No","stable"
"0853-NWIFK","One year","100.3","45","No","stable"
"8212-CRQXP","Month-to-month","80","22","No","medium risk"
"6980-CDGFC","One year","20.85","67","No","stable"
"7691-XVTZH","Two year","89.95","68","No","stable"
"7481-ATQQS","Month-to-month","90.85","49","Yes","churned"
"2277-VWCNI","Month-to-month","48.75","4","No","medium risk"
"1088-CNNKB","One year","80","63","No","stable"
"8642-GVWRF","Month-to-month","79.7","2","Yes","churned"
"1930-BZLHI","One year","20.35","21","No","stable"
"3400-ESFUW","Two year","57.55","55","Yes","churned"
"5868-YTYKS","Month-to-month","20.25","1","No","medium risk"
"3525-DVKFN","Two year","19.4","17","No","stable"
"1482-OXZSY","Month-to-month","100.4","30","No","medium risk"
"0377-JBKKT","Month-to-month","57.95","22","No","medium risk"
"5778-BVOFB","Month-to-month","59.5","9","No","medium risk"
"3373-YZZYM","Month-to-month","19.2","1","No","medium risk"
"2057-ZBLPD","Month-to-month","86.5","21","Yes","churned"
"0228-MAUWC","Month-to-month","59.55","19","No","medium risk"
"5502-RLUYV","Month-to-month","103.95","69","Yes","churned"
"0023-HGHWL","Month-to-month","25.1","1","Yes","churned"
"7663-YJHSN","Two year","103.95","72","No","stable"
"4915-BFSXL","Two year","68.95","70","No","stable"
"3086-RUCRN","Month-to-month","103.1","66","No","medium risk"
"5215-LNLDJ","Month-to-month","24.7","7","No","medium risk"
"7576-JMYWV","Month-to-month","110.2","46","No","medium risk"
"9039-RBEEE","Month-to-month","48.95","39","Yes","churned"
"0257-KXZGU","Month-to-month","62.45","32","No","medium risk"
"1307-ATKGB","Month-to-month","89.55","24","No","medium risk"
"8417-FMLZI","Month-to-month","83.55","6","Yes","churned"
"3714-XPXBW","Month-to-month","78.9","37","No","medium risk"
"1850-AKQEP","Month-to-month","20.35","8","No","medium risk"
"2824-DXNKN","Two year","71.45","72","No","stable"
"5227-JSCFE","Two year","46.35","71","No","stable"
"0848-ZGQIJ","Month-to-month","94.65","16","No","medium risk"
"3621-CHYVB","Month-to-month","49.9","57","No","medium risk"
"8042-RNLKO","One year","25.45","66","No","stable"
"1792-UXAFY","Month-to-month","89.15","17","Yes","churned"
"5372-FBKBN","Month-to-month","20.75","21","No","medium risk"
"0420-TXVSG","Two year","66.1","66","No","stable"
"6217-TOWGS","Month-to-month","75.4","17","No","medium risk"
"0515-YPMCW","Month-to-month","70.45","1","Yes","churned"
"0378-XSZPU","One year","60.3","58","Yes","churned"
"1045-LTCYT","Month-to-month","21.05","8","No","medium risk"
"1544-JJMYL","One year","69.35","27","No","stable"
"4636-JGAAI","Month-to-month","88.85","34","No","medium risk"
"6874-SGLHU","One year","97","30","No","stable"
"5951-AOFIH","Month-to-month","66.4","33","No","medium risk"
"4729-XKASR","Month-to-month","24.75","1","Yes","churned"
"3059-NGMXB","Month-to-month","69.2","14","No","medium risk"
"8652-YHIYU","One year","79.5","16","No","stable"
"5278-PNYOX","Two year","100.65","49","No","stable"
"5449-FIBXJ","Month-to-month","103.3","19","Yes","churned"
"3486-HOOGQ","Two year","79.7","70","No","stable"
"5061-PBXFW","Month-to-month","61.4","32","No","medium risk"
"8630-FJLIB","Month-to-month","69.8","18","No","medium risk"
"3891-NLXJB","Two year","40.55","37","No","stable"
"4749-OJKQU","Month-to-month","75.65","4","No","medium risk"
"0577-WHMEV","Month-to-month","90.7","16","No","medium risk"
"5453-AXEPF","Month-to-month","80.5","17","No","medium risk"
"3639-XJHKQ","Month-to-month","60.6","19","No","medium risk"
"3716-LRGXK","Two year","101.15","60","No","stable"
"2263-SFSQZ","Two year","24.95","51","No","stable"
"9950-MTGYX","Two year","20.3","28","No","stable"
"3397-AVTKU","Two year","60","43","No","stable"
"4825-FUREZ","Two year","20.25","42","No","stable"
"9837-BMCLM","Month-to-month","78.5","3","Yes","churned"
"2672-OJQZP","Month-to-month","44.75","1","No","medium risk"
"0137-UDEUO","Month-to-month","19.85","3","Yes","churned"
"3134-DSHVC","Two year","98","63","No","stable"
"6161-UUUTA","Month-to-month","79.9","3","Yes","churned"
"7821-DPRQE","Month-to-month","107.7","68","No","medium risk"
"6543-XRMYR","Month-to-month","99.7","30","Yes","churned"
"2001-EWBQU","Two year","104.7","60","No","stable"
"4925-LMHOK","Month-to-month","58.6","15","Yes","churned"
"1608-GMEWB","Month-to-month","93.9","45","No","medium risk"
"6695-AMZUF","Two year","86.45","70","No","stable"
"1455-UGQVH","Month-to-month","98.5","10","Yes","churned"
"8410-BGQXN","Month-to-month","19.4","4","No","medium risk"
"8280-MQRQN","Month-to-month","50.45","1","Yes","churned"
"1619-YWUBB","Two year","24.95","68","No","stable"
"7611-YKYTC","Month-to-month","75","22","No","medium risk"
"2037-SGXHH","Month-to-month","94.65","38","Yes","churned"
"3178-FESZO","Month-to-month","100.25","1","Yes","churned"
"0365-GXEZS","Month-to-month","78.2","18","No","medium risk"
"0082-OQIQY","Month-to-month","94.2","29","No","medium risk"
"6087-MVHJH","Month-to-month","88.45","16","Yes","churned"
"4603-JANFB","Month-to-month","69.85","1","Yes","churned"
"3018-TFTSU","Month-to-month","81.7","12","Yes","churned"
"3606-SBKRY","One year","50.05","31","No","stable"
"4806-KEXQR","Month-to-month","79.9","4","Yes","churned"
"0667-NSRGI","One year","69.55","48","No","stable"
"7083-YNSKY","Month-to-month","25.4","15","Yes","churned"
"6893-ODYYE","One year","90.1","50","No","stable"
"8242-JSVBO","Month-to-month","44.65","7","No","medium risk"
"2479-BRAMR","Month-to-month","83.75","41","Yes","churned"
"9541-ZPSEA","Two year","80.35","68","No","stable"
"2665-NPTGL","Month-to-month","98.1","26","No","medium risk"
"1139-WUOAH","Two year","53.35","57","No","stable"
"4693-VWVBO","Month-to-month","19.55","3","No","medium risk"
"7434-SHXLS","Month-to-month","20.9","1","Yes","churned"
"6937-GCDGQ","One year","48.95","19","No","stable"
"0988-JRWWP","Month-to-month","54.2","3","No","medium risk"
"5075-JSDKI","Two year","24.45","59","No","stable"
"7908-QCBCA","Month-to-month","69.4","1","Yes","churned"
"8644-XYTSV","Month-to-month","40.15","42","No","medium risk"
"6711-FLDFB","Month-to-month","74.9","7","Yes","churned"
"3873-WOSBC","Two year","25.6","67","No","stable"
"7465-ZZRVX","Month-to-month","70.35","1","No","medium risk"
"7975-JMZNT","Two year","91.7","66","No","stable"
"7251-XFOIL","Month-to-month","89.2","61","No","medium risk"
"4116-IQRFR","One year","24.1","4","No","stable"
"3714-JTVOV","Month-to-month","74.15","42","Yes","churned"
"8259-DZLIZ","One year","53.85","64","No","stable"
"0442-ZXKVS","One year","115.6","54","No","stable"
"7853-WNZSY","Month-to-month","19.75","1","No","medium risk"
"3120-FAZKD","Two year","24.05","54","No","stable"
"8606-OEGQZ","Two year","25.3","18","No","stable"
"0225-ZORZP","Month-to-month","84.3","3","No","high risk"
"4702-IOQDC","Month-to-month","70.1","1","Yes","churned"
"9489-JMTTN","Two year","89.75","72","No","stable"
"0575-CUQOV","One year","97.95","60","No","stable"
"0967-BMLBD","One year","20","11","No","stable"
"6178-KFNHS","Month-to-month","78.3","12","Yes","churned"
"2830-LEWOA","One year","103.9","61","No","stable"
"5006-MXVRN","Two year","20.7","39","No","stable"
"1264-BYWMS","Month-to-month","96.8","55","Yes","churned"
"9658-WYUFB","Month-to-month","94.4","17","Yes","churned"
"8327-WKMIE","One year","20.15","37","No","stable"
"6917-FIJHC","Two year","26","72","No","stable"
"5329-KRDTM","Two year","77.35","72","No","stable"
"7797-EJMDP","Month-to-month","66.05","8","No","medium risk"
"3530-VWVGU","Month-to-month","19.9","22","No","medium risk"
"2013-SGDXK","Month-to-month","84.3","1","Yes","churned"
"6368-NWMCE","Month-to-month","68.15","38","No","medium risk"
"3633-CDBUW","One year","80.85","17","No","stable"
"0707-HOVVN","Two year","75.5","70","No","stable"
"8580-QVLOC","Two year","92.45","72","Yes","churned"
"3956-MGXOG","Month-to-month","80.6","28","No","medium risk"
"9274-UARKJ","Month-to-month","83.2","15","No","medium risk"
"4077-HWUYD","Two year","87.55","72","No","stable"
"2012-NWRPA","Month-to-month","99.55","11","Yes","churned"
"8808-ELEHO","Month-to-month","81.25","8","Yes","churned"
"0103-CSITQ","One year","109.4","57","No","stable"
"3506-LCJDC","Month-to-month","19.95","1","Yes","churned"
"8671-KKKOS","Month-to-month","45.55","46","No","medium risk"
"7305-ZWMAJ","One year","20.7","30","No","stable"
"9518-XXBXE","Month-to-month","75.3","10","No","medium risk"
"3934-HXCFZ","Month-to-month","99.25","23","Yes","churned"
"6578-KRMAW","Month-to-month","93.4","32","No","medium risk"
"4860-IJUDE","Month-to-month","73.75","13","No","medium risk"
"7666-WKRON","Two year","80.45","39","Yes","churned"
"9688-YGXVR","Month-to-month","88.15","44","No","medium risk"
"0423-UDIJQ","Month-to-month","49.2","9","No","medium risk"
"1945-XISKS","Two year","19.65","67","No","stable"
"4910-AQFFX","Month-to-month","79.35","9","Yes","churned"
"2154-KVJFF","Month-to-month","79.75","15","Yes","churned"
"5360-LJCNJ","Two year","105.15","71","No","stable"
"2607-FBDFF","Month-to-month","49","1","No","medium risk"
"9647-ERGBE","Month-to-month","100.05","30","Yes","churned"
"3428-XZMAZ","Month-to-month","69.35","1","Yes","churned"
"1100-DDVRV","Month-to-month","49.8","17","No","medium risk"
"0378-TOVMS","Month-to-month","85.8","3","Yes","churned"
"4355-HBJHH","Two year","79.7","67","Yes","churned"
"6728-WYQBC","Month-to-month","20.95","1","No","medium risk"
"9058-CBREO","Month-to-month","50.55","1","Yes","churned"
"9029-FEGVJ","Month-to-month","79.3","32","No","medium risk"
"7216-KAOID","One year","19.5","41","No","stable"
"0318-QUUOB","Month-to-month","80.55","1","Yes","churned"
"6145-NNPNO","Month-to-month","44.15","1","No","medium risk"
"5520-FVEWJ","Month-to-month","84.5","12","Yes","churned"
"5339-TJFEK","Month-to-month","105.5","62","No","medium risk"
"5572-ZDXHY","Month-to-month","84.3","22","Yes","churned"
"2074-GUHPQ","Month-to-month","92.7","17","No","medium risk"
"4625-XMOYM","Two year","26.25","72","No","stable"
"5827-MWCZK","Month-to-month","96.95","56","No","medium risk"
"1385-TQOZW","Month-to-month","20.45","9","No","medium risk"
"5914-XRFQB","Two year","115.8","72","No","stable"
"4329-YPDDQ","Month-to-month","108.2","20","No","medium risk"
"4804-NCPET","Two year","20.2","19","No","stable"
"3750-CKVKH","Month-to-month","67.75","2","Yes","churned"
"5944-UGLLK","One year","54.9","53","No","stable"
"8063-GBATB","Month-to-month","85.25","27","Yes","churned"
"7787-BNTZM","Month-to-month","20.15","6","No","medium risk"
"2252-ISRNH","One year","90.35","9","No","stable"
"9415-TPKRV","Month-to-month","55.75","8","No","medium risk"
"5322-TEUJK","Two year","114.6","71","No","stable"
"4547-KQRTM","Month-to-month","80.05","10","Yes","churned"
"4877-EVATK","Month-to-month","20","1","Yes","churned"
"1866-DIOQZ","One year","66.8","71","No","stable"
"8375-KVTHK","One year","100.3","68","No","stable"
"2697-NQBPF","Month-to-month","105.35","34","No","medium risk"
"3709-OIJEA","One year","85.2","26","No","stable"
"7639-SUPCW","Month-to-month","48.8","22","Yes","churned"
"1386-ZIKUV","Month-to-month","18.95","7","No","medium risk"
"0599-XNYDO","Month-to-month","69.8","20","No","medium risk"
"6377-WHAOX","Month-to-month","106.15","60","No","medium risk"
"6855-VLGOS","Two year","20.55","72","No","stable"
"8999-XXGNS","One year","105.75","72","No","stable"
"8746-OQQRW","Month-to-month","25.25","4","No","medium risk"
"3181-MIZBN","Month-to-month","19.75","16","No","medium risk"
"0471-ARVMX","One year","104.85","62","No","stable"
"7766-CLTIC","Month-to-month","60.95","10","No","medium risk"
"5650-YLIBA","Month-to-month","81.15","31","No","medium risk"
"0825-CPPQH","Two year","19.1","71","No","stable"
"9084-OAYKL","Two year","20.8","58","No","stable"
"6122-LJADA","Two year","90.15","70","No","stable"
"2400-XIWIO","Two year","90.1","71","No","stable"
"7524-VRLPL","Two year","74.1","69","No","stable"
"1069-XAIEM","Month-to-month","85.05","1","Yes","churned"
"7569-NMZYQ","Two year","118.75","72","No","stable"
"5201-USSQZ","Month-to-month","85.9","26","No","medium risk"
"2105-PHWON","Month-to-month","95","33","No","medium risk"
"1494-EJZDW","Two year","20.15","10","No","stable"
"4884-TVUQF","Two year","101.3","57","No","stable"
"8003-EWNDZ","Month-to-month","21.2","10","No","medium risk"
"1897-RCFUM","One year","24.2","39","No","stable"
"9256-JTBNZ","Month-to-month","20.3","11","No","medium risk"
"4658-HCOHW","Month-to-month","102.8","21","Yes","churned"
"2211-RMNHO","Two year","85.3","68","No","stable"
"2432-TFSMK","One year","89.6","18","No","stable"
"3440-JPSCL","Month-to-month","99.95","6","Yes","churned"
"4929-ROART","Month-to-month","56.25","18","No","medium risk"
"1834-ABKHQ","One year","50.95","52","No","stable"
"1741-WTPON","Two year","115.85","56","No","stable"
"3932-IJWDZ","Month-to-month","103.65","45","No","medium risk"
"1240-HCBOH","Two year","26.1","67","No","stable"
"3594-KADLU","Month-to-month","35.1","3","No","medium risk"
"8065-BVEPF","Month-to-month","99.1","65","No","medium risk"
"3796-ENZGF","Two year","67.25","63","No","stable"
"1734-ZMNTZ","Two year","25","11","No","stable"
"2853-CWQFQ","Month-to-month","59.55","1","No","medium risk"
"0813-TAXXS","Two year","77.8","55","No","stable"
"2519-TWKFS","One year","55.1","25","No","stable"
"2889-FPWRM","One year","117.8","72","Yes","churned"
"0626-QXNGV","Two year","24.15","72","No","stable"
"6723-CEGQI","Two year","45.25","65","No","stable"
"6987-XQSJT","Month-to-month","79.5","54","Yes","churned"
"4732-RRJZC","Month-to-month","20.25","7","No","medium risk"
"9499-XPZXM","Two year","64.75","72","No","stable"
"4338-EYCER","Month-to-month","54.6","21","No","medium risk"
"3007-FDPEA","Month-to-month","20.7","2","No","medium risk"
"6350-XFYGW","Month-to-month","94.75","4","No","high risk"
"4290-BSXUX","Month-to-month","79.65","3","Yes","churned"
"8513-OLYGY","Two year","115.8","72","No","stable"
"0311-QYWSS","Month-to-month","49.45","6","No","medium risk"
"8705-DWKTI","Month-to-month","83.8","52","No","medium risk"
"8755-IWJHN","Month-to-month","95.35","69","No","medium risk"
"0325-XBFAC","Month-to-month","94.7","8","Yes","churned"
"4480-QQRHC","Month-to-month","74.05","8","No","medium risk"
"0929-PECLO","Month-to-month","89.6","63","No","medium risk"
"3680-CTHUH","One year","116.6","60","No","stable"
"1202-KKGFU","Month-to-month","54.2","12","No","medium risk"
"6112-KTHFQ","Month-to-month","19.3","13","No","medium risk"
"1852-XEMDW","Month-to-month","65.05","22","No","medium risk"
"2462-XIIJB","Month-to-month","92.5","5","Yes","churned"
"4760-XOHVN","Month-to-month","19.45","1","Yes","churned"
"1820-DJFPH","Two year","24.05","72","No","stable"
"9426-SXNHE","Month-to-month","18.75","2","No","medium risk"
"9068-FHQHD","Two year","20.15","40","No","stable"
"1269-FOYWN","One year","20","44","No","stable"
"9470-YFUYI","One year","71","71","No","stable"
"7817-BOQPW","Month-to-month","75.55","2","Yes","churned"
"7402-EYFXX","Month-to-month","93.6","26","No","medium risk"
"1853-UDXBW","Month-to-month","70","1","Yes","churned"
"9895-VFOXH","Month-to-month","24.4","1","No","medium risk"
"5458-CQJTA","Two year","74.8","65","Yes","churned"
"1230-QAJDW","Month-to-month","65.25","3","No","medium risk"
"5701-ZIKJE","Month-to-month","50.55","13","No","medium risk"
"5219-YIPTK","Month-to-month","104.4","33","Yes","churned"
"5032-MIYKT","Month-to-month","70.7","1","No","medium risk"
"7396-VJUZB","Month-to-month","45.25","4","No","medium risk"
"9717-QEBGU","Month-to-month","70.3","2","No","medium risk"
"5172-RKOCB","Two year","108.95","72","No","stable"
"6509-TSGWN","Month-to-month","26.45","37","No","medium risk"
"3540-RZJYU","Month-to-month","86.2","15","Yes","churned"
"3178-CIFOT","One year","19.65","23","No","stable"
"2091-MJTFX","Month-to-month","51.2","30","Yes","churned"
"4530-NDRKU","One year","19.05","42","No","stable"
"5985-TBABQ","One year","74.75","32","No","stable"
"9800-ONTFE","Month-to-month","75.8","22","No","medium risk"
"6743-HHQPF","Month-to-month","25.1","42","No","medium risk"
"8455-HIRAQ","Month-to-month","44.45","8","No","medium risk"
"6616-AALSR","Two year","104.3","65","No","stable"
"0883-EIBTI","Month-to-month","19.5","2","Yes","churned"
"9415-ZNBSX","Two year","89","70","No","stable"
"4018-KJYUY","Month-to-month","20.15","22","No","medium risk"
"0722-TROQR","Month-to-month","74.9","4","Yes","churned"
"7571-YXDAD","Month-to-month","74.9","2","Yes","churned"
"3884-UEBXB","Two year","36.15","67","No","stable"
"8780-RSYYU","Month-to-month","19.2","25","No","medium risk"
"5537-UXXVS","Month-to-month","19.25","20","No","medium risk"
"1791-PQHBB","Month-to-month","61.2","2","No","medium risk"
"8701-DGLVH","Two year","20.45","51","No","stable"
"8741-LQOBK","Month-to-month","35.05","46","No","medium risk"
"3393-FMZPV","Month-to-month","100.25","25","Yes","churned"
"8082-GHXOP","Month-to-month","44","13","No","medium risk"
"6402-ZFPPI","Month-to-month","102.8","25","Yes","churned"
"0980-FEXWF","One year","50.35","26","No","stable"
"7486-KSRVI","One year","100","43","Yes","churned"
"3011-WQKSZ","Month-to-month","20","19","No","medium risk"
"8443-WVPSS","Month-to-month","99.85","10","Yes","churned"
"3006-XIMLN","Month-to-month","94.2","2","Yes","churned"
"8218-FFJDS","Two year","86.4","72","No","stable"
"1986-PHGZF","Month-to-month","58.4","18","No","medium risk"
"9965-YOKZB","Month-to-month","83.85","9","Yes","churned"
"0504-HHAPI","Month-to-month","88.3","27","Yes","churned"
"9360-OMDZZ","Month-to-month","94.1","24","No","medium risk"
"6305-YLBMM","One year","104.05","69","Yes","churned"
"0345-XMMUG","Two year","108.9","46","No","stable"
"8024-XNAFQ","Two year","107.4","72","No","stable"
"3647-GMGDH","Month-to-month","94.7","22","Yes","churned"
"2988-GBIVW","Month-to-month","90.85","70","No","medium risk"
"2832-SCUCO","Month-to-month","19.9","2","No","medium risk"
"7036-ZZKBD","Month-to-month","66.4","31","No","medium risk"
"3791-LGQCY","Month-to-month","100.65","56","Yes","churned"
"0265-PSUAE","Month-to-month","100.7","16","No","medium risk"
"0463-TXOAK","Two year","25.6","52","No","stable"
"0594-UFTUL","Month-to-month","19.85","13","No","medium risk"
"9509-MPYOD","One year","20.75","35","No","stable"
"9128-CPXKI","Two year","95.8","59","No","stable"
"0129-KPTWJ","Month-to-month","94.65","72","No","medium risk"
"8166-ZZTFS","Two year","80.55","66","Yes","churned"
"5855-EIBDE","Two year","106.65","49","No","stable"
"5365-LLFYV","Month-to-month","45.85","2","No","medium risk"
"5956-YHHRX","Month-to-month","104.35","21","No","medium risk"
"6008-NAIXK","One year","55.45","54","No","stable"
"2956-GGUCQ","Month-to-month","78.85","24","Yes","churned"
"1928-BXYIV","Month-to-month","61.15","1","No","medium risk"
"5760-FXFVO","Month-to-month","78.95","6","No","medium risk"
"6595-COKXZ","Month-to-month","44.45","1","Yes","churned"
"0961-ZWLVI","One year","109.2","49","No","stable"
"5181-OABFK","Two year","61.3","56","No","stable"
"4007-NHVHI","Month-to-month","96.85","56","No","medium risk"
"7816-VGHTO","Two year","40.55","6","No","stable"
"5871-DGTXZ","One year","19.8","32","No","stable"
"7550-WIQVA","One year","108.25","50","No","stable"
"7544-ZVIKX","One year","105.05","58","No","stable"
"0016-QLJIS","Two year","90.45","65","No","stable"
"7508-DQAKK","Two year","86.4","64","No","stable"
"5176-OLSKT","Two year","66.9","66","No","stable"
"9356-AXGMP","One year","110.7","38","No","stable"
"3556-BVQGL","One year","20","20","No","stable"
"0362-ZBZWJ","Month-to-month","84.9","36","Yes","churned"
"8979-CAMGB","One year","102.1","64","No","stable"
"4211-MMAZN","Month-to-month","20.25","1","Yes","churned"
"7581-EBBOU","One year","70.15","60","No","stable"
"4274-OWWYO","Month-to-month","74.35","1","Yes","churned"
"5073-RZGBK","One year","80.05","50","No","stable"
"1541-ETJZO","Month-to-month","62.05","1","Yes","churned"
"2192-CKRLV","Two year","49.2","72","No","stable"
"3154-HMWUU","Two year","20.5","60","No","stable"
"6119-SPUDB","Two year","38.25","46","No","stable"
"6522-OIQSX","Two year","54.95","69","No","stable"
"7813-ZGGAW","Month-to-month","96.6","31","No","medium risk"
"8748-HFWBO","One year","19.9","19","No","stable"
"1052-QJIBV","Two year","19.9","71","No","stable"
"1319-YLZJG","Month-to-month","84.6","12","No","medium risk"
"4106-HADHQ","One year","80","39","Yes","churned"
"0723-FDLAY","One year","85.25","44","No","stable"
"3050-RLLXC","Two year","81.25","56","No","stable"
"9298-WGMRW","Two year","115.5","72","No","stable"
"2369-UAPKZ","Month-to-month","104.1","5","Yes","churned"
"3088-LHEFH","Month-to-month","79","11","No","medium risk"
"2778-OCLGR","Month-to-month","39.1","24","Yes","churned"
"6583-KQJLK","Month-to-month","94.65","15","No","medium risk"
"8544-JNBOX","Two year","20.8","72","No","stable"
"6681-ZSEXG","Two year","59.5","56","No","stable"
"6139-ZZRBQ","Two year","20.05","64","No","stable"
"6116-RFVHN","Month-to-month","100.45","34","No","medium risk"
"0637-KVDLV","Month-to-month","76.5","2","Yes","churned"
"8884-FEEWR","One year","20.6","35","No","stable"
"3125-RAHBV","One year","20.3","22","No","stable"
"6633-MPWBS","Month-to-month","49.2","5","Yes","churned"
"0373-AIVNJ","One year","39.55","9","No","stable"
"8785-EPNCG","Month-to-month","23.15","11","Yes","churned"
"1682-VCOIO","One year","20.45","23","No","stable"
"5729-KLZAR","Month-to-month","80.85","4","Yes","churned"
"2072-ZVJJX","Two year","25.25","68","No","stable"
"8849-AYPTR","Month-to-month","91.25","33","No","medium risk"
"9518-IMLHK","Month-to-month","72.45","31","No","medium risk"
"1582-RAFML","Month-to-month","60.1","1","Yes","churned"
"3646-ITDGM","Two year","19.7","56","No","stable"
"8740-CRYFY","Month-to-month","78.95","1","Yes","churned"
"3569-VLDHH","One year","75.1","66","No","stable"
"8224-KDLKN","Two year","25","72","No","stable"
"7594-LZNWR","Month-to-month","69.15","34","No","medium risk"
"4001-TSBTV","Month-to-month","91.55","58","No","medium risk"
"2962-XPMCQ","Month-to-month","45.15","2","Yes","churned"
"8727-XDPUD","Two year","35.8","37","No","stable"
"1043-UXOVO","Two year","113.15","71","No","stable"
"1064-FBXNK","One year","19.85","1","No","stable"
"3996-ZNWYK","Two year","19.8","71","No","stable"
"2878-DHMIN","One year","19.9","35","No","stable"
"7762-ONLJY","One year","19.7","6","No","stable"
"1678-FYZOW","Month-to-month","79.4","3","Yes","churned"
"5795-BKOYE","One year","59.1","69","No","stable"
"8627-EHGIP","One year","53.95","44","Yes","churned"
"7402-PWYJJ","One year","91.15","53","No","stable"
"5480-TBGPH","Month-to-month","99.3","24","Yes","churned"
"0018-NYROU","Month-to-month","68.95","5","No","medium risk"
"7501-VTYLJ","Month-to-month","51.55","2","No","medium risk"
"7608-RGIRO","Two year","24.4","62","No","stable"
"0480-BIXDE","Month-to-month","96.8","19","No","medium risk"
"5895-QSXOD","Month-to-month","70.05","9","No","medium risk"
"9814-AOUDH","Two year","19.5","53","No","stable"
"6175-IRFIT","Month-to-month","78.75","5","No","medium risk"
"8760-ZRHKE","One year","69.2","71","No","stable"
"1622-HSHSF","Month-to-month","19.55","1","No","medium risk"
"8854-CCVSQ","Month-to-month","80.65","18","Yes","churned"
"6749-UTDVX","Two year","103.65","72","No","stable"
"5542-DHSXL","Month-to-month","54.7","4","No","medium risk"
"9102-OXKFY","Two year","54.15","59","No","stable"
"0511-JTEOY","Month-to-month","71.1","1","Yes","churned"
"5216-WASFJ","Month-to-month","84.85","31","No","medium risk"
"7808-DVWEP","Month-to-month","20","3","No","medium risk"
"7067-KSAZT","One year","106.25","65","Yes","churned"
"2284-VFLKH","One year","99.25","49","No","stable"
"0366-NQSHS","Month-to-month","19.35","2","No","medium risk"
"6532-YLWSI","One year","20.8","53","Yes","churned"
"3807-BPOMJ","One year","94.75","55","No","stable"
"3892-NXAZG","Two year","114.05","72","No","stable"
"4948-WBBKL","Month-to-month","74.9","36","No","medium risk"
"4182-BGSIQ","Month-to-month","19.8","10","No","medium risk"
"9300-AGZNL","Month-to-month","94","1","Yes","churned"
"0988-AADSA","Two year","80.85","72","No","stable"
"9972-NKTFD","Month-to-month","54.65","28","No","medium risk"
"3717-LNXKW","Month-to-month","91.7","38","No","medium risk"
"5734-EJKXG","One year","118.6","61","No","stable"
"2207-RYYRL","Two year","24.55","52","No","stable"
"6729-FZWSY","One year","19.45","67","No","stable"
"9695-IDRZR","Two year","116.15","34","No","stable"
"8144-DGHXP","Two year","80.6","54","No","stable"
"7814-LEEVE","Month-to-month","20.3","1","No","medium risk"
"1112-CUNAO","Month-to-month","89.85","15","Yes","churned"
"5175-AOBHI","Month-to-month","46","4","Yes","churned"
"5174-RNGBH","Month-to-month","66.25","9","Yes","churned"
"8631-WUXGY","Month-to-month","99.8","46","No","medium risk"
"7270-BDIOA","Month-to-month","90","22","Yes","churned"
"9565-JSNFM","One year","70.45","38","Yes","churned"
"5906-DVAPM","One year","75","55","No","stable"
"6654-QGBZZ","Month-to-month","19.9","1","No","medium risk"
"8348-JLBUG","One year","80.3","64","No","stable"
"0607-DAAHE","Two year","19.75","53","Yes","churned"
"5641-DMBFJ","Two year","84.3","58","No","stable"
"9200-NLNPD","One year","54.05","56","No","stable"
"2664-XJZNO","Two year","104.9","72","No","stable"
"9732-KPKBW","Month-to-month","53.95","1","Yes","churned"
"3339-EAQNV","One year","97.25","72","No","stable"
"0921-OHLVP","Month-to-month","83.05","22","No","medium risk"
"3389-YGYAI","Month-to-month","105.5","8","Yes","churned"
"9560-ARGQJ","Month-to-month","81","16","Yes","churned"
"8350-NYMVI","Month-to-month","41.1","39","No","medium risk"
"1600-DILPE","Month-to-month","45","12","No","medium risk"
"0536-ESJEP","Two year","74.55","54","No","stable"
"4654-GGUII","One year","40.2","18","No","stable"
"6478-HRRCZ","One year","70.5","32","No","stable"
"8510-BBWMU","One year","19.75","41","No","stable"
"6857-TKDJV","Two year","24.65","67","No","stable"
"2360-RDGRO","Month-to-month","104.25","65","No","medium risk"
"0584-BJQGZ","Month-to-month","78.35","25","No","medium risk"
"5134-IKDAY","Month-to-month","69.8","1","Yes","churned"
"1360-XFJMR","One year","109.7","67","No","stable"
"3070-DVEYC","Month-to-month","73.75","7","Yes","churned"
"5730-RIITO","Month-to-month","33.45","43","No","medium risk"
"9058-MJLZC","Month-to-month","94.6","24","No","medium risk"
"5707-ORNDZ","Month-to-month","54.55","9","Yes","churned"
"0902-XKXPN","Two year","20.2","69","No","stable"
"5177-RVZNU","One year","20.3","37","No","stable"
"0056-EPFBG","Two year","39.4","20","No","stable"
"8993-IZEUX","Month-to-month","69.15","7","No","medium risk"
"8696-JKZNU","Month-to-month","76.25","37","Yes","churned"
"5380-AFSSK","Month-to-month","93.9","5","Yes","churned"
"8190-ZTQFB","One year","51.35","41","No","stable"
"0931-MHTEM","One year","100.05","54","No","stable"
"2055-PDADH","Month-to-month","70.4","3","Yes","churned"
"7515-LODFU","Two year","20.3","69","No","stable"
"0440-UEDAI","One year","94.45","53","No","stable"
"1337-BOZWO","One year","46.4","18","No","stable"
"0868-VJRDR","Two year","104.05","64","No","stable"
"8714-EUHJO","Month-to-month","91.15","31","Yes","churned"
"6344-SFJVH","Month-to-month","24.9","20","No","medium risk"
"3950-VPYJB","One year","59.6","57","No","stable"
"8041-TMEID","Two year","108.5","63","No","stable"
"7321-ZNSLA","Two year","40.55","13","No","stable"
"6941-KXRRV","One year","58.95","48","No","stable"
"3721-CNEYS","Month-to-month","70.95","2","Yes","churned"
"8727-JQFHV","Two year","20.75","57","No","stable"
"9475-NNDGC","One year","113.15","71","No","stable"
"1355-KUSBG","Month-to-month","48.8","7","No","medium risk"
"3688-FTHLT","Month-to-month","63.05","16","No","medium risk"
"0899-LIIBW","Month-to-month","100.85","34","No","medium risk"
"2568-OIADY","Month-to-month","99.5","37","Yes","churned"
"1384-RCUXW","Month-to-month","80.55","16","No","medium risk"
"5825-XJOCM","One year","64.4","48","No","stable"
"6848-YLDFR","One year","75.2","58","No","stable"
"8125-QPFJD","Two year","84.9","72","No","stable"
"2320-YKQBO","Month-to-month","19.3","7","No","medium risk"
"1193-RTSLK","Month-to-month","83.9","38","Yes","churned"
"2302-ANTDP","Month-to-month","117.45","48","Yes","churned"
"5923-GXUOC","Month-to-month","104.4","10","Yes","churned"
"4973-RLZVI","One year","74.65","30","No","stable"
"7869-ZYDST","Month-to-month","59.05","31","No","medium risk"
"4501-UYKBC","One year","69.1","46","No","stable"
"1215-EXRMO","Two year","20.55","50","No","stable"
"2305-MRGLV","Month-to-month","76.55","28","No","medium risk"
"8404-VIOMB","Two year","62.5","66","No","stable"
"5233-GEEAX","Month-to-month","29.4","8","Yes","churned"
"2359-KLTEK","Month-to-month","94.9","41","No","medium risk"
"5304-EFJLP","Two year","111.65","72","No","stable"
"2673-ZALNP","One year","19.9","7","No","stable"
"9184-GALIL","Month-to-month","20.45","38","No","medium risk"
"4393-RYCRE","One year","106.05","44","No","stable"
"9746-MDMBK","One year","113.45","47","No","stable"
"3162-ZJZFU","Month-to-month","92.55","53","No","medium risk"
"8404-GFGCZ","Month-to-month","65.6","4","No","medium risk"
"8875-AKBYH","Month-to-month","84.35","20","No","medium risk"
"4432-ADRLB","Month-to-month","44.65","2","Yes","churned"
"0533-UCAAU","One year","71.1","57","No","stable"
"1394-SUIUH","Month-to-month","85.15","44","No","medium risk"
"3521-MNKLV","Month-to-month","49.7","24","No","medium risk"
"2533-TIBIX","Month-to-month","30.2","15","No","medium risk"
"8993-PHFWD","Month-to-month","25.25","3","Yes","churned"
"1565-RHDJD","Month-to-month","84.05","4","Yes","churned"
"7137-RYLPP","Month-to-month","85.7","37","Yes","churned"
"3765-JXVKY","Month-to-month","74.7","1","Yes","churned"
"5092-STPKP","Month-to-month","56.35","24","No","medium risk"
"7330-WZLNC","Month-to-month","90.8","5","Yes","churned"
"0114-PEGZZ","Month-to-month","107.55","33","No","medium risk"
"3359-DSRKA","Two year","19.85","58","No","stable"
"8639-NHQEI","Two year","95.9","72","No","stable"
"7161-DFHUF","Two year","23.85","71","No","stable"
"3957-LXOLK","Month-to-month","106.15","28","Yes","churned"
"3720-DBRWL","Two year","83.85","51","No","stable"
"6635-MYYYZ","One year","85.35","30","Yes","churned"
"8565-WUXZU","Two year","84.8","72","No","stable"
"5281-BUZGT","Month-to-month","90.85","36","Yes","churned"
"4994-OBRSZ","Two year","76.1","14","No","stable"
"0562-FGDCR","Two year","74.55","72","No","stable"
"2436-QBZFP","Month-to-month","39.2","22","No","medium risk"
"3420-YJLQT","Month-to-month","79.55","2","No","medium risk"
"6040-CGACY","Month-to-month","19.6","15","No","medium risk"
"6582-PLFUU","Two year","19.55","51","No","stable"
"8242-PDSGJ","Two year","39.15","70","No","stable"
"0264-CNITK","Two year","20.1","71","No","stable"
"0089-IIQKO","Month-to-month","99.95","39","No","medium risk"
"7839-NUIAA","Month-to-month","59.8","61","No","medium risk"
"6075-QMNRR","Month-to-month","49.75","52","No","medium risk"
"5378-IKEEG","Month-to-month","35.75","1","Yes","churned"
"5966-EMAZU","One year","108.5","64","No","stable"
"0440-EKDCF","Two year","60.15","62","No","stable"
"4774-HHGGS","Two year","19.05","30","No","stable"
"2718-GAXQD","Month-to-month","46","4","Yes","churned"
"2055-BFOCC","One year","84","63","No","stable"
"8180-AKMJV","Month-to-month","44.55","1","No","medium risk"
"4298-OYIFC","Month-to-month","103.45","15","No","medium risk"
"5566-SOEZD","One year","80.65","27","No","stable"
"9842-EFSYY","Month-to-month","57.2","4","No","medium risk"
"2272-WUSPA","Two year","110.75","72","No","stable"
"4584-LBNMK","One year","24.7","45","No","stable"
"3898-GUYTS","Month-to-month","97.05","45","No","medium risk"
"0930-EHUZA","One year","76.35","36","No","stable"
"6413-XKKPU","Month-to-month","89.4","17","Yes","churned"
"9975-SKRNR","Month-to-month","18.9","1","No","medium risk"
"3703-KBKZP","Month-to-month","74.45","16","No","medium risk"
"1449-XQEMT","Month-to-month","19.8","3","Yes","churned"
"2626-URJFX","Month-to-month","50.9","4","Yes","churned"
"4973-MGTON","Two year","84.4","71","No","stable"
"3682-YEUWS","Month-to-month","24.4","10","No","medium risk"
"1223-UNPKS","Two year","20.05","20","No","stable"
"2612-RRIDN","Month-to-month","81","4","Yes","churned"
"4735-ASGMA","Month-to-month","98.35","26","Yes","churned"
"3446-QDSZF","Month-to-month","55.5","4","No","medium risk"
"3669-LVWZB","Month-to-month","51","5","Yes","churned"
"6892-EZDTG","Month-to-month","91.65","4","Yes","churned"
"5117-IFGPS","Month-to-month","84.3","29","No","medium risk"
"7379-FNIUJ","Month-to-month","100.2","2","No","high risk"
"1627-AFWVJ","Two year","19.4","29","No","stable"
"9725-SCPZG","Month-to-month","90.85","1","Yes","churned"
"5884-GCYMI","Month-to-month","69.4","1","Yes","churned"
"3217-FZDMN","Month-to-month","94.45","8","Yes","churned"
"4486-EFAEB","Month-to-month","20.4","13","No","medium risk"
"0060-FUALY","Month-to-month","94.75","59","No","medium risk"
"7853-GVUDZ","Month-to-month","20.15","1","Yes","churned"
"7480-QNVZJ","Month-to-month","95.7","50","Yes","churned"
"6954-OOYZZ","Month-to-month","44.35","18","No","medium risk"
"7088-FBAWU","Month-to-month","74.55","17","No","medium risk"
"8313-AFGBW","Two year","73.6","47","No","stable"
"3943-KDREE","Month-to-month","74.95","26","Yes","churned"
"9239-ZBZZV","Month-to-month","47.95","6","Yes","churned"
"3097-IDVPU","Month-to-month","50.1","19","No","medium risk"
"4398-HSCJH","Month-to-month","63.6","3","Yes","churned"
"2197-OMWGI","Two year","53","68","No","stable"
"2303-PJYHN","Month-to-month","19.85","2","No","medium risk"
"9795-VOWON","One year","24.35","7","No","stable"
"1237-WIYYZ","Month-to-month","19.55","18","No","medium risk"
"1987-AUELQ","Two year","25.05","71","No","stable"
"7852-LECYP","Month-to-month","93.8","13","No","medium risk"
"4430-UZIPO","Month-to-month","36.85","3","Yes","churned"
"4822-LPTYJ","Two year","103.75","72","No","stable"
"8165-CBKXO","Two year","56.75","66","No","stable"
"6527-PZFPV","One year","20.8","24","No","stable"
"4855-SNKMY","Month-to-month","44.1","1","Yes","churned"
"9593-CVZKR","Two year","24.45","56","No","stable"
"8595-SIZNC","One year","25.6","22","No","stable"
"8008-HAWED","Month-to-month","50.75","14","Yes","churned"
"7124-UGSUR","One year","104.4","61","Yes","churned"
"1862-SKORY","Month-to-month","39.3","40","Yes","churned"
"5236-XMZJY","Month-to-month","59.65","42","No","medium risk"
"4827-DPADN","Two year","83.3","72","No","stable"
"2694-CIUMO","Month-to-month","79.55","12","No","medium risk"
"5846-ABOBJ","Two year","24.45","71","No","stable"
"1439-LCGVL","One year","19.2","26","No","stable"
"0909-SDHNU","Month-to-month","29.8","7","No","medium risk"
"4647-XXZAM","Month-to-month","45.5","6","No","medium risk"
"1502-XFCVR","One year","106.45","58","Yes","churned"
"7740-KKCXF","Month-to-month","30.05","51","No","medium risk"
"5360-XGYAZ","Two year","65.65","72","No","stable"
"9692-TUSXH","Month-to-month","96.05","18","Yes","churned"
"7912-SYRQT","Month-to-month","75.1","7","Yes","churned"
"3557-HTYWR","Two year","74.05","47","No","stable"
"4816-JBHOV","Month-to-month","44.7","2","Yes","churned"
"8920-NAVAY","One year","110.75","62","No","stable"
"1699-TLDLZ","Two year","19.7","16","No","stable"
"5600-PDUJF","Month-to-month","49.5","6","No","medium risk"
"8292-TYSPY","Month-to-month","55","19","Yes","churned"
"0567-XRHCU","Two year","43.95","69","No","stable"
"1867-BDVFH","Month-to-month","74.35","11","Yes","churned"
"2067-QYTCF","Month-to-month","111.15","64","No","medium risk"
"2359-QWQUL","One year","104.7","39","Yes","churned"
"9103-TCIHJ","Month-to-month","55.7","15","Yes","churned"
"7407-SUJIZ","Month-to-month","20.6","25","No","medium risk"
"9150-KPBJQ","Two year","19.65","6","No","stable"
"0052-DCKON","One year","115.8","66","No","stable"
"3654-ARMGP","Two year","88.65","61","No","stable"
"9699-UBQFS","Month-to-month","94.5","43","No","medium risk"
"9367-TCUYN","Month-to-month","20.1","12","No","medium risk"
"1261-FWTTE","Month-to-month","34.65","23","No","medium risk"
"3528-HFRIQ","Month-to-month","52.3","71","No","medium risk"
"0708-SJDIS","Month-to-month","65","34","No","medium risk"
"4140-WJAWW","Month-to-month","19.85","5","Yes","churned"
"2073-QBVBI","One year","35.45","41","No","stable"
"6928-ONTRW","Two year","19.7","72","No","stable"
"3320-VEOYC","Month-to-month","95.6","14","No","medium risk"
"5231-FIQPA","Two year","19.85","41","No","stable"
"6617-WLBQC","One year","81.85","23","No","stable"
"2599-CIPQE","Two year","109.3","71","No","stable"
"6653-CBBOM","Month-to-month","70.3","1","Yes","churned"
"8774-GSBUN","Two year","25.4","72","No","stable"
"7326-RIGQZ","Month-to-month","69.8","6","No","medium risk"
"1401-FTHFQ","One year","20","23","No","stable"
"3247-ZVOUO","Month-to-month","85.55","10","Yes","churned"
"0254-FNMCI","Two year","109.9","72","No","stable"
"1848-LBZHY","Month-to-month","50.3","7","No","medium risk"
"6101-IMRMM","Month-to-month","94.5","6","Yes","churned"
"8118-TJAFG","Month-to-month","101.5","9","No","high risk"
"5429-LWCMV","Month-to-month","89.15","12","No","medium risk"
"7298-IZWLY","Month-to-month","19.4","1","No","medium risk"
"9758-MFWGD","One year","29.9","48","No","stable"
"3955-JBZZM","Month-to-month","78.8","20","No","medium risk"
"1268-ASBGA","Month-to-month","85.35","16","Yes","churned"
"8943-URTMR","Month-to-month","79.65","2","Yes","churned"
"4815-TUMEQ","One year","19.3","10","No","stable"
"4713-LZDRV","Month-to-month","79.6","2","Yes","churned"
"9909-IDLEK","Month-to-month","96.8","20","No","medium risk"
"4092-OFQZS","One year","20.65","20","No","stable"
"1561-BWHIN","One year","19.8","19","No","stable"
"4325-NFSKC","Month-to-month","90.6","19","Yes","churned"
"9927-DSWDF","Month-to-month","104.6","22","No","medium risk"
"9500-LTVBP","Month-to-month","80.05","35","No","medium risk"
"7252-NTGSS","Month-to-month","45.15","1","No","medium risk"
"8149-AIQCG","Month-to-month","73.15","39","No","medium risk"
"1360-JYXKQ","One year","99.1","54","No","stable"
"2955-PSXOE","Month-to-month","20.2","1","Yes","churned"
"7762-URZQH","Two year","106.05","66","Yes","churned"
"0899-WZRSD","Month-to-month","105.35","56","No","medium risk"
"3255-GRXMG","Month-to-month","45.65","18","No","medium risk"
"4828-FAZPK","Month-to-month","79.95","16","No","medium risk"
"6094-ZIVKX","One year","54.45","68","No","stable"
"6925-BAYGL","Two year","25.1","53","No","stable"
"3262-EIDHV","Two year","84.7","72","No","stable"
"7354-OIJLX","Month-to-month","75.85","9","No","medium risk"
"1376-HHBDV","Month-to-month","48.8","30","No","medium risk"
"6907-NZZIJ","Month-to-month","99.15","36","Yes","churned"
"6133-OZILE","Month-to-month","35.2","18","No","medium risk"
"4135-FRWKJ","One year","76.25","55","No","stable"
"2911-UREFD","Month-to-month","55.9","39","Yes","churned"
"3744-ZRRDZ","Month-to-month","82.35","21","Yes","churned"
"5673-TIYIB","Month-to-month","40.4","2","Yes","churned"
"6551-ZCOTS","One year","24.9","33","No","stable"
"7191-ADRGF","Two year","54.3","44","No","stable"
"5018-LXQQG","Month-to-month","66.3","30","No","medium risk"
"6892-BOGQE","Two year","20.9","71","No","stable"
"1602-IJQQE","Month-to-month","75.35","4","Yes","churned"
"4628-WQCQQ","One year","85.15","35","Yes","churned"
"1746-TGTWV","Month-to-month","75.35","1","No","medium risk"
"5995-SNNEW","Month-to-month","104.45","23","No","medium risk"
"8050-WYBND","One year","49.45","22","No","stable"
"2821-WARNZ","One year","19.45","49","No","stable"
"4879-GZLFH","Month-to-month","92.15","42","No","medium risk"
"1644-IRKSF","One year","93.8","33","Yes","churned"
"8314-HTWVE","Two year","19.85","7","No","stable"
"9402-ROUMJ","One year","100.25","67","No","stable"
"2507-QZPQS","Month-to-month","95.7","15","No","medium risk"
"7159-NOKYQ","Two year","93.15","67","No","stable"
"5707-ZMDJP","Two year","69.7","53","No","stable"
"8779-YIQQA","One year","19.8","21","No","stable"
"7136-IHZJA","Month-to-month","71.35","40","No","medium risk"
"8966-OIQHG","One year","20.75","22","No","stable"
"7074-STDCN","Month-to-month","40.6","39","No","medium risk"
"3705-PSNGL","One year","20.4","45","Yes","churned"
"8739-QOTTN","Month-to-month","20.35","2","No","medium risk"
"1399-OUPJN","Two year","19.75","57","No","stable"
"0277-BKSQP","Month-to-month","54.4","8","No","medium risk"
"6502-HCJTI","Month-to-month","94.7","7","Yes","churned"
"2606-RMDHZ","Month-to-month","30.5","6","Yes","churned"
"5774-XZTQC","Month-to-month","20.45","7","No","medium risk"
"2676-SSLTO","Two year","66.15","49","No","stable"
"6266-QHOJZ","One year","89.85","65","No","stable"
"7269-JISCY","One year","45.05","55","No","stable"
"0363-SVHYR","Two year","86.85","71","No","stable"
"8547-NSBBO","Month-to-month","96.75","35","No","medium risk"
"8258-GSTJK","Month-to-month","77","3","Yes","churned"
"6861-OKBCE","Month-to-month","20.1","11","Yes","churned"
"9940-RHLFB","Month-to-month","75.3","1","Yes","churned"
"6591-QGOYB","Month-to-month","106.65","17","No","medium risk"
"9070-BCKQP","Two year","110.15","72","No","stable"
"6421-SZVEM","One year","82.85","28","No","stable"
"1328-EUZHC","Two year","20.1","18","No","stable"
"2995-UPRYS","One year","99.2","40","Yes","churned"
"8878-RYUKI","Month-to-month","59.45","52","No","medium risk"
"9633-DENPU","Month-to-month","58.6","47","No","medium risk"
"7811-JIVPF","Month-to-month","49.7","23","No","medium risk"
"7113-HIPFI","Two year","65.85","66","No","stable"
"8541-QVFKM","Month-to-month","73.5","8","No","medium risk"
"6686-YPGHK","Month-to-month","85.5","47","Yes","churned"
"1383-EZRWL","Month-to-month","20.05","7","Yes","churned"
"9258-CNWAC","Two year","113.65","71","No","stable"
"5371-VYLSX","Month-to-month","83.4","50","No","medium risk"
"6374-AFWOX","Two year","65.65","46","No","stable"
"4759-TRPLW","Month-to-month","70.4","1","Yes","churned"
"5317-FLPJF","Two year","61.35","66","No","stable"
"7621-VPNET","Month-to-month","85.9","42","No","medium risk"
"6034-YMTOB","Month-to-month","75.65","5","No","medium risk"
"8563-IIOXK","One year","49.75","7","Yes","churned"
"4903-CNOZC","One year","70.9","29","No","stable"
"4353-HYOJD","Month-to-month","49.85","27","No","medium risk"
"8020-BWHYL","Month-to-month","75.3","15","Yes","churned"
"7267-FRMJW","Two year","20.1","25","No","stable"
"2982-VPSGI","Month-to-month","94","11","Yes","churned"
"4188-FRABG","Month-to-month","103.05","57","No","medium risk"
"8199-ZLLSA","One year","118.35","67","Yes","churned"
"4128-ETESU","Month-to-month","99.7","47","No","medium risk"
"0620-DLSLK","Month-to-month","81.9","13","No","medium risk"
"4625-EWPTF","Month-to-month","30.45","8","Yes","churned"
"5980-NOPLP","Month-to-month","96.1","44","Yes","churned"
"3850-OKINF","One year","66.2","71","No","stable"
"6892-XPFPU","Month-to-month","104.25","24","Yes","churned"
"8010-EZLOU","Month-to-month","80.2","15","Yes","churned"
"1156-ZFYDO","Month-to-month","19.75","1","No","medium risk"
"3295-YVUSR","Month-to-month","72.6","2","No","medium risk"
"8016-NCFVO","Month-to-month","116.5","55","No","medium risk"
"4119-ZYPZY","Two year","106.8","71","No","stable"
"5549-ZGHFB","Two year","24.95","50","No","stable"
"7577-SWIFR","Month-to-month","89.25","1","No","high risk"
"0303-WMMRN","Month-to-month","19.25","5","No","medium risk"
"6408-OTUBZ","One year","104.55","66","No","stable"
"5204-HMGYF","One year","87.2","49","No","stable"
"1078-TDCRN","Month-to-month","30.75","3","No","medium risk"
"3727-OVPRY","One year","25.7","66","No","stable"
"3797-FKOGQ","Month-to-month","86.2","11","No","high risk"
"7622-NXQZR","Month-to-month","30.1","28","No","medium risk"
"6196-HBOBZ","Two year","99.35","65","No","stable"
"3970-XGJDU","Two year","19.2","62","No","stable"
"7017-VFULY","Month-to-month","20.1","2","No","medium risk"
"5562-YJQGT","Month-to-month","20.35","2","No","medium risk"
"8807-OPMBM","Two year","25.65","55","No","stable"
"5439-WIKXB","Month-to-month","94.55","41","No","medium risk"
"9874-QLCLH","Month-to-month","104.2","17","Yes","churned"
"8294-UIMBA","One year","94.4","30","No","stable"
"8109-YUOHE","One year","56.1","17","No","stable"
"5840-NVDCG","Two year","68.25","16","No","stable"
"8092-NLTGF","Two year","24.75","72","No","stable"
"5928-QLDHB","Month-to-month","76.25","9","No","medium risk"
"9840-EFJQB","Month-to-month","74.35","1","No","medium risk"
"0696-UKTOX","Month-to-month","54.15","23","No","medium risk"
"4801-KFYKL","Month-to-month","19.45","8","No","medium risk"
"3472-OAOOR","Month-to-month","34.95","19","No","medium risk"
"6135-OZQVA","Month-to-month","53.65","7","No","medium risk"
"8062-YBDOE","Month-to-month","69.65","1","Yes","churned"
"2252-JHJGE","One year","104","61","No","stable"
"4188-PCPIG","Two year","70.35","57","No","stable"
"6000-APYLU","Month-to-month","80.8","9","Yes","churned"
"7105-BENQF","One year","64.85","15","No","stable"
"7721-DVEKZ","Month-to-month","19.65","1","No","medium risk"
"3566-VVORZ","Month-to-month","45.9","12","No","medium risk"
"9507-HSMMZ","Two year","20","54","No","stable"
"2480-SQIOB","Month-to-month","44.8","4","No","medium risk"
"0947-IDHRQ","Month-to-month","80.3","7","Yes","churned"
"7813-TKCVO","One year","20.35","20","No","stable"
"0128-MKWSG","Month-to-month","45.8","26","No","medium risk"
"3672-YITQD","Month-to-month","84.1","36","Yes","churned"
"4350-ZTLPI","One year","108.95","53","No","stable"
"9048-JVYVF","Month-to-month","69.35","3","Yes","churned"
"0361-HJRDX","Two year","64.35","68","No","stable"
"5727-MYATE","Two year","90.8","72","No","stable"
"3823-KYNQY","One year","24.95","12","No","stable"
"8988-ECPJR","Month-to-month","79.6","34","Yes","churned"
"7570-WELNY","Two year","84.7","68","No","stable"
"3021-VLNRJ","One year","70.8","50","No","stable"
"3776-EKTKM","Month-to-month","36.45","1","Yes","churned"
"2080-CAZNM","Month-to-month","104.4","41","No","medium risk"
"1028-FFNJK","Month-to-month","101.5","30","No","medium risk"
"6907-FLBER","Month-to-month","54.3","1","No","medium risk"
"3001-UNBTL","Month-to-month","103.95","29","No","medium risk"
"5982-PSMKW","Two year","91.1","23","No","stable"
"3507-GASNP","Two year","19.95","60","No","stable"
"7096-ZNBZI","Two year","26.45","72","No","stable"
"1902-XBTFB","Month-to-month","89.4","22","Yes","churned"
"1676-MQAOA","Two year","75.1","72","No","stable"
"0786-IVLAW","One year","108.1","66","No","stable"
"7566-DSRLQ","Two year","110.15","72","No","stable"
"0643-OKLRP","Month-to-month","80.35","47","Yes","churned"
"7245-JMTTQ","One year","111.5","51","No","stable"
"6050-IJRHS","One year","106.5","70","No","stable"
"6202-JVYEU","One year","19.9","9","No","stable"
"8591-TKMZH","Two year","111.1","59","No","stable"
"0734-OXWBT","Month-to-month","70.7","3","No","medium risk"
"4282-ACRXS","Month-to-month","24.85","38","No","medium risk"
"0365-TRTPY","Month-to-month","91.2","37","No","medium risk"
"7349-ALMUX","Two year","65.6","37","No","stable"
"9381-NDKME","Month-to-month","40.65","24","Yes","churned"
"6502-KUGLL","Month-to-month","59.45","14","No","medium risk"
"1841-YSJGV","Two year","109.95","72","No","stable"
"2794-XIMMO","One year","60.45","53","Yes","churned"
"8382-SHQEH","Month-to-month","84.9","8","Yes","churned"
"3511-BFTJW","Two year","38.5","72","No","stable"
"7668-XCFYV","Month-to-month","92.55","17","No","medium risk"
"2983-ZANRP","Month-to-month","73.55","2","Yes","churned"
"7845-URHJN","Month-to-month","20.15","8","Yes","churned"
"3034-ZBEQN","One year","34.7","48","Yes","churned"
"5018-HEKFO","Month-to-month","24.5","10","No","medium risk"
"3976-NLDEZ","Month-to-month","20.6","1","No","medium risk"
"2282-YGNOR","One year","58","29","No","stable"
"5336-UFNZP","One year","107.45","65","No","stable"
"6854-EXGSF","Month-to-month","65.5","8","No","medium risk"
"1241-EZFMJ","Two year","25.45","61","No","stable"
"9233-PSYHO","One year","100.15","45","No","stable"
"5376-PCKNB","One year","104.45","72","No","stable"
"8044-BGWPI","Month-to-month","21.15","12","No","medium risk"
"4060-LDNLU","Month-to-month","96.2","7","No","high risk"
"3589-PPVKW","Month-to-month","44.4","9","No","medium risk"
"8327-LZKAS","One year","107.55","43","Yes","churned"
"5887-IKKYO","Two year","94.35","58","No","stable"
"1075-BGWOH","Month-to-month","98.75","16","Yes","churned"
"1755-RMCXH","Month-to-month","20.3","2","No","medium risk"
"0302-JOIVN","Month-to-month","101.15","8","Yes","churned"
"3858-XHYJO","One year","105.75","40","No","stable"
"4299-SIMNS","Month-to-month","81.15","9","No","high risk"
"7025-IWFHT","One year","89.55","41","No","stable"
"6261-LHRTG","Month-to-month","54.75","26","No","medium risk"
"7841-FCRQD","One year","53.75","33","No","stable"
"2056-EVGZL","One year","105.75","68","No","stable"
"8777-MBMTS","Two year","105.85","65","No","stable"
"7753-USQYQ","One year","64.2","55","No","stable"
"5366-IJEQJ","Month-to-month","88.7","20","Yes","churned"
"7661-CPURM","One year","87.7","19","No","stable"
"6233-HXJMX","Month-to-month","89.3","45","No","medium risk"
"5902-WBLSE","Two year","20.15","70","No","stable"
"1981-INRFU","Month-to-month","79.75","2","Yes","churned"
"4971-PUYQO","Month-to-month","94.55","27","Yes","churned"
"3239-TPHPZ","Two year","20.05","12","No","stable"
"5115-GZDEL","Two year","67.2","72","No","stable"
"3338-CVVEH","Month-to-month","94.55","12","No","medium risk"
"8485-GJCDN","Month-to-month","69.05","5","Yes","churned"
"2615-YVMYX","Month-to-month","107.5","71","No","medium risk"
"2851-STERV","One year","73","35","No","stable"
"4393-GEADV","Two year","114.75","70","No","stable"
"8486-AYEQH","Month-to-month","76.05","31","No","medium risk"
"1527-SXDPN","Two year","96.25","52","Yes","churned"
"6029-WTIPC","Month-to-month","101.1","37","Yes","churned"
"8634-CILSZ","One year","104.7","69","Yes","churned"
"5419-JKZNQ","Month-to-month","77.9","30","No","medium risk"
"2495-KZNFB","Month-to-month","90.65","33","No","medium risk"
"1409-PHXTF","Two year","110.45","54","No","stable"
"4560-WQAQW","One year","68.7","59","No","stable"
"9591-YVTEB","Month-to-month","44.85","55","No","medium risk"
"9309-BZGNT","One year","29.8","69","No","stable"
"4274-DRSQT","One year","88.9","66","No","stable"
"2027-DNKIV","One year","58.75","37","No","stable"
"8075-GXIUB","One year","19.85","9","No","stable"
"2885-HIJDH","Two year","86.9","69","No","stable"
"5424-RLQLC","Month-to-month","59.65","10","No","medium risk"
"6682-QJDGB","Month-to-month","55.25","40","Yes","churned"
"6507-DTJZV","Month-to-month","66.4","13","No","medium risk"
"8780-IXSTS","Month-to-month","90.1","6","Yes","churned"
"7673-BQGKU","Two year","20.15","69","No","stable"
"6723-WSNTY","One year","108.1","66","No","stable"
"9530-EHPOH","Month-to-month","53.75","11","Yes","churned"
"2725-IWWBA","One year","56.9","46","No","stable"
"0345-HKJVM","Month-to-month","89.3","6","Yes","churned"
"1061-PNTHC","Month-to-month","109.6","56","No","medium risk"
"0394-YONDK","Two year","25.15","70","No","stable"
"6574-MCOEH","One year","79.15","33","No","stable"
"7399-QHBJS","Two year","66.75","72","No","stable"
"3049-SOLAY","Month-to-month","95.2","3","Yes","churned"
"0997-YTLNY","Month-to-month","48.8","19","No","medium risk"
"3317-HRTNN","Month-to-month","45.7","5","Yes","churned"
"9479-HYNYL","Two year","80.7","71","No","stable"
"3235-ETOOB","Month-to-month","74.5","8","Yes","churned"
"9708-KFDBY","Month-to-month","20.55","1","No","medium risk"
"8058-INTPH","Month-to-month","79.65","1","Yes","churned"
"3642-GKTCT","One year","115.1","61","No","stable"
"0774-RMNUW","Two year","59.7","71","No","stable"
"1334-PDUKM","One year","86.45","68","No","stable"
"0756-MPZRL","One year","33.7","46","No","stable"
"2242-MFOTG","One year","80.1","33","No","stable"
"2927-CVULT","Two year","104.05","53","No","stable"
"2144-BFDSO","Month-to-month","108.75","50","No","medium risk"
"8745-PVESG","One year","41.1","57","No","stable"
"7647-GYYKX","Two year","20.35","54","No","stable"
"5647-FXOTP","Month-to-month","105.9","60","No","medium risk"
"5569-OUICF","Month-to-month","101.3","28","Yes","churned"
"8821-XNHVZ","Month-to-month","80.05","1","Yes","churned"
"2082-OJVTK","Month-to-month","89.2","29","Yes","churned"
"9700-ISPUP","Month-to-month","65.5","10","No","medium risk"
"9839-ETQOE","Month-to-month","40.45","43","No","medium risk"
"6078-VESFR","Month-to-month","70.45","13","No","medium risk"
"9027-TMATR","Two year","78.8","43","No","stable"
"5940-NFXKV","Month-to-month","83.65","19","Yes","churned"
"1941-HOSAM","Month-to-month","90.1","1","No","high risk"
"9110-HSGTV","Two year","82.45","69","No","stable"
"0704-VCUMB","Two year","20.25","61","No","stable"
"6171-ZTVYB","Month-to-month","66.25","43","No","medium risk"
"8053-WWDRO","Month-to-month","19.5","6","Yes","churned"
"9564-KCLHR","Month-to-month","51.25","1","Yes","churned"
"1935-IMVBB","Month-to-month","89.7","56","No","medium risk"
"2535-PBCGC","Two year","64.55","70","No","stable"
"2082-CEFLT","Month-to-month","45.6","1","Yes","churned"
"1470-PSXNM","One year","93.65","49","No","stable"
"1213-NGCUN","Month-to-month","49.65","6","Yes","churned"
"2498-XLDZR","Two year","73.6","32","No","stable"
"9866-OCCKE","Two year","109.75","72","No","stable"
"5338-YHWYT","Two year","61.45","37","No","stable"
"7718-UPSKJ","One year","106.4","69","No","stable"
"8731-WBBMB","Month-to-month","81.9","26","No","medium risk"
"1448-CYWKC","One year","105.2","58","No","stable"
"7901-IIDQV","One year","54.6","24","No","stable"
"2690-DVRVK","One year","20.55","5","No","stable"
"5688-KZTSN","Month-to-month","20","15","Yes","churned"
"1270-XKUCC","Two year","19.7","30","No","stable"
"0334-ZFJSR","One year","66.05","55","No","stable"
"2894-QOJRX","Month-to-month","34","25","Yes","churned"
"5747-PMBSQ","Month-to-month","92.5","10","Yes","churned"
"5583-EJXRD","Two year","54.05","44","No","stable"
"4565-EVZMJ","One year","58.9","47","No","stable"
"3143-JQEGI","Month-to-month","88.35","13","Yes","churned"
"6386-SZZKH","Two year","107.95","49","Yes","churned"
"3327-YBAKM","One year","96.9","64","No","stable"
"9441-QHEVC","Month-to-month","19.1","1","No","medium risk"
"6705-LNMDD","Month-to-month","50","20","No","medium risk"
"2580-ASVVY","Two year","45.4","37","No","stable"
"3370-GQEAL","Month-to-month","85.45","30","No","medium risk"
"5032-USPKF","One year","84.1","38","No","stable"
"2982-IHMFT","Month-to-month","74.45","1","Yes","churned"
"3521-SYVOR","Month-to-month","64.75","37","Yes","churned"
"4254-QPEDE","Two year","66.25","52","No","stable"
"6283-GITPX","Two year","76.9","71","No","stable"
"9526-JAWYF","Month-to-month","89.8","26","Yes","churned"
"0771-CHWSK","Two year","74.6","66","No","stable"
"9788-HNGUT","Two year","116.95","72","No","stable"
"9495-REDIY","One year","40.65","25","No","stable"
"5375-XLDOF","Two year","114.35","69","No","stable"
"1172-VIYBP","Two year","69.7","53","No","stable"
"5649-VUKMC","One year","95.5","12","Yes","churned"
"6559-PDZLR","Month-to-month","98.65","26","No","medium risk"
"8992-OBVDG","Month-to-month","61.65","21","No","medium risk"
"4273-MBHYA","Month-to-month","89.35","1","No","high risk"
"4724-WXVWF","Month-to-month","95.4","48","No","medium risk"
"5701-GUXDC","One year","35.4","26","No","stable"
"1460-UZPRJ","Two year","19.95","60","No","stable"
"6082-GLJIX","Month-to-month","19.25","18","No","medium risk"
"5143-EGQFK","Month-to-month","29.65","10","Yes","churned"
"4919-IKATY","Month-to-month","84.5","5","Yes","churned"
"2495-TTHBQ","One year","20.4","4","No","stable"
"0485-ZBSLN","Two year","24.75","65","No","stable"
"3810-PJUHR","Two year","25.35","70","No","stable"
"9050-QLROH","Month-to-month","90.7","18","Yes","churned"
"0847-HGRML","Two year","20","62","No","stable"
"8232-CTLKO","Two year","59.75","66","No","stable"
"9227-YBAXE","Two year","82.5","65","No","stable"
"6168-WFVVF","Month-to-month","70.3","3","Yes","churned"
"9860-LISIZ","Month-to-month","20.35","34","No","medium risk"
"0112-QAWRZ","Month-to-month","90.8","16","No","medium risk"
"0877-SDMBN","One year","103.95","54","Yes","churned"
"2786-GCDPI","Month-to-month","104.95","50","No","medium risk"
"4043-MKDTV","Two year","105.25","71","No","stable"
"8065-YKXKD","Month-to-month","74.75","10","Yes","churned"
"9637-EIHEQ","Month-to-month","50.8","1","Yes","churned"
"9229-RQABD","One year","23.75","18","No","stable"
"8313-KTIHG","Month-to-month","61.3","4","No","medium risk"
"5320-BRKGK","Two year","75.8","58","No","stable"
"6284-KMNUF","One year","98","56","No","stable"
"9689-PTNPG","Month-to-month","80.25","2","Yes","churned"
"9465-RWMXL","Month-to-month","78.9","32","Yes","churned"
"6229-UOLQL","One year","52","56","No","stable"
"2362-IBOOY","Month-to-month","84.75","36","Yes","churned"
"3137-LUPIX","Month-to-month","64.4","4","No","medium risk"
"0843-WTBXE","Month-to-month","85.45","53","Yes","churned"
"6143-JQKEA","Month-to-month","45.8","10","No","medium risk"
"8676-OOQEJ","Month-to-month","30.5","4","No","medium risk"
"5515-IDEJJ","Month-to-month","19.9","1","Yes","churned"
"9701-CDXHR","Month-to-month","69.15","51","No","medium risk"
"7450-NWRTR","Month-to-month","99.45","12","Yes","churned"
"8124-NZVGJ","One year","49.25","6","No","stable"
"2162-FRZAA","Two year","39.35","63","No","stable"
"5376-DEQCP","Month-to-month","70.6","1","Yes","churned"
"5118-MUEYH","Month-to-month","105.1","48","No","medium risk"
"9095-HFAFX","Month-to-month","81","5","Yes","churned"
"5627-TVBPP","One year","20.1","35","No","stable"
"2379-ENZGV","Month-to-month","84.85","6","Yes","churned"
"3936-QQFLL","Month-to-month","19.75","2","No","medium risk"
"2589-AYCRP","One year","19.75","50","No","stable"
"4067-HLYQI","Month-to-month","70.4","33","No","medium risk"
"5124-EOGYE","Two year","20.45","31","No","stable"
"5057-RKGLH","Two year","20.35","9","No","stable"
"0292-WEGCH","Month-to-month","86.2","54","No","medium risk"
"8910-ICHIU","One year","95.65","46","No","stable"
"4097-YODCF","One year","103.8","34","No","stable"
"9715-WZCLW","Two year","97.2","71","No","stable"
"9786-YWNHU","Two year","63.55","63","No","stable"
"6407-GSJNL","Two year","24.95","51","No","stable"
"6005-OBZPH","Month-to-month","89.15","26","Yes","churned"
"4049-ZPALD","Two year","99","64","No","stable"
"7932-WPTDS","Month-to-month","24.8","1","Yes","churned"
"3733-UOCWF","One year","85.55","61","No","stable"
"6833-JMZYP","Month-to-month","94","15","No","medium risk"
"2722-VOJQL","One year","105.65","64","Yes","churned"
"1310-QRITU","Month-to-month","50.3","18","No","medium risk"
"8961-QDZZJ","One year","95","57","No","stable"
"9715-SBVSU","Two year","61.4","14","No","stable"
"8490-BXHEO","Month-to-month","80.55","18","No","medium risk"
"7173-TETGO","Two year","78.5","72","No","stable"
"7929-SKFGK","Two year","114.3","70","No","stable"
"2300-RQGOI","Two year","20.05","38","No","stable"
"3563-SVYLG","Two year","62.65","68","No","stable"
"5228-EXCET","Month-to-month","80.85","13","Yes","churned"
"6435-VWCCY","Two year","92.7","65","No","stable"
"4998-IKFSE","Month-to-month","100.45","30","No","medium risk"
"8630-QSGXK","Two year","75.2","51","No","stable"
"2455-USLMV","Month-to-month","84.75","31","No","medium risk"
"7394-FKDNK","Month-to-month","89.45","9","Yes","churned"
"9488-FVZCC","Two year","79.5","72","No","stable"
"6331-LWDTQ","Month-to-month","72.15","10","Yes","churned"
"5995-WWKKG","One year","19.8","37","No","stable"
"1597-FZREH","Month-to-month","76.4","2","Yes","churned"
"7879-CGSFV","One year","100.9","55","No","stable"
"9921-EZKBY","Month-to-month","95.3","33","No","medium risk"
"7432-FFVAR","One year","90.95","46","No","stable"
"7246-ZGQDF","Month-to-month","54.5","1","No","medium risk"
"7000-WCEVQ","Month-to-month","61.6","20","Yes","churned"
"0727-IWKVK","Month-to-month","79.9","9","Yes","churned"
"5959-BELXA","Month-to-month","96.15","32","Yes","churned"
"4456-RHSNB","Month-to-month","49.6","19","No","medium risk"
"3512-IZIKN","Two year","65.3","70","Yes","churned"
"2481-SBOYW","Two year","25","61","No","stable"
"7109-MFBYV","Month-to-month","45.45","26","No","medium risk"
"1833-TCXKK","Month-to-month","107.75","45","No","medium risk"
"1832-PEUTS","Two year","89.1","62","No","stable"
"6141-OOXUQ","Month-to-month","19.65","1","Yes","churned"
"8660-BUETV","Month-to-month","44.75","3","No","medium risk"
"0580-PIQHM","One year","101.6","41","No","stable"
"5696-CEIQJ","Two year","103.15","67","No","stable"
"7503-ZGUZJ","Month-to-month","84.65","1","Yes","churned"
"1696-HXOWK","One year","95.65","71","No","stable"
"3026-ATZYV","One year","75.1","37","No","stable"
"4012-YCFAI","Two year","61.35","60","No","stable"
"2506-TNFCO","Month-to-month","69.55","1","Yes","churned"
"9970-QBCDA","Month-to-month","19.7","6","No","medium risk"
"8718-PTMEZ","Month-to-month","31.05","13","Yes","churned"
"9496-IVVRP","Month-to-month","51","11","No","medium risk"
"2207-OBZNX","Month-to-month","51","7","Yes","churned"
"2657-VPXTA","Month-to-month","88.85","10","No","high risk"
"6551-VLJMV","Two year","20.05","34","No","stable"
"1221-GHZEP","Two year","65.1","62","No","stable"
"9289-LBQVU","One year","70.15","64","No","stable"
"6142-VSJQO","Month-to-month","44.35","1","Yes","churned"
"3458-IDMFK","Two year","20.75","25","No","stable"
"6933-FHBZC","One year","56.05","26","No","stable"
"0221-NAUXK","One year","19.95","10","No","stable"
"9770-KXGQU","One year","98.6","53","No","stable"
"6437-UKHMV","Month-to-month","79.7","7","Yes","churned"
"6538-POCHL","Month-to-month","79","33","No","medium risk"
"6726-NNFWD","Two year","89.45","71","No","stable"
"3002-WQZWT","Month-to-month","74.2","29","No","medium risk"
"4277-UDIEF","Month-to-month","81","24","No","medium risk"
"1208-NBVFH","Month-to-month","49.6","20","No","medium risk"
"4912-PIGUY","Month-to-month","84.6","1","No","high risk"
"1114-CENIM","Month-to-month","55","54","Yes","churned"
"6060-DRTNL","Month-to-month","84.85","5","Yes","churned"
"2725-TTRIQ","Two year","84.2","72","No","stable"
"3374-TTZTK","Two year","106.3","52","No","stable"
"8990-ZXLSU","Month-to-month","69.05","9","No","medium risk"
"2275-RBYQS","Month-to-month","45.4","1","No","medium risk"
"8473-VUVJN","Month-to-month","73.65","1","Yes","churned"
"6289-CPNLD","One year","73.9","33","Yes","churned"
"5536-SLHPM","Month-to-month","77.75","55","Yes","churned"
"4419-UJMUS","Two year","99.35","69","No","stable"
"7794-JASDG","Month-to-month","50.75","1","No","medium risk"
"7609-YBPXG","Two year","87.1","54","No","stable"
"5519-TEEUH","One year","20.15","33","No","stable"
"7856-GANIL","One year","98.7","45","No","stable"
"0804-XBFBV","Month-to-month","25.2","11","No","medium risk"
"2676-OXPPQ","Month-to-month","55.7","6","No","medium risk"
"3703-TTEPD","Month-to-month","65.35","21","No","medium risk"
"2799-TSLAG","Two year","25.3","65","No","stable"
"0196-VULGZ","Month-to-month","84.35","6","Yes","churned"
"8837-VVWLQ","Month-to-month","84.95","8","Yes","churned"
"2696-NARTR","Month-to-month","73.85","11","Yes","churned"
"2208-NKVVH","Two year","24.25","43","No","stable"
"7614-QVWQL","One year","51.8","49","Yes","churned"
"1976-CFOCS","Month-to-month","46","1","Yes","churned"
"4631-OACRM","Month-to-month","79.4","15","Yes","churned"
"7139-JZFVG","Two year","60.5","60","No","stable"
"4987-GQWPO","Month-to-month","25.1","17","No","medium risk"
"3755-JBMNH","Month-to-month","71.8","16","Yes","churned"
"1757-TCATG","One year","20.05","35","No","stable"
"6345-ULYRW","One year","88.4","44","Yes","churned"
"4776-XSKYQ","One year","30.25","12","No","stable"
"8048-DSDFQ","Month-to-month","20.2","1","No","medium risk"
"5753-QQWPW","One year","59.9","28","No","stable"
"6010-DDPPW","Two year","25.15","70","No","stable"
"1809-DMJHQ","Month-to-month","46","5","Yes","churned"
"6693-FRIRW","Month-to-month","101.3","18","No","medium risk"
"6586-MYGKD","Two year","76.95","70","No","stable"
"3173-NVMPX","Month-to-month","55.3","9","No","medium risk"
"0248-PGHBZ","Two year","92.45","67","No","stable"
"0623-GDISB","Month-to-month","48.45","1","No","medium risk"
"2892-GESUL","Two year","19.35","18","No","stable"
"6923-EFPNL","Month-to-month","51.75","4","Yes","churned"
"7472-EQOAV","One year","86.7","71","No","stable"
"9574-RKJIF","Month-to-month","94.4","30","Yes","churned"
"2043-WVTQJ","Month-to-month","55.7","1","No","medium risk"
"8034-RYTVV","One year","84.25","55","No","stable"
"3863-QSTYI","Month-to-month","64.65","59","No","medium risk"
"2619-WFQWU","Month-to-month","70.15","1","Yes","churned"
"5044-LRQAQ","Month-to-month","69.2","7","No","medium risk"
"1716-LSAMB","Two year","54.65","45","No","stable"
"1333-PBMXB","One year","24.75","54","No","stable"
"6546-OPBBH","One year","23.95","51","No","stable"
"5985-BEHZK","One year","105","72","No","stable"
"9127-QRZMH","One year","59.85","44","No","stable"
"5919-VCZYM","Month-to-month","20.05","2","No","medium risk"
"9644-KVCNC","One year","92.15","66","No","stable"
"2137-DQMEV","One year","44.8","68","No","stable"
"8174-LNWMW","Two year","20.9","31","No","stable"
"9279-CJEOJ","Month-to-month","95.4","21","No","medium risk"
"7964-VEXDG","Month-to-month","80.35","21","No","medium risk"
"2404-JIBFC","Two year","85.1","55","No","stable"
"0778-NELLA","Month-to-month","34.7","9","Yes","churned"
"8029-XYPWT","Two year","115.05","71","No","stable"
"4614-NUVZD","Month-to-month","81.1","1","Yes","churned"
"4632-PAOYU","One year","19.95","22","No","stable"
"3803-KMQFW","Month-to-month","20.55","1","Yes","churned"
"6804-GDMOI","Two year","106.6","61","Yes","churned"
"2990-OGYTD","Two year","86.15","67","No","stable"
"6646-JPPHA","Month-to-month","78.85","14","No","medium risk"
"9572-MTILT","Month-to-month","106.75","59","Yes","churned"
"7658-UYUQS","Month-to-month","86.55","21","No","medium risk"
"7880-XSOJX","Month-to-month","42.4","4","No","medium risk"
"9611-CTWIH","Month-to-month","89.45","3","Yes","churned"
"4589-IUAJB","Two year","24.25","70","No","stable"
"0329-GTIAJ","Month-to-month","97.9","3","Yes","churned"
"8746-BFOAJ","One year","20.5","21","No","stable"
"8457-XIGKN","Month-to-month","19.6","20","No","medium risk"
"6072-NUQCB","One year","20.25","22","No","stable"
"6629-CZTTH","Month-to-month","55.7","1","Yes","churned"
"8838-GPHZP","Two year","20.6","63","No","stable"
"8750-QWZAJ","Two year","19.8","70","No","stable"
"5364-EVNIB","Month-to-month","79.8","13","Yes","churned"
"6918-UMQCG","Month-to-month","80.2","5","No","high risk"
"0675-NCDYU","Two year","116.4","72","No","stable"
"6339-DKLMK","Month-to-month","31.65","13","No","medium risk"
"1346-PJWTK","Month-to-month","94.15","61","No","medium risk"
"5088-QZLRL","Month-to-month","20.65","1","No","medium risk"
"8023-QHAIO","Month-to-month","76.85","56","No","medium risk"
"4397-FRLTA","Month-to-month","20.15","4","No","medium risk"
"3057-VJJQE","Two year","55.25","35","No","stable"
"5087-SUURX","Month-to-month","39.05","18","Yes","churned"
"2302-OUZXB","Two year","82.15","72","No","stable"
"8133-ANHHJ","One year","103","49","No","stable"
"2270-CHBFN","Month-to-month","95.1","44","No","medium risk"
"0013-EXCHZ","Month-to-month","83.9","3","Yes","churned"
"5982-FPVQN","Month-to-month","95.15","37","No","medium risk"
"9107-UKCKY","One year","79.8","61","No","stable"
"4654-ULTTN","Two year","74.8","70","No","stable"
"5550-VFRLC","Month-to-month","69.85","1","Yes","churned"
"5546-BYZSM","Month-to-month","20.45","41","No","medium risk"
"1492-KGETH","One year","78.35","70","No","stable"
"4929-BSTRX","Month-to-month","53.55","1","Yes","churned"
"4163-HFTUK","One year","19.1","51","No","stable"
"8215-NGSPE","Two year","20","42","No","stable"
"2225-ZRGSG","Two year","93.9","70","Yes","churned"
"8859-YSTWS","One year","19.95","48","No","stable"
"5271-YNWVR","Two year","113.15","68","Yes","churned"
"7601-DHFWZ","Two year","24","48","No","stable"
"2657-ALMWY","Month-to-month","84.95","26","Yes","churned"
"6330-JKLPC","Month-to-month","80.5","11","Yes","churned"
"4667-OHGKG","Month-to-month","19.3","1","Yes","churned"
"1998-VHJHK","One year","19.15","27","No","stable"
"1707-HABPF","One year","91.3","46","No","stable"
"1660-HSOOQ","Month-to-month","49.65","1","Yes","churned"
"7253-UVNDW","Two year","54.35","46","Yes","churned"
"0487-VVUVK","Month-to-month","19.15","25","No","medium risk"
"7228-OMTPN","Month-to-month","88.45","4","Yes","churned"
"5063-IUOKK","Two year","19.75","13","No","stable"
"4508-OEBEY","One year","75.5","31","No","stable"
"0027-KWYKW","Month-to-month","83.75","23","No","medium risk"
"2308-STERM","Month-to-month","19.4","2","No","medium risk"
"5982-XMDEX","Two year","26.5","65","No","stable"
"6284-AHOOQ","Month-to-month","90.5","22","Yes","churned"
"6051-PTVNS","One year","19.15","55","No","stable"
"2344-JMOGN","Month-to-month","94.85","9","Yes","churned"
"3799-ISUZQ","Month-to-month","69.95","7","Yes","churned"
"2877-VDUER","One year","40.9","35","No","stable"
"9152-AMKAK","Two year","80.25","6","No","stable"
"1794-HBQTJ","Month-to-month","48.6","1","Yes","churned"
"9432-VOFYX","Month-to-month","70.8","17","No","medium risk"
"8049-WJCLQ","Month-to-month","60.2","10","No","medium risk"
"6586-PSJOX","One year","55.2","15","No","stable"
"2460-FPSYH","Month-to-month","55.8","40","Yes","churned"
"9705-ZJBCG","One year","54.15","13","No","stable"
"4818-DRBQT","Month-to-month","80.15","29","Yes","churned"
"1320-HTRDR","Month-to-month","75.5","3","Yes","churned"
"6847-KJLTS","Month-to-month","100.4","58","No","medium risk"
"9670-BPNXF","One year","62.55","45","No","stable"
"3913-FCUUW","Two year","70.45","72","No","stable"
"3301-VKTGC","One year","85.5","68","No","stable"
"1493-AMTIE","Month-to-month","20.2","1","Yes","churned"
"9555-SAHUZ","Month-to-month","54.5","38","No","medium risk"
"0816-TSPHQ","Month-to-month","20.75","2","No","medium risk"
"9932-WBWIK","Month-to-month","20.35","11","No","medium risk"
"4619-EVPHY","One year","91","20","No","stable"
"5286-YHCVC","Two year","104.8","72","No","stable"
"6424-ELEYH","Month-to-month","74.75","3","Yes","churned"
"4391-RESHN","Month-to-month","104.05","23","Yes","churned"
"9115-YQHGA","Month-to-month","51.1","40","No","medium risk"
"4462-CYWMH","Month-to-month","89.8","62","No","medium risk"
"8963-MQVYN","Month-to-month","20.55","22","No","medium risk"
"2458-EOMRE","Month-to-month","64.05","11","No","medium risk"
"9334-GWGOW","Month-to-month","74.85","7","No","medium risk"
"6821-BUXUX","Month-to-month","96.65","13","Yes","churned"
"5028-HTLJB","Month-to-month","20.05","1","Yes","churned"
"9801-GDWGV","Month-to-month","103.45","39","Yes","churned"
"6542-LWGXJ","Month-to-month","25","3","No","medium risk"
"5567-GZKQY","Two year","20.3","58","No","stable"
"1222-LRYKO","Month-to-month","26.35","6","No","medium risk"
"2320-JRSDE","Month-to-month","19.9","1","Yes","churned"
"2087-QAREY","Month-to-month","54.7","22","No","medium risk"
"0601-WZHJF","Month-to-month","46.35","14","Yes","churned"
"4423-JWZJN","One year","90.25","64","No","stable"
"5143-WMWOG","Month-to-month","19.95","1","Yes","churned"
"6490-FGZAT","Month-to-month","20.65","6","No","medium risk"
"5393-RXQSZ","Month-to-month","79.6","1","Yes","churned"
"7452-FOLON","One year","25.45","39","No","stable"
"2320-TZRRH","One year","19.5","20","No","stable"
"0231-LXVAP","Month-to-month","75.9","1","Yes","churned"
"9444-JTXHZ","Month-to-month","76.2","1","Yes","churned"
"4942-VZZOM","One year","66.15","64","No","stable"
"5510-BOIUJ","Month-to-month","19.25","1","Yes","churned"
"7502-BNYGS","Month-to-month","69.1","46","No","medium risk"
"4291-HYEBC","One year","39.1","28","No","stable"
"6147-CBCRA","Month-to-month","20.05","33","No","medium risk"
"6047-SUHPR","One year","59.8","39","No","stable"
"4471-KXAUH","Month-to-month","84.3","42","Yes","churned"
"9752-ZNQUT","Month-to-month","48.6","1","No","medium risk"
"7638-QVMVY","Month-to-month","79","7","Yes","churned"
"1576-PFZIW","Two year","105.35","70","No","stable"
"5666-MBJPT","Two year","25.1","65","No","stable"
"7312-XSBAT","Month-to-month","49.75","1","No","medium risk"
"3096-GKWEB","Month-to-month","94.75","18","No","medium risk"
"2371-JQHZZ","Month-to-month","93","24","No","medium risk"
"0674-GCDXG","Two year","71.9","63","No","stable"
"1121-QSIVB","One year","77.55","44","No","stable"
"4396-KLSEH","Month-to-month","19.85","4","No","medium risk"
"3244-DCJWY","Month-to-month","70.25","1","Yes","churned"
"2824-MYYBN","Month-to-month","95.25","37","No","medium risk"
"0875-CABNR","Month-to-month","84.6","10","Yes","churned"
"6345-HOVES","Month-to-month","25.05","34","No","medium risk"
"8318-LCNBW","One year","53.15","35","No","stable"
"6469-QJKZW","Month-to-month","20.15","4","No","medium risk"
"0147-ESWWR","Month-to-month","101.25","39","No","medium risk"
"1217-VASWC","One year","100.55","43","No","stable"
"7812-FZHPE","Month-to-month","24.1","17","Yes","churned"
"6370-ZVHDV","Two year","25.3","61","No","stable"
"5915-DGNVC","One year","71.8","49","No","stable"
"6260-XLACS","One year","19.7","4","No","stable"
"3566-CAAYU","Two year","49.85","64","No","stable"
"4983-CCWMC","Month-to-month","69.6","3","No","medium risk"
"9103-CXVOK","Month-to-month","19.75","1","No","medium risk"
"2896-TBNBE","One year","80.8","40","No","stable"
"4797-AXPXK","Month-to-month","60","1","Yes","churned"
"5229-PRWKT","Month-to-month","86.55","8","Yes","churned"
"6982-UQZLY","Month-to-month","20.85","1","Yes","churned"
"2522-WLNSF","One year","64.2","34","No","stable"
"3841-CONLJ","Month-to-month","35","1","No","medium risk"
"5057-LCOUI","Month-to-month","50.75","39","Yes","churned"
"0193-ESZXP","One year","105.5","58","Yes","churned"
"4475-NVTLU","Two year","19.2","45","No","stable"
"4369-HTUIF","Month-to-month","85.15","6","Yes","churned"
"9386-LDCZR","One year","90.65","43","No","stable"
"9585-KKMFD","Two year","20","41","No","stable"
"5399-ZIMKF","Month-to-month","74.65","5","No","medium risk"
"0336-KXKFK","Two year","61.2","72","No","stable"
"5619-XZZKR","One year","19.95","4","No","stable"
"3948-FVVRP","Month-to-month","54.8","9","No","medium risk"
"5327-XOKKY","Two year","73.45","72","No","stable"
"0983-TATYJ","One year","51.45","33","No","stable"
"1813-JYWTO","Two year","80.45","72","No","stable"
"0156-FVPTA","Month-to-month","54.2","22","Yes","churned"
"1984-FCOWB","One year","109.5","70","Yes","churned"
"0654-HMSHN","Month-to-month","104.4","21","Yes","churned"
"6719-OXYBR","Month-to-month","85.3","15","No","medium risk"
"3312-ZWLGF","Month-to-month","79.3","29","No","medium risk"
"6476-YHMGA","Month-to-month","76.5","15","No","medium risk"
"5287-QWLKY","Month-to-month","105.1","71","Yes","churned"
"0795-XCCTE","Two year","25.4","72","No","stable"
"0168-XZKBB","Month-to-month","86.85","19","No","medium risk"
"3785-NRHYR","Month-to-month","19.65","1","No","medium risk"
"5196-SGOAK","Month-to-month","75.7","1","Yes","churned"
"4537-DKTAL","Month-to-month","45.55","2","No","medium risk"
"7072-MBHEV","Month-to-month","78.1","11","No","medium risk"
"5602-BVFMK","One year","19.3","12","No","stable"
"6297-NOOPG","Two year","110.5","70","No","stable"
"1891-UAWWU","Month-to-month","90.8","20","Yes","churned"
"8204-TIFGJ","Month-to-month","20.3","23","No","medium risk"
"8050-DVOJX","Two year","81.35","49","No","stable"
"6108-OQZDQ","Month-to-month","97.95","4","Yes","churned"
"0363-QJVFX","Month-to-month","108.15","32","Yes","churned"
"8903-XEBGX","Month-to-month","55.3","2","No","medium risk"
"8169-SAEJD","Two year","56.55","69","No","stable"
"9840-DVNDC","Month-to-month","80.5","6","Yes","churned"
"1089-XZWHH","Two year","19.7","24","No","stable"
"2325-WINES","One year","104.05","32","No","stable"
"6064-ZATLR","Two year","52.85","27","No","stable"
"3096-JRDSO","Month-to-month","104.3","27","Yes","churned"
"7824-PANSQ","Month-to-month","80.65","58","No","medium risk"
"8042-JVNFH","Month-to-month","71.35","1","Yes","churned"
"9648-BCHKM","Two year","24.65","18","No","stable"
"2888-ADFAO","Two year","21.3","47","No","stable"
"8707-HOEDG","Two year","110.2","70","No","stable"
"3374-LXDEV","Month-to-month","89.4","13","Yes","churned"
"4072-IPYLT","Month-to-month","51.05","36","No","medium risk"
"7167-PCEYD","Two year","19.8","67","No","stable"
"4936-YPJNK","Month-to-month","19.9","10","No","medium risk"
"1580-BMCMR","Month-to-month","87.3","19","No","medium risk"
"4817-KEQSP","Two year","19.85","71","No","stable"
"6408-WHTEF","Two year","89.4","72","No","stable"
"9251-AWQGT","Two year","20","48","No","stable"
"8749-CLJXC","Month-to-month","20.05","1","No","medium risk"
"7989-VCQOH","Month-to-month","83.25","18","No","medium risk"
"5049-GLYVG","Month-to-month","20.6","1","Yes","churned"
"4199-QHJNM","Two year","102.9","67","No","stable"
"8882-TLVRW","Two year","39.1","69","No","stable"
"5883-GTGVD","Month-to-month","99.95","19","Yes","churned"
"5135-GRQJV","Two year","114.5","72","No","stable"
"2384-OVPSA","Two year","20.2","38","No","stable"
"1371-WEPDS","One year","55.8","40","No","stable"
"3580-GICBM","Two year","24.2","61","No","stable"
"4817-QRJSX","Month-to-month","81","10","Yes","churned"
"9730-DRTMJ","One year","72.8","32","No","stable"
"4686-UXDML","Month-to-month","99.85","21","No","medium risk"
"3349-ANQNH","One year","99.5","59","No","stable"
"2398-YPMUR","Month-to-month","70.15","13","Yes","churned"
"0932-YIXYU","Two year","20.25","47","No","stable"
"7480-SPLEF","Two year","26","69","No","stable"
"7636-XUHWW","Month-to-month","19.9","2","No","medium risk"
"1431-CYWMH","Month-to-month","19.05","22","No","medium risk"
"5937-EORGB","Month-to-month","96.5","15","No","medium risk"
"6349-JDHQP","Two year","19.85","53","No","stable"
"5539-HIVAK","Month-to-month","25.7","28","No","medium risk"
"5847-MXBEO","One year","20.3","22","No","stable"
"9985-MWVIX","Month-to-month","70.15","1","Yes","churned"
"4583-PARNH","Month-to-month","91.55","16","No","medium risk"
"1116-FRYVH","Two year","39.4","48","No","stable"
"1421-HCERK","Month-to-month","105.7","30","No","medium risk"
"9633-XQABV","Month-to-month","70.25","3","No","medium risk"
"0716-BQNDX","Two year","93.75","57","No","stable"
"1265-XTECC","One year","96.55","68","Yes","churned"
"1183-CANVH","One year","60","23","No","stable"
"1972-XMUWV","Two year","59.8","65","No","stable"
"8679-LZBMD","One year","90.65","44","No","stable"
"3407-JMJQQ","Two year","109","71","No","stable"
"6252-DFGTK","One year","68.1","37","No","stable"
"1539-LNKHM","Month-to-month","20.4","12","No","medium risk"
"8645-KOMJQ","Two year","81.95","69","No","stable"
"0289-IVARM","Month-to-month","60.55","35","No","medium risk"
"9761-XUJWD","Month-to-month","65.6","5","No","medium risk"
"4057-FKCZK","Two year","82.5","58","No","stable"
"4291-TPNFG","Two year","82.3","72","No","stable"
"6087-YPWHO","Two year","68.15","72","No","stable"
"3090-QFUVD","Month-to-month","20.3","1","No","medium risk"
"2237-ZFSMY","One year","95.55","39","Yes","churned"
"1722-LDZJS","One year","20.2","53","No","stable"
"1818-ESQMW","Month-to-month","89.2","27","No","medium risk"
"4871-JTKJF","Month-to-month","69.65","1","Yes","churned"
"1415-YFWLT","Month-to-month","89.3","1","Yes","churned"
"7401-RUBNK","Month-to-month","74.8","18","No","medium risk"
"0506-YLVKJ","Two year","20.2","46","No","stable"
"8661-BOYNW","Two year","84.4","72","No","stable"
"6711-VTNRE","Month-to-month","87.55","36","Yes","churned"
"4815-GBTCD","Month-to-month","25.15","4","No","medium risk"
"2805-AUFQN","Two year","19.8","25","No","stable"
"0980-PVMRC","Month-to-month","50.85","40","No","medium risk"
"7233-DRTRF","Month-to-month","102.4","63","No","medium risk"
"3500-RMZLT","Month-to-month","96.3","15","Yes","churned"
"3873-NFTGI","Month-to-month","55.5","14","No","medium risk"
"1162-ECVII","Two year","109.75","72","No","stable"
"7048-GXDAY","Month-to-month","106.4","39","No","medium risk"
"8571-ZCMCX","Two year","60","47","No","stable"
"1169-WCVAK","Month-to-month","88.8","19","No","medium risk"
"4548-SDBKE","Month-to-month","85.2","5","Yes","churned"
"8066-POXGX","Month-to-month","35.1","13","Yes","churned"
"7129-CAKJW","Month-to-month","80.05","17","No","medium risk"
"8695-ARGXZ","Month-to-month","75.55","34","No","medium risk"
"3570-YUEKJ","Month-to-month","49.55","42","No","medium risk"
"4143-OOBWZ","Month-to-month","81.3","5","Yes","churned"
"1555-HAPSU","Two year","23.9","71","No","stable"
"1697-NVVGY","Month-to-month","66.4","19","No","medium risk"
"7854-EKTJL","Month-to-month","19.6","2","Yes","churned"
"8464-EETCQ","Two year","18.8","57","No","stable"
"2419-FSORS","Two year","108.4","72","No","stable"
"8132-YPVBX","Month-to-month","85.95","6","No","high risk"
"9102-IAYHT","Month-to-month","85.45","17","Yes","churned"
"6754-LZUKA","Two year","80.9","61","No","stable"
"3422-LYEPQ","Month-to-month","71","1","Yes","churned"
"8099-MZPUJ","Two year","111.8","48","No","stable"
"0787-LHDYT","Month-to-month","20.6","16","No","medium risk"
"2642-DTVCO","Month-to-month","85.05","9","Yes","churned"
"0374-IOEGQ","Month-to-month","44.6","3","No","medium risk"
"4361-JEIVL","Month-to-month","44.4","1","Yes","churned"
"3197-NNYNB","Two year","105.1","65","No","stable"
"3396-DKDEL","Two year","115.15","70","No","stable"
"1752-OZXFY","One year","59.8","60","No","stable"
"9066-QRSDU","One year","26.3","69","No","stable"
"9112-WSNPU","Month-to-month","70.55","35","No","medium risk"
"9867-NNXLC","Month-to-month","20.05","22","No","medium risk"
"5321-NTRKC","Two year","79.85","66","No","stable"
"1363-TXLSL","Month-to-month","70.3","1","Yes","churned"
"9507-EXLTT","Month-to-month","79.35","1","Yes","churned"
"3161-GETRM","Month-to-month","90.05","34","No","medium risk"
"0402-OAMEN","Two year","24.45","72","No","stable"
"6933-VLYFX","One year","59.95","31","No","stable"
"6754-WKSHP","One year","25.35","30","No","stable"
"9846-GKXAS","Month-to-month","90.8","9","Yes","churned"
"6017-PPLPX","Month-to-month","70.45","20","Yes","churned"
"4976-LNFVV","Month-to-month","34.3","19","No","medium risk"
"5055-MGMGF","Month-to-month","105.05","65","No","medium risk"
"4641-FROLU","Two year","19.3","30","No","stable"
"2862-JVEOY","One year","19.15","6","No","stable"
"2969-QWUBZ","Month-to-month","51.4","2","No","medium risk"
"9822-BIIGN","Month-to-month","71.85","53","No","medium risk"
"2077-MPJQO","Month-to-month","75.4","7","No","medium risk"
"1534-OULXE","One year","49.7","61","No","stable"
"7136-RVDTZ","One year","45.25","70","Yes","churned"
"2971-SGAFL","Month-to-month","78.75","13","No","medium risk"
"1480-IVEVR","One year","81.6","35","No","stable"
"2905-KFQUV","Month-to-month","70.4","2","No","medium risk"
"4581-SSPWD","Month-to-month","75.8","3","Yes","churned"
"3370-HXOPH","Month-to-month","76.1","3","No","medium risk"
"9391-YZEJW","One year","94","62","No","stable"
"9958-MEKUC","Two year","103.95","72","No","stable"
"0281-CNTZX","Two year","19.95","63","No","stable"
"6927-WTFIV","Month-to-month","71.3","20","Yes","churned"
"4118-CEVPF","One year","110.8","35","No","stable"
"3398-ZOUAA","Month-to-month","69.1","21","Yes","churned"
"9114-VEPUF","One year","96.1","62","No","stable"
"7876-BEUTG","Month-to-month","48.8","15","No","medium risk"
"2338-BQEZT","Month-to-month","50.55","55","No","medium risk"
"9873-MNDKV","Month-to-month","44.65","11","No","medium risk"
"0378-NHQXU","Month-to-month","88.25","17","Yes","churned"
"8241-JUIQO","One year","19.45","61","No","stable"
"2194-IIQOF","Two year","89.3","71","No","stable"
"4512-ZUIYL","Month-to-month","70","2","Yes","churned"
"9631-RXVJM","Two year","19.25","35","No","stable"
"9584-EXCDZ","Month-to-month","70.5","17","No","medium risk"
"7969-AULMZ","Month-to-month","97.35","21","Yes","churned"
"5093-FEGLU","Two year","19.65","47","No","stable"
"2621-UDNLU","Month-to-month","20.85","3","No","medium risk"
"7526-IVLYU","Month-to-month","19.65","3","No","medium risk"
"2428-HYUNX","Two year","19.35","44","No","stable"
"9214-EKVXR","Month-to-month","44","1","No","medium risk"
"3410-MHHUM","One year","94.4","44","No","stable"
"0568-ONFPC","Month-to-month","25.9","5","Yes","churned"
"0733-VUNUW","Month-to-month","55.65","24","Yes","churned"
"4550-EVXNY","Month-to-month","69.65","1","Yes","churned"
"2122-YWVYA","Month-to-month","75.4","18","No","medium risk"
"2968-SSGAA","Month-to-month","100.6","10","Yes","churned"
"2296-DKZFP","Two year","71","65","No","stable"
"4844-JJWUY","Month-to-month","86","1","Yes","churned"
"6777-TGHTM","One year","106.95","53","Yes","churned"
"8909-BOLNL","One year","21.2","3","No","stable"
"6603-YRDCJ","Two year","61.05","33","No","stable"
"3538-WZPHD","Month-to-month","29.6","3","Yes","churned"
"3229-USWAR","One year","79.95","34","No","stable"
"2138-VFAPZ","Two year","19.7","14","No","stable"
"6131-JLWZM","Month-to-month","20.3","13","No","medium risk"
"4785-QRJHC","One year","59.9","46","Yes","churned"
"0269-XFESX","One year","24.35","23","No","stable"
"1709-EJDOX","Two year","19.75","47","No","stable"
"4316-XCSLJ","Month-to-month","50.3","17","No","medium risk"
"8610-WFCJF","Month-to-month","95.6","49","Yes","churned"
"9693-XMUOB","Month-to-month","50.25","59","No","medium risk"
"0383-CLDDA","Two year","85.35","69","No","stable"
"4905-JEFDW","One year","41.6","11","Yes","churned"
"2709-UQGNP","Month-to-month","51.65","10","No","medium risk"
"3549-ZTMNH","Two year","24","12","No","stable"
"7881-INRLC","Month-to-month","100.85","45","Yes","churned"
"8033-ATFAS","Month-to-month","59.85","39","No","medium risk"
"1635-NZATJ","Two year","25.45","71","No","stable"
"0562-HKHML","Two year","23.9","71","No","stable"
"8277-RVRSV","One year","24.15","33","No","stable"
"9943-VSZUV","Month-to-month","75.7","67","No","medium risk"
"0117-LFRMW","Month-to-month","40.2","37","Yes","churned"
"6172-FECYY","Month-to-month","84.5","49","Yes","churned"
"7054-ENNGU","Month-to-month","50.85","9","No","medium risk"
"1455-HFBXA","Two year","91.6","52","No","stable"
"9402-CXWPL","One year","98.9","70","No","stable"
"1628-BIZYP","Month-to-month","85","1","No","high risk"
"1965-AKTSX","Month-to-month","78.95","14","Yes","churned"
"0082-LDZUE","Month-to-month","44.3","1","No","medium risk"
"4786-UKSNZ","Month-to-month","20.2","1","Yes","churned"
"5343-SGUBI","One year","80.2","52","No","stable"
"0856-NAOES","Month-to-month","60.9","6","No","medium risk"
"1976-AZZPJ","Month-to-month","34.2","7","No","medium risk"
"7248-VZQLC","Month-to-month","85.2","47","Yes","churned"
"6156-UZDLF","One year","87.15","26","No","stable"
"3099-OONVS","Month-to-month","54.3","25","No","medium risk"
"9500-WBGRP","Two year","19.1","69","No","stable"
"5183-KLYEM","Two year","112.75","72","No","stable"
"5144-PQCDZ","Month-to-month","19.95","4","No","medium risk"
"8514-VZHEB","Two year","19.5","59","No","stable"
"6625-IUTTT","Two year","65.55","67","No","stable"
"9355-NPPFS","Month-to-month","78.8","26","No","medium risk"
"0068-FIGTF","One year","78.2","27","No","stable"
"5965-GGPRW","Two year","105.25","72","No","stable"
"8035-PWSEV","Month-to-month","89.25","6","No","high risk"
"2236-HILPA","Two year","20.65","62","No","stable"
"1840-BIUOG","One year","68.7","20","No","stable"
"1356-MKYSK","Month-to-month","78.65","6","No","medium risk"
"6080-LNESI","Two year","24.75","51","No","stable"
"1830-IPXVJ","Two year","19.75","61","No","stable"
"5828-DWPIL","Month-to-month","89.1","62","No","medium risk"
"8398-TBIYD","Two year","84.7","72","No","stable"
"0011-IGKFF","Month-to-month","98","13","Yes","churned"
"4192-GORJT","Month-to-month","94.45","5","Yes","churned"
"6496-SLWHQ","Month-to-month","105","3","Yes","churned"
"9912-GVSEQ","Month-to-month","93.85","26","Yes","churned"
"2931-FSOHN","Month-to-month","59.9","13","No","medium risk"
"9418-RUKPH","Two year","19.95","38","No","stable"
"5383-MMTWC","Month-to-month","84","8","Yes","churned"
"9971-ZWPBF","Month-to-month","108.9","34","No","medium risk"
"4712-AUQZO","Month-to-month","33.6","18","No","medium risk"
"9711-FJTBX","One year","85.85","56","No","stable"
"2908-ZTPNF","Month-to-month","34.85","36","No","medium risk"
"7240-ETPTR","Month-to-month","48.75","9","Yes","churned"
"2202-CUYXZ","Month-to-month","84.85","1","Yes","churned"
"5995-OIGLP","Month-to-month","56.65","12","Yes","churned"
"8421-WZOOW","Month-to-month","95.3","57","No","medium risk"
"6261-RCVNS","One year","73.9","42","Yes","churned"
"7951-QKZPL","Two year","24.5","33","Yes","churned"
"1414-YADCW","Two year","84.6","70","No","stable"
"8756-RDDLT","Month-to-month","44.95","68","No","medium risk"
"2862-PFNIK","Month-to-month","24.7","1","No","medium risk"
"5816-QVHRX","Month-to-month","100.3","37","No","medium risk"
"4430-YHXGG","Month-to-month","25.45","4","No","medium risk"
"6888-SBYAI","Month-to-month","50.7","1","No","medium risk"
"7395-XWZOY","Month-to-month","55","20","No","medium risk"
"7169-YWAMK","Two year","68.4","72","No","stable"
"3640-PHQXK","Month-to-month","89.9","31","Yes","churned"
"6877-LGWXO","Month-to-month","78.55","18","Yes","churned"
"6859-RKMZJ","Month-to-month","55.05","11","No","medium risk"
"2729-VNVAP","Two year","19.8","33","No","stable"
"2957-JIRMN","One year","84.45","62","No","stable"
"2049-BAFNW","Month-to-month","35.9","1","No","medium risk"
"3842-QTGDL","Month-to-month","80.75","16","No","medium risk"
"7163-OCEQI","One year","78.65","22","No","stable"
"9782-LGXMC","Month-to-month","61.75","49","No","medium risk"
"5975-BAICR","One year","63.7","36","No","stable"
"8019-ENHXU","Month-to-month","99.45","42","Yes","churned"
"5167-GBFRE","Month-to-month","25.2","4","Yes","churned"
"9033-EOXWV","One year","74.05","12","Yes","churned"
"4673-KKSLS","Month-to-month","87.6","31","No","medium risk"
"4853-OITSN","Month-to-month","89.15","5","No","high risk"
"9800-OUIGR","Two year","20","66","No","stable"
"1324-NLTJE","Month-to-month","55","15","Yes","churned"
"2324-EFHVG","Two year","104.4","64","No","stable"
"7094-MSZAO","Month-to-month","20.05","10","No","medium risk"
"1522-VVDMG","Month-to-month","89.75","7","Yes","churned"
"6907-CQGPN","Month-to-month","34.3","29","No","medium risk"
"0780-XNZFN","Two year","20.65","57","No","stable"
"0239-OXEXL","Month-to-month","84.25","46","No","medium risk"
"2675-IJRGJ","Two year","19.65","53","No","stable"
"7049-GKVZY","One year","79.85","17","No","stable"
"8577-QSOCG","Two year","20.2","38","No","stable"
"3721-CNZHX","One year","19.8","15","No","stable"
"0212-ISBBF","Month-to-month","50.35","22","No","medium risk"
"9185-TQCVP","Month-to-month","85.15","14","Yes","churned"
"3585-YNADK","One year","74.6","57","No","stable"
"5271-DBYSJ","Month-to-month","79.15","11","No","medium risk"
"1099-GODLO","Two year","20.35","1","No","stable"
"6828-HMKWP","Two year","21.05","12","No","stable"
"5567-WSELE","Month-to-month","94.6","3","Yes","churned"
"1472-TNCWL","Month-to-month","94.7","36","No","medium risk"
"8063-RJYNF","Month-to-month","94.25","16","Yes","churned"
"0687-ZVTHB","One year","72.45","65","Yes","churned"
"2080-GKCWQ","Month-to-month","74.95","2","No","medium risk"
"9661-ACXBS","Month-to-month","105.2","42","Yes","churned"
"2193-SFWQW","Two year","111.95","72","No","stable"
"5656-JAMLX","Two year","19.85","62","No","stable"
"3462-BJQQA","Month-to-month","89.75","6","No","high risk"
"0442-TDYUO","Two year","20.05","48","No","stable"
"6733-LRIZX","Two year","108.95","35","No","stable"
"9503-XJUME","One year","19.65","52","No","stable"
"4367-NHWMM","Month-to-month","24.9","1","No","medium risk"
"3727-RJMEO","Month-to-month","82.85","6","Yes","churned"
"3779-OSWCF","Two year","93.2","71","No","stable"
"6736-DHUQI","One year","84.8","67","No","stable"
"3915-ODIYG","One year","71.75","60","No","stable"
"1360-RCYRT","Month-to-month","30.35","23","No","medium risk"
"2724-FJDYW","One year","54.85","39","No","stable"
"4451-RWASJ","One year","19.5","15","No","stable"
"6646-VRFOL","Month-to-month","103.85","53","Yes","churned"
"3460-TJBWI","Two year","24.2","24","No","stable"
"5917-HBSDW","Month-to-month","19.35","37","No","medium risk"
"5685-IIXLY","Month-to-month","83.6","5","Yes","churned"
"5671-UUNXD","One year","100.65","50","No","stable"
"0956-ACVZC","One year","94.1","54","No","stable"
"2325-NBPZG","Month-to-month","74.55","3","No","medium risk"
"4250-ZBWLV","One year","108.45","68","Yes","churned"
"4482-FTFFX","Month-to-month","56.15","5","No","medium risk"
"8859-DZTGQ","Two year","20.35","33","No","stable"
"0440-MOGPM","One year","80.55","41","No","stable"
"0020-JDNXP","One year","61.25","34","No","stable"
"3752-CQSJI","Month-to-month","20.45","13","No","medium risk"
"5025-GOOKI","Month-to-month","18.9","20","No","medium risk"
"4698-KVLLG","Two year","19.6","51","No","stable"
"5095-AESKG","Month-to-month","91.5","3","Yes","churned"
"2887-JPYLU","Month-to-month","45.2","41","No","medium risk"
"4770-QAZXN","Month-to-month","19.45","13","No","medium risk"
"4896-CPRPF","Two year","25.45","35","No","stable"
"1871-MOWRM","Month-to-month","80.85","12","Yes","churned"
"9714-EDSUC","Month-to-month","94.9","4","No","high risk"
"2027-OAQQC","Month-to-month","49.05","43","Yes","churned"
"0282-NVSJS","Month-to-month","29.3","12","No","medium risk"
"9090-SGQXL","Month-to-month","105.3","68","Yes","churned"
"6595-YGXIT","Month-to-month","88.95","25","Yes","churned"
"7353-YOWFP","One year","20.25","7","No","stable"
"9835-ZIITK","One year","110.85","66","Yes","churned"
"8008-ESFLK","One year","110.5","53","No","stable"
"7537-CBQUZ","Month-to-month","109.4","63","No","medium risk"
"1555-DJEQW","Two year","114.2","70","Yes","churned"
"5649-TJHOV","Month-to-month","36.5","27","Yes","churned"
"0519-XUZJU","Month-to-month","70.75","1","Yes","churned"
"3363-EWLGO","Month-to-month","19.95","5","No","medium risk"
"4750-UKWJK","One year","19.6","37","No","stable"
"6338-AVWCY","Month-to-month","40.15","3","Yes","churned"
"1689-YQBYY","Month-to-month","76.6","12","No","medium risk"
"4487-ZYJZK","One year","19.6","38","No","stable"
"2959-FENLU","Month-to-month","85.3","9","No","high risk"
"0708-LGSMF","Month-to-month","65.85","13","No","medium risk"
"9253-QXKBE","Month-to-month","94.45","29","Yes","churned"
"7634-HLQJR","Two year","20.05","47","No","stable"
"0487-RPVUM","Month-to-month","99.4","61","No","medium risk"
"4079-ULGFR","Month-to-month","20","16","No","medium risk"
"2516-XSJKX","Two year","78.45","41","No","stable"
"0057-QBUQH","Two year","25.1","43","No","stable"
"9445-SZLCH","Month-to-month","97.35","36","Yes","churned"
"6599-SFQVE","Month-to-month","55","6","No","medium risk"
"8331-ZXFOE","One year","71.1","58","No","stable"
"4003-FUSHP","Month-to-month","61.55","19","No","medium risk"
"0356-ERHVT","Month-to-month","45.9","11","No","medium risk"
"7325-ENZFI","One year","40.3","39","No","stable"
"4884-ZTHVF","Month-to-month","87.1","8","No","high risk"
"3920-HIHMQ","Month-to-month","49.5","26","No","medium risk"
"3055-OYMSE","Month-to-month","73.8","53","No","medium risk"
"0613-WUXUM","Two year","19.2","70","No","stable"
"7568-PODML","Month-to-month","45.3","1","Yes","churned"
"4458-KVRBJ","Two year","25","59","No","stable"
"5349-IECLD","Month-to-month","94.95","2","Yes","churned"
"1397-XKKWR","One year","35.3","7","No","stable"
"3945-GFWQL","Month-to-month","44.55","12","Yes","churned"
"8097-OMULG","One year","76.75","59","No","stable"
"6013-BHCAW","Two year","81","61","No","stable"
"0401-WDBXM","Two year","105.55","72","No","stable"
"3387-PLKUI","Month-to-month","18.8","13","No","medium risk"
"6096-EGVTU","One year","24.9","64","No","stable"
"3797-VTIDR","Month-to-month","23.45","1","Yes","churned"
"5081-NWSUP","One year","64.9","10","No","stable"
"2580-ATZSQ","One year","61.35","65","No","stable"
"8085-MSNLK","Two year","113.95","62","No","stable"
"9691-HKOVS","One year","90.15","55","No","stable"
"9881-VCZEP","Month-to-month","54.1","25","No","medium risk"
"9526-BIHHD","Month-to-month","29.7","1","Yes","churned"
"8757-TFHHJ","Month-to-month","49.8","1","No","medium risk"
"4523-WXCEF","Month-to-month","101.1","59","Yes","churned"
"1468-DEFNC","Two year","24.4","64","No","stable"
"5119-KEPFY","Month-to-month","95","36","No","medium risk"
"8364-TRMMK","Month-to-month","50.65","3","Yes","churned"
"0916-KNFAJ","Two year","69.9","61","No","stable"
"8319-QBEHW","One year","39.95","26","No","stable"
"3063-QFSZL","Month-to-month","55.4","1","Yes","churned"
"8775-LHDJH","Month-to-month","90.6","1","Yes","churned"
"9625-QNLUX","Two year","103.25","68","No","stable"
"3097-NQYSN","Month-to-month","86.85","2","Yes","churned"
"4024-CSNBY","Two year","94.25","72","No","stable"
"7110-BDTWG","Two year","47.05","71","No","stable"
"7493-GVFIO","Two year","20.55","57","No","stable"
"0690-SRQID","Month-to-month","19.65","4","No","medium risk"
"9605-WGJVW","Month-to-month","70.2","1","No","medium risk"
"9114-DPSIA","Two year","81","72","No","stable"
"4700-UBQMV","One year","75.9","21","No","stable"
"7711-GQBZC","Two year","24.7","71","No","stable"
"3565-UNOCC","Month-to-month","99.05","29","Yes","churned"
"4627-MIHJH","Two year","110.25","69","No","stable"
"9795-NREXC","Two year","85","64","No","stable"
"8573-CGOCC","Month-to-month","19.75","16","No","medium risk"
"7356-AYNJP","One year","23.9","4","No","stable"
"9249-FXSCK","One year","111.25","52","Yes","churned"
"5493-SDRDQ","Month-to-month","55.1","2","Yes","churned"
"6286-SUUWT","Month-to-month","19.95","1","No","medium risk"
"4819-HJPIW","Month-to-month","25.15","18","No","medium risk"
"8654-DHAOW","Month-to-month","54.15","2","No","medium risk"
"5438-QMDDL","Month-to-month","59.8","19","No","medium risk"
"9812-GHVRI","Month-to-month","83.85","40","No","medium risk"
"5553-AOINX","One year","104.9","66","No","stable"
"1228-ZLNBX","Month-to-month","75.3","21","No","medium risk"
"4226-KKDON","Month-to-month","66.65","8","No","medium risk"
"3831-YCPUO","Two year","109.5","72","No","stable"
"7445-WMRBW","One year","73.85","48","No","stable"
"3308-DGHKL","Two year","19.3","69","No","stable"
"9924-JPRMC","Two year","118.2","72","No","stable"
"0080-EMYVY","One year","51.45","14","No","stable"
"6218-KNUBD","Month-to-month","59.45","6","No","medium risk"
"7337-CINUD","Two year","19.5","8","No","stable"
"7609-NRNCA","One year","19.55","17","No","stable"
"0623-EJQEG","One year","93.55","65","No","stable"
"7153-CHRBV","One year","59.3","57","No","stable"
"0871-URUWO","Month-to-month","102.25","13","Yes","churned"
"9190-MFJLN","Month-to-month","95.9","19","Yes","churned"
"6198-PNNSZ","One year","109.8","56","No","stable"
"3317-VLGQT","Month-to-month","78.1","14","No","medium risk"
"4132-POCZS","Month-to-month","39.9","52","No","medium risk"
"5614-DNZCE","Two year","64.9","58","No","stable"
"1095-JUDTC","Month-to-month","95.05","47","Yes","churned"
"3896-RCYYE","Month-to-month","53.4","67","No","medium risk"
"9638-JIQYA","Month-to-month","24.9","2","No","medium risk"
"3258-SANFR","Month-to-month","44.7","6","No","medium risk"
"3726-TBHQT","Two year","114","71","No","stable"
"3190-ITQXP","Two year","20.25","46","No","stable"
"0870-VEMYL","Month-to-month","53.85","5","Yes","churned"
"4833-QTJNO","Month-to-month","83.85","67","No","medium risk"
"3039-MJSLN","Month-to-month","20.2","3","No","medium risk"
"0178-CIIKR","Month-to-month","19.95","3","No","medium risk"
"5385-SUIRI","Month-to-month","104.2","52","Yes","churned"
"3982-XWFZQ","Month-to-month","50.25","42","Yes","churned"
"5774-QPLTF","One year","20.35","50","No","stable"
"2322-VCZHZ","Month-to-month","90","23","No","medium risk"
"5010-IPEAQ","Two year","54.2","67","No","stable"
"4009-ALQFH","Month-to-month","99.5","25","Yes","churned"
"6383-ZTSIW","One year","99.1","39","No","stable"
"8990-YOZLV","Two year","66.9","69","No","stable"
"3069-SSVSN","One year","25.85","1","No","stable"
"5222-IMUKT","Month-to-month","91.05","32","No","medium risk"
"3627-FCRDW","Month-to-month","71","9","Yes","churned"
"7562-GSUHK","Month-to-month","93.2","16","Yes","churned"
"6685-XSHHU","Two year","20.95","60","No","stable"
"8901-UPRHR","Two year","109.2","72","No","stable"
"4903-UYAVB","Month-to-month","19.35","5","Yes","churned"
"0118-JPNOY","Month-to-month","85.8","26","No","medium risk"
"6776-TLWOI","Month-to-month","19.85","3","Yes","churned"
"3845-FXCYS","Month-to-month","19.65","2","No","medium risk"
"5857-XRECV","One year","20.5","2","No","stable"
"0725-CXOTM","One year","89.65","36","No","stable"
"4343-EJVQB","Month-to-month","74.35","7","No","medium risk"
"9000-PLFUZ","Two year","49.45","60","No","stable"
"3427-GGZZI","Month-to-month","89.1","19","No","medium risk"
"7779-ORAEL","Two year","75.15","45","No","stable"
"0644-OQMDK","Month-to-month","70.65","4","No","medium risk"
"4077-CROMM","Month-to-month","104.2","31","Yes","churned"
"3154-CFSZG","Month-to-month","90.05","47","No","medium risk"
"2868-MZAGQ","Month-to-month","79.25","1","Yes","churned"
"4847-QNOKA","Month-to-month","44.9","1","Yes","churned"
"2220-IAHLS","Month-to-month","19.4","1","No","medium risk"
"1658-XUHBX","Month-to-month","88.75","59","No","medium risk"
"6379-RXJRQ","Month-to-month","70.1","10","Yes","churned"
"2378-HTWFW","Month-to-month","91","35","No","medium risk"
"8650-RHRKE","Month-to-month","29.65","4","Yes","churned"
"4377-VDHYI","One year","90.8","32","No","stable"
"0475-RIJEP","Month-to-month","77.85","43","Yes","churned"
"1260-TTRXI","Month-to-month","54.3","4","Yes","churned"
"3719-TDVQB","Two year","18.95","54","No","stable"
"6328-ZPBGN","Month-to-month","95.15","11","Yes","churned"
"0201-MIBOL","Two year","102.4","66","No","stable"
"4937-QPZPO","One year","99.9","61","No","stable"
"2925-VDZHY","Two year","88.7","72","No","stable"
"6981-TDRFT","One year","54.3","44","No","stable"
"3413-CSSTH","Month-to-month","55.7","41","No","medium risk"
"8033-VCZGH","One year","103.95","50","No","stable"
"4789-KWMXN","One year","110.85","47","Yes","churned"
"0224-NIJLP","Two year","20.15","8","No","stable"
"7542-CYDDM","Month-to-month","20.05","18","No","medium risk"
"4718-WXBGI","Two year","91.95","72","No","stable"
"2867-UIMSS","Month-to-month","80.5","1","Yes","churned"
"8495-PRWFH","Month-to-month","55.65","42","No","medium risk"
"0439-IFYUN","Month-to-month","74.7","18","No","medium risk"
"5716-LIBJC","One year","104.15","13","No","stable"
"2868-LLSKM","One year","83.65","68","No","stable"
"8111-RKSPX","Month-to-month","72.2","4","Yes","churned"
"2988-QRAJY","Two year","110.05","69","No","stable"
"1585-MQSSU","Month-to-month","51.5","17","Yes","churned"
"0071-NDAFP","Two year","25.5","25","No","stable"
"2856-NNASM","Month-to-month","89.55","43","Yes","churned"
"7328-ZJAJO","Two year","19.5","59","No","stable"
"6458-CYIDZ","Month-to-month","80.7","5","No","high risk"
"8559-CIZFV","One year","77.5","21","Yes","churned"
"1090-PYKCI","One year","105.1","69","No","stable"
"3058-WQDRE","Month-to-month","25.15","13","No","medium risk"
"7547-EKNFS","Month-to-month","95.25","42","Yes","churned"
"2279-AXJJK","Month-to-month","95.65","52","No","medium risk"
"6769-DYBQN","Month-to-month","85","46","Yes","churned"
"0909-SELIE","Two year","80.8","61","No","stable"
"3417-TSCIC","One year","24.85","29","No","stable"
"1042-HFUCW","One year","54.75","25","No","stable"
"4439-JMPMT","Month-to-month","85.75","5","Yes","churned"
"6537-OTKMY","One year","50.75","15","No","stable"
"8999-EXMNO","Two year","20.15","19","No","stable"
"6725-TPKJO","Two year","20.05","44","No","stable"
"2446-BEGGB","Month-to-month","98.25","6","Yes","churned"
"7162-WPHPM","Two year","71.6","58","No","stable"
"1599-MMYRQ","One year","81.45","62","No","stable"
"8821-KVZKQ","One year","58.4","70","No","stable"
"1496-GGSUK","Month-to-month","25.7","1","Yes","churned"
"6434-TTGJP","Two year","53.7","10","No","stable"
"0042-JVWOJ","One year","19.6","26","No","stable"
"0130-SXOUN","Month-to-month","89.4","66","No","medium risk"
"2575-GFSOE","Month-to-month","69","7","Yes","churned"
"2330-PQGDQ","One year","84.2","51","No","stable"
"1452-UZOSF","Two year","106.1","72","No","stable"
"2097-YVPKN","Two year","25.75","65","No","stable"
"2842-JTCCU","Month-to-month","46.05","2","Yes","churned"
"8597-CTXVJ","One year","64.95","70","No","stable"
"6631-HMANX","Two year","85.45","72","No","stable"
"9962-BFPDU","Month-to-month","20.05","1","No","medium risk"
"3296-SILRA","Month-to-month","76.4","1","Yes","churned"
"9681-OXGVC","Month-to-month","100.5","5","Yes","churned"
"6394-HHHZM","Month-to-month","20.7","3","No","medium risk"
"5995-LFTLE","Two year","25.3","58","No","stable"
"5180-UCIIQ","Month-to-month","40.05","22","Yes","churned"
"1932-UEDCX","Month-to-month","100.6","33","No","medium risk"
"7153-OANIO","Month-to-month","69.95","1","Yes","churned"
"5188-HGMLP","Month-to-month","74","54","No","medium risk"
"0665-XHDJU","Two year","99.4","72","No","stable"
"6521-YYTYI","Month-to-month","93.3","1","Yes","churned"
"8878-HMWBV","Month-to-month","49.15","3","Yes","churned"
"8265-HKSOW","Two year","107.45","72","No","stable"
"3544-FBCAS","Two year","83.6","72","No","stable"
"5331-RGMTT","Month-to-month","99.05","54","No","medium risk"
"4759-PXTAN","One year","80.1","59","No","stable"
"7054-DMVAS","Two year","65.3","54","No","stable"
"3428-MMGUB","Two year","89.55","60","No","stable"
"6549-BTYPG","Two year","60.8","60","No","stable"
"7823-JSOAG","Month-to-month","74.5","3","No","medium risk"
"3705-RHRFR","Two year","99.15","69","No","stable"
"9374-YOLBJ","Month-to-month","19.25","1","No","medium risk"
"9074-KGVOX","Month-to-month","39.45","50","No","medium risk"
"6128-DAFVY","Month-to-month","44.85","56","No","medium risk"
"9933-QRGTX","Two year","97.2","60","No","stable"
"4476-OSWTN","One year","110.55","69","No","stable"
"3751-KTZEL","Month-to-month","35.05","1","Yes","churned"
"1977-STDKI","Month-to-month","73","1","Yes","churned"
"5066-GFJMM","Month-to-month","19.9","3","No","medium risk"
"2661-GKBTK","Two year","76.95","60","No","stable"
"0458-HEUZG","Two year","35.4","13","No","stable"
"7268-WNTCP","Two year","20.45","62","No","stable"
"0824-VWDPO","One year","96.75","45","No","stable"
"8409-WQJUX","One year","54.2","25","No","stable"
"2578-JQPHZ","Two year","100.1","44","No","stable"
"3278-FSIXX","Month-to-month","45.25","2","No","medium risk"
"5813-UECBU","Month-to-month","83.85","33","Yes","churned"
"0328-GRPMV","Month-to-month","70.1","1","Yes","churned"
"9746-UGFAC","One year","20.85","22","No","stable"
"2946-KIQSP","Month-to-month","33.45","35","No","medium risk"
"0625-AFOHS","Two year","20.2","29","No","stable"
"6726-WEXXK","One year","85.9","27","No","stable"
"4636-OLWOE","One year","61","54","No","stable"
"4342-HENTK","Month-to-month","70.65","2","Yes","churned"
"4685-ERGHK","One year","86.9","57","No","stable"
"0885-HMGPY","Two year","69.4","62","No","stable"
"5003-OKNNK","One year","20.35","15","No","stable"
"4195-SMMNX","Month-to-month","20.35","2","Yes","churned"
"7208-PSIHR","Two year","104.3","70","No","stable"
"4012-ZTHBR","Month-to-month","44.95","21","No","medium risk"
"0489-WMEMG","One year","49.45","23","No","stable"
"7435-ZNUYY","One year","20.6","6","No","stable"
"1354-YZFNB","Two year","19.55","4","No","stable"
"6956-SMUCM","Month-to-month","99","3","Yes","churned"
"2985-FMWYF","Month-to-month","93.5","23","No","medium risk"
"2812-ENYMO","One year","54.55","26","No","stable"
"2717-HVIZY","Month-to-month","20.05","8","No","medium risk"
"3223-WZWJM","Month-to-month","83.95","26","Yes","churned"
"3422-GALYP","Month-to-month","79.45","2","No","medium risk"
"9053-JZFKV","Two year","116.2","67","Yes","churned"
"2530-ENDWQ","Two year","93.7","71","Yes","churned"
"2890-WFBHU","One year","79.85","59","No","stable"
"0327-WFZSY","One year","100","39","No","stable"
"7977-HXJKU","Two year","19.6","21","No","stable"
"6615-ZGEDR","Month-to-month","19.7","1","Yes","churned"
"7033-CLAMM","Two year","20.2","48","No","stable"
"4023-RTIQM","One year","50.4","31","No","stable"
"0864-FVJNJ","One year","113.35","64","No","stable"
"7356-IWLFW","Month-to-month","80","46","No","medium risk"
"9541-PWTWO","Two year","80.95","52","No","stable"
"3967-VQOGC","Two year","24.9","67","No","stable"
"7872-RDDLZ","Month-to-month","54.9","67","No","medium risk"
"9250-WYPLL","Month-to-month","75.55","5","Yes","churned"
"6308-CQRBU","Two year","109.25","71","No","stable"
"2754-XBHTB","Month-to-month","77.65","9","Yes","churned"
"1597-LHYNC","Month-to-month","95","26","Yes","churned"
"0186-CAERR","One year","116.3","71","No","stable"
"3043-SUDUA","Month-to-month","19.9","32","No","medium risk"
"5442-BHQNG","Month-to-month","70.35","2","No","medium risk"
"2169-RRLFW","Two year","25.6","71","No","stable"
"5872-OEQNH","One year","44.45","60","No","stable"
"3162-KKZXO","One year","100.15","55","No","stable"
"7055-VKGDA","One year","105.4","54","Yes","churned"
"0754-UKWQP","Month-to-month","95.85","2","Yes","churned"
"8873-GLDMH","Month-to-month","73.85","6","No","medium risk"
"5696-JVVQY","Two year","70.1","48","No","stable"
"8946-BFWSG","Two year","25.25","63","No","stable"
"7493-TPUWZ","Month-to-month","79.15","1","Yes","churned"
"0547-HURJB","Month-to-month","21.05","12","No","medium risk"
"8904-OPDCK","Month-to-month","24.95","54","No","medium risk"
"8845-LWKGE","One year","64.5","30","No","stable"
"1577-HKTFG","Month-to-month","19.65","30","Yes","churned"
"8752-STIVR","Month-to-month","79","4","Yes","churned"
"0691-NIKRI","One year","105.95","40","No","stable"
"5022-JNQEQ","Month-to-month","75.85","9","No","medium risk"
"4558-FANTW","Month-to-month","91.85","17","Yes","churned"
"3249-VHRIP","Two year","43.6","62","No","stable"
"3736-BLEPA","One year","91.25","28","No","stable"
"4701-LKOZD","Two year","89.75","70","No","stable"
"6603-QWSPR","Two year","104.4","46","No","stable"
"9921-QFQUL","Month-to-month","90.15","23","No","medium risk"
"1929-ZCBHE","One year","40.3","47","No","stable"
"4378-MYPGO","Two year","105.25","68","No","stable"
"8651-ENBZX","One year","106","60","Yes","churned"
"4129-LYCOI","Two year","104","67","No","stable"
"7798-JVXYM","Month-to-month","69.65","14","No","medium risk"
"8647-SDTWQ","Month-to-month","74.3","57","No","medium risk"
"2696-ECXKC","One year","100.9","55","No","stable"
"2081-KJSQF","Month-to-month","20.25","1","No","medium risk"
"7623-TRNQN","Month-to-month","49.9","1","Yes","churned"
"3323-CPBWR","Month-to-month","96.9","23","No","medium risk"
"9330-IJWIO","Month-to-month","100.35","13","Yes","churned"
"3384-CTMSF","Month-to-month","104.1","47","No","medium risk"
"0902-RFHOF","One year","20.1","38","No","stable"
"9286-DOJGF","Month-to-month","74.95","38","Yes","churned"
"6048-QBXKL","Month-to-month","56.55","2","No","medium risk"
"9661-MHUMO","Month-to-month","49.25","1","Yes","churned"
"7718-RXDGG","Month-to-month","68.6","15","No","medium risk"
"1025-FALIX","Month-to-month","69.05","26","No","medium risk"
"3451-VAWLI","Two year","19.7","35","No","stable"
"3407-QGWLG","Month-to-month","20.05","3","No","medium risk"
"1842-EZJMK","Month-to-month","103.7","50","Yes","churned"
"2347-WKKAE","Month-to-month","94.4","42","No","medium risk"
"8735-DCXNF","Month-to-month","54.95","10","No","medium risk"
"3214-IYUUQ","One year","93.7","61","No","stable"
"1936-UAFEH","Two year","110.25","68","No","stable"
"3587-PMCOY","One year","98.9","10","No","stable"
"8079-XRJRS","One year","89.75","65","Yes","churned"
"1027-LKKQQ","Two year","80.45","72","No","stable"
"7148-XZPHA","Month-to-month","79.4","55","No","medium risk"
"8073-IJDCM","Month-to-month","20.3","1","Yes","churned"
"5309-TAIKL","Month-to-month","62.8","7","No","medium risk"
"6856-RAURS","Month-to-month","74.9","2","No","medium risk"
"8778-LMWTJ","Month-to-month","74.85","9","No","medium risk"
"9717-IOAAF","Two year","25.85","27","No","stable"
"8884-ADFVN","Month-to-month","101.95","7","Yes","churned"
"2845-KDHVX","Two year","68.3","64","No","stable"
"0848-SOMKO","Two year","48.4","70","No","stable"
"2720-WGKHP","Month-to-month","94","2","Yes","churned"
"6734-FQAJX","Two year","105.05","67","No","stable"
"2869-ADAWR","Month-to-month","89.3","45","Yes","churned"
"1535-VTJOQ","Two year","25.15","24","No","stable"
"6368-TZZDT","Two year","19.5","4","No","stable"
"0943-ZQPXH","Month-to-month","92.95","44","No","medium risk"
"1293-BSEUN","Two year","20.7","72","No","stable"
"9894-EZEWG","Month-to-month","74.3","1","Yes","churned"
"1302-TPUBN","Two year","19.35","66","No","stable"
"7851-FLGGQ","Month-to-month","44.65","1","Yes","churned"
"0637-UBJRP","Month-to-month","84.05","13","Yes","churned"
"0940-OUQEC","Month-to-month","80.7","10","Yes","churned"
"2378-VTKDH","Month-to-month","104.35","65","No","medium risk"
"0927-CNGRH","Month-to-month","19.55","1","No","medium risk"
"8608-OZTLB","One year","74.05","38","No","stable"
"2335-GSODA","Two year","40.1","23","No","stable"
"1952-DVVSW","One year","20.1","10","No","stable"
"0702-PGIBZ","Month-to-month","101.7","4","Yes","churned"
"6656-GULJQ","Two year","83.55","72","No","stable"
"9853-JFZDU","Month-to-month","56.85","35","No","medium risk"
"1963-VAUKV","Month-to-month","20.4","1","Yes","churned"
"3777-XROBG","Two year","19.55","58","No","stable"
"6994-FGRHH","One year","106.15","70","No","stable"
"4000-VGMQP","One year","78.95","38","No","stable"
"3999-WRNGR","Month-to-month","49.75","60","No","medium risk"
"3466-RITXD","Month-to-month","92.4","26","No","medium risk"
"2680-XKKNJ","One year","58.2","8","No","stable"
"3058-HJCUY","One year","102.6","41","Yes","churned"
"2974-GGUXS","Month-to-month","91.95","36","No","medium risk"
"7994-XIRTR","One year","65.25","54","No","stable"
"3259-FDWOY","Two year","106","71","Yes","churned"
"2101-RANCD","Month-to-month","73.1","55","No","medium risk"
"7921-BEPCI","Two year","59.75","72","No","stable"
"0807-ZABDG","Month-to-month","55.1","3","Yes","churned"
"8510-TMWYB","Two year","59.8","54","No","stable"
"3258-ZKPAI","Two year","116.6","72","No","stable"
"1428-IEDPR","Two year","109.3","52","No","stable"
"5298-GSTLM","One year","101.4","60","No","stable"
"4450-YOOHP","Month-to-month","50.65","39","No","medium risk"
"6728-CZFEI","One year","56.15","15","No","stable"
"5748-RNCJT","Two year","106.5","69","Yes","churned"
"3653-NCRDJ","One year","19.2","43","No","stable"
"6121-TNHBO","One year","83","63","No","stable"
"5119-NZPTV","Month-to-month","70.1","2","No","medium risk"
"6519-ZHPXP","Two year","108.3","72","No","stable"
"7739-LAXOG","Month-to-month","91.05","32","Yes","churned"
"3472-QPRCH","Two year","25.25","40","No","stable"
"8224-UAXBZ","One year","45.35","58","No","stable"
"9610-WCESF","Two year","43.9","67","No","stable"
"9776-CLUJA","Month-to-month","77.5","51","Yes","churned"
"2486-WYVVE","One year","79.3","31","No","stable"
"3865-ZYKAD","Month-to-month","84.9","69","No","medium risk"
"1422-DGUBX","One year","79.25","32","No","stable"
"2999-AANRQ","Two year","71.05","21","No","stable"
"8668-KNZTI","One year","53.75","52","No","stable"
"0480-KYJVA","Two year","24.25","72","No","stable"
"6034-ZRYCV","Two year","54.2","72","Yes","churned"
"9746-YKGXB","One year","44.25","52","No","stable"
"3926-YZVVX","One year","50.05","41","No","stable"
"6000-UKLWI","Two year","20.15","41","No","stable"
"2079-FBMZK","Month-to-month","69.25","6","Yes","churned"
"6332-FBZRI","One year","69.35","67","No","stable"
"2096-XOTMO","Month-to-month","19.35","16","No","medium risk"
"3266-FTKHB","Two year","19.15","17","No","stable"
"8221-EQDGL","Month-to-month","61","35","No","medium risk"
"2346-LOCWC","Two year","20.5","58","No","stable"
"6608-QQLVK","Month-to-month","50.5","1","Yes","churned"
"0298-XACET","Two year","50.2","52","No","stable"
"7560-QJAVJ","Two year","79.6","70","No","stable"
"2995-YWTCD","Two year","24.9","19","No","stable"
"3551-HUAZH","Month-to-month","74.4","1","Yes","churned"
"9137-UIYPG","Month-to-month","106.9","35","No","medium risk"
"2809-ZMYOQ","Month-to-month","101.35","32","No","medium risk"
"5084-OOVCJ","Month-to-month","55.35","17","No","medium risk"
"0254-WWRKD","One year","50.55","67","No","stable"
"7727-SHVZV","Month-to-month","19.5","9","No","medium risk"
"6302-JGYRJ","One year","79.45","31","Yes","churned"
"5339-PXDVH","Month-to-month","90.65","4","No","high risk"
"2205-LPVGL","One year","89.85","58","No","stable"
"8782-NUUOL","One year","79","60","No","stable"
"3685-YLCMQ","One year","104.65","58","Yes","churned"
"7601-WFVZV","Month-to-month","19.55","1","No","medium risk"
"4609-KNNWG","Two year","19.9","27","No","stable"
"4868-AADLV","One year","116.25","66","No","stable"
"9529-OFXHY","Month-to-month","87.75","15","No","medium risk"
"8634-MPHTR","Month-to-month","100.05","47","Yes","churned"
"2669-QVCRG","Month-to-month","81.3","41","No","medium risk"
"2478-EEWWM","Month-to-month","44.3","59","No","medium risk"
"9174-IHETN","Two year","70.35","50","No","stable"
"2233-TXSIU","One year","44.45","17","No","stable"
"9644-UMGQA","Month-to-month","49.15","6","No","medium risk"
"3256-EZDBI","Month-to-month","29.45","51","No","medium risk"
"8761-NSOBC","Month-to-month","100.55","44","Yes","churned"
"0419-YAAPX","Month-to-month","85.3","49","No","medium risk"
"8413-VONUO","Month-to-month","95.65","2","Yes","churned"
"0872-CASZJ","One year","69.1","59","No","stable"
"4726-DLWQN","Month-to-month","70.35","50","No","medium risk"
"8164-OCKUJ","Two year","20.6","59","No","stable"
"3094-JOJAI","Month-to-month","74.15","18","No","medium risk"
"9494-MRNYX","Month-to-month","75.05","10","No","medium risk"
"2599-CZABP","One year","44.6","14","No","stable"
"7945-PRBVF","Two year","21.45","35","No","stable"
"4544-RXFMG","One year","43.45","8","No","stable"
"0859-YGKFW","One year","20.05","18","No","stable"
"1150-FTQGN","One year","94.15","60","No","stable"
"9223-UCPVT","Month-to-month","94.4","1","Yes","churned"
"7196-LIWRH","Two year","19.55","6","No","stable"
"5448-VWNAM","Month-to-month","75.9","19","No","medium risk"
"1177-XZBJL","One year","64.15","53","No","stable"
"3518-FSTWG","Two year","109.55","72","No","stable"
"9330-VOFSZ","Two year","110.8","60","No","stable"
"4351-QLCSU","Month-to-month","55","1","Yes","churned"
"0939-EREMR","Month-to-month","53.45","13","No","medium risk"
"9389-ACWBI","Month-to-month","69.95","5","No","medium risk"
"5419-JPRRN","Month-to-month","101.45","1","Yes","churned"
"3644-QXEHN","Month-to-month","97","13","No","medium risk"
"2911-IJORQ","One year","90.6","37","No","stable"
"5921-NGYRH","Month-to-month","73.55","64","No","medium risk"
"2100-BDNSN","Month-to-month","67.95","5","Yes","churned"
"5998-DZLYR","Two year","94.35","61","No","stable"
"0488-GSLFR","Month-to-month","69.5","1","Yes","churned"
"9318-NKNFC","Month-to-month","18.85","1","Yes","churned"
"3985-HOYPM","One year","19.4","26","No","stable"
"9728-FTTVZ","Month-to-month","69.2","1","Yes","churned"
"9548-LERKT","Two year","19.75","24","No","stable"
"6576-FBXOJ","One year","54.6","17","No","stable"
"4310-KEDTB","Month-to-month","29.8","26","No","medium risk"
"7254-IQWOZ","Month-to-month","69.65","1","Yes","churned"
"2474-BRUCM","Month-to-month","101.85","40","Yes","churned"
"4062-HBMOS","Month-to-month","103.05","52","No","medium risk"
"0742-NXBGR","Month-to-month","82.3","1","Yes","churned"
"2676-ISHSF","Month-to-month","20.3","1","No","medium risk"
"9236-NDUCW","Two year","35.1","21","No","stable"
"4753-PADAS","One year","105.7","67","No","stable"
"6103-QCKFX","Month-to-month","56.25","44","No","medium risk"
"7781-EWARA","One year","60.35","70","No","stable"
"6110-OHIHY","Month-to-month","79.25","3","Yes","churned"
"7018-FPXHH","Two year","59.8","56","No","stable"
"5889-LFOLL","Month-to-month","84.6","13","Yes","churned"
"5708-EVONK","Month-to-month","93.4","58","Yes","churned"
"8708-XPXHZ","Month-to-month","94.2","42","Yes","churned"
"0616-ATFGB","Month-to-month","25.05","1","Yes","churned"
"0572-ZJKLT","Two year","99.65","46","No","stable"
"5135-RDDQL","Two year","50.65","63","No","stable"
"1353-LJWEM","Month-to-month","60.9","11","No","medium risk"
"1794-SWWKL","Month-to-month","59.65","15","No","medium risk"
"6166-YIPFO","Two year","64.7","72","No","stable"
"7016-BPGEU","Month-to-month","25.1","29","Yes","churned"
"6876-ADESB","Month-to-month","48.95","1","Yes","churned"
"9332-GYWLO","Month-to-month","54.85","6","No","medium risk"
"1963-SVUCV","Month-to-month","45.3","1","Yes","churned"
"4184-VODJZ","One year","91.35","63","No","stable"
"0220-EBGCE","Month-to-month","85.85","2","Yes","churned"
"1092-WPIVQ","Two year","25.1","18","No","stable"
"7233-IOQNP","Month-to-month","34","43","No","medium risk"
"2834-JKOOW","One year","45.9","15","No","stable"
"2754-VDLTR","Month-to-month","95.2","10","Yes","churned"
"2400-FEQME","Two year","20.5","55","No","stable"
"3190-XFANI","One year","100.6","49","Yes","churned"
"7551-DACSP","Month-to-month","55.3","6","Yes","churned"
"4957-SREEC","Two year","20.35","70","No","stable"
"7235-NXZCP","Month-to-month","74.85","2","Yes","churned"
"0230-UBYPQ","One year","36.1","63","No","stable"
"4923-ADWXJ","Month-to-month","65.8","25","No","medium risk"
"1763-KUAAW","One year","20.35","18","No","stable"
"1104-TNLZA","Month-to-month","105.8","28","No","medium risk"
"5195-KPUNQ","One year","96.75","53","No","stable"
"0520-FDVVT","One year","102.35","35","Yes","churned"
"3439-GVUSX","Month-to-month","24.4","1","No","medium risk"
"1444-VVSGW","One year","115.65","70","Yes","churned"
"5712-PTIWW","Month-to-month","79.85","2","Yes","churned"
"5949-HGVJL","Month-to-month","73.05","26","No","medium risk"
"5203-XEHAX","One year","64.35","34","No","stable"
"1635-HDGFT","Two year","20.5","19","No","stable"
"3315-TOTBP","Month-to-month","76","15","Yes","churned"
"8050-XGRVL","One year","54.75","62","No","stable"
"6661-HBGWL","Month-to-month","104.75","42","Yes","churned"
"1518-VOWAV","Month-to-month","74.65","9","Yes","churned"
"9828-QHFBK","Month-to-month","51.15","24","No","medium risk"
"3908-MKIMJ","Two year","41.95","68","No","stable"
"5012-YSPJJ","Month-to-month","54.35","31","No","medium risk"
"5909-ECHUI","Month-to-month","56.25","1","Yes","churned"
"1309-BXVOQ","Month-to-month","106.1","21","Yes","churned"
"6728-VOIFY","One year","96","63","No","stable"
"9317-WZPGV","Month-to-month","79.75","2","Yes","churned"
"4891-NLUBA","Two year","61.45","61","No","stable"
"2856-HYAPG","Month-to-month","68.65","1","Yes","churned"
"8969-PRHFK","One year","19.65","18","No","stable"
"0661-KQHNK","One year","19","6","No","stable"
"8709-KRDVL","Month-to-month","100","33","No","medium risk"
"4488-PSYCG","Month-to-month","20.25","16","Yes","churned"
"1427-VERSM","Month-to-month","98.7","56","No","medium risk"
"9801-NOSHQ","One year","19.8","23","No","stable"
"6339-YPSAH","Month-to-month","73.8","9","No","medium risk"
"3621-CEOVK","Month-to-month","100.2","14","Yes","churned"
"6906-ANDWJ","Month-to-month","74.9","15","Yes","churned"
"2159-TURXX","Month-to-month","20.05","5","No","medium risk"
"1548-FEHVL","Month-to-month","106.2","61","No","medium risk"
"3795-CAWEX","Two year","116.55","70","No","stable"
"6215-NQCPY","Month-to-month","99.7","15","No","medium risk"
"5647-URDKA","Two year","19.7","8","No","stable"
"2229-DPMBI","Two year","19.5","8","No","stable"
"9626-WEQRM","Month-to-month","29.15","4","No","medium risk"
"2188-SXWVT","One year","55","34","No","stable"
"6258-PVZWJ","Two year","90.8","68","No","stable"
"1094-BKOSX","One year","51","45","No","stable"
"6969-MVBAI","Month-to-month","90.1","9","No","high risk"
"2978-XXSOG","Month-to-month","59.05","22","No","medium risk"
"2342-CKIAO","Month-to-month","20.3","2","No","medium risk"
"6953-PBDIN","Two year","72.95","70","No","stable"
"3898-BSJYF","One year","73.55","10","No","stable"
"3938-YFPXD","Two year","84.3","72","No","stable"
"7696-AMHOD","One year","78","49","No","stable"
"2453-SAFNS","One year","72.1","54","No","stable"
"9558-IHEZX","Two year","106.75","71","No","stable"
"9617-UDPEU","One year","19.25","22","No","stable"
"6340-DACFT","Two year","20.55","50","No","stable"
"4955-VCWBI","One year","20","43","No","stable"
"6813-GZQCG","Two year","24.65","45","No","stable"
"7426-GSWPO","Month-to-month","103.5","64","No","medium risk"
"3389-KTRXV","Two year","23.85","23","No","stable"
"3118-UHVVQ","Two year","25.8","68","No","stable"
"1031-IIDEO","Month-to-month","70.85","1","Yes","churned"
"5832-XKAES","Month-to-month","69.8","2","Yes","churned"
"3205-MXZRA","One year","59.45","26","No","stable"
"4701-AHWMW","Month-to-month","54.55","55","Yes","churned"
"8317-BVKSO","Month-to-month","20.05","14","No","medium risk"
"5702-KVQRD","Two year","82.55","71","No","stable"
"0083-PIVIK","One year","81.25","64","No","stable"
"9210-IAHGH","Month-to-month","70.75","7","Yes","churned"
"6169-PGNCD","Two year","74.3","57","No","stable"
"0023-XUOPT","Month-to-month","94.1","13","Yes","churned"
"4592-IWTJI","Month-to-month","29.7","3","Yes","churned"
"4909-JOUPP","Two year","109.7","72","No","stable"
"4657-FWVFY","Month-to-month","96.35","40","No","medium risk"
"2257-BOVXD","Month-to-month","66.6","14","No","medium risk"
"7729-JTEEC","Month-to-month","44.5","2","No","medium risk"
"7632-MNYOY","One year","110.9","66","Yes","churned"
"6518-LGAOV","Month-to-month","105","38","Yes","churned"
"7242-QZLXF","Month-to-month","25.3","1","Yes","churned"
"4576-CSAJH","One year","55.15","22","Yes","churned"
"1000-AJSLD","Month-to-month","20.1","1","Yes","churned"
"9696-RMYBA","Month-to-month","80.1","5","No","high risk"
"8690-UPCZI","One year","69.05","29","No","stable"
"1062-LHZOD","Month-to-month","69.9","1","Yes","churned"
"9770-LXDBK","Month-to-month","20.4","3","No","medium risk"
"4086-WITJG","Two year","19.7","71","No","stable"
"8344-WFMFH","Month-to-month","50.1","9","No","medium risk"
"9600-NAXZN","Month-to-month","101.4","43","Yes","churned"
"8822-KNBHV","One year","83.45","48","No","stable"
"8404-FYDIB","Month-to-month","86.65","26","No","medium risk"
"2791-SFVEW","Month-to-month","20.15","9","No","medium risk"
"6457-USBER","Month-to-month","80.8","1","Yes","churned"
"6762-NSODU","Two year","19.4","46","No","stable"
"4662-EKDPQ","Month-to-month","62.05","2","Yes","churned"
"9248-OJYKK","Month-to-month","76.45","1","Yes","churned"
"9888-ZCUMM","Two year","60.05","64","No","stable"
"3398-FSHON","Month-to-month","91.3","12","Yes","churned"
"3319-DWOEP","Month-to-month","95.75","6","Yes","churned"
"1074-WVEVG","One year","20.35","59","No","stable"
"9979-RGMZT","One year","94.05","7","No","stable"
"6437-UDQJM","Two year","84.1","72","No","stable"
"1226-IENZN","Month-to-month","78.75","16","No","medium risk"
"2108-GLPQB","Month-to-month","55.55","25","No","medium risk"
"9259-PACGQ","Month-to-month","62.65","34","Yes","churned"
"4415-IJZTP","Month-to-month","74.5","1","Yes","churned"
"1465-VINDH","Month-to-month","102.1","10","Yes","churned"
"5474-LAMUQ","One year","20.1","24","No","stable"
"3468-DRVQJ","One year","70.3","10","No","stable"
"1122-YJBCS","One year","53.65","69","No","stable"
"4990-ALDGW","Two year","20.75","57","No","stable"
"4816-OKWNX","One year","103.4","50","No","stable"
"3315-IKYZQ","One year","50.8","28","No","stable"
"2810-FTLEM","Month-to-month","50.15","16","Yes","churned"
"4747-LCAQL","Month-to-month","79","25","No","medium risk"
"3411-WLRSQ","Month-to-month","74.6","3","No","medium risk"
"0898-XCGTF","One year","96.5","61","No","stable"
"8006-PYCSW","Month-to-month","20.1","2","No","medium risk"
"8249-THVEC","One year","19.4","51","No","stable"
"8722-PRFDV","Two year","77.55","71","No","stable"
"2164-SOQXL","Month-to-month","20.05","20","No","medium risk"
"4020-KIUDI","Month-to-month","19.85","6","No","medium risk"
"5850-BDWCY","Month-to-month","20.2","6","No","medium risk"
"2038-YSEZE","Month-to-month","67.45","29","No","medium risk"
"0827-ITJPH","Two year","18.55","36","No","stable"
"8799-OXZMD","Month-to-month","29.75","28","No","medium risk"
"1925-TIBLE","Month-to-month","86.5","7","Yes","churned"
"1705-GUHPV","Two year","24.2","63","No","stable"
"4779-ZGICK","Two year","23.55","48","No","stable"
"0048-PIHNL","One year","20.45","49","No","stable"
"0818-OCPZO","Month-to-month","81.45","27","Yes","churned"
"3967-KXAPS","Two year","92.3","72","No","stable"
"1447-GIQMR","Month-to-month","69.15","1","Yes","churned"
"3704-IEAXF","Two year","53.65","72","No","stable"
"6810-VCAEX","One year","39.65","47","No","stable"
"0674-EYYZV","Month-to-month","54.65","1","No","medium risk"
"4480-MBMLB","One year","104.8","36","No","stable"
"1395-OFUWC","Month-to-month","29.3","43","No","medium risk"
"0822-QGCXA","Month-to-month","83.85","27","No","medium risk"
"0872-NXJYS","Month-to-month","79.55","9","Yes","churned"
"2832-KJCRD","Month-to-month","103.65","38","No","medium risk"
"3588-WSTTJ","Month-to-month","99.05","35","No","medium risk"
"5090-EMGTC","Two year","100.05","59","No","stable"
"2346-CZYIL","Two year","20.35","27","No","stable"
"3798-EPWRR","Month-to-month","43.95","2","No","medium risk"
"6258-NGCNG","Month-to-month","23.5","7","No","medium risk"
"4186-ZBUEW","One year","70.7","36","No","stable"
"5274-XHAKY","Month-to-month","94.3","41","No","medium risk"
"1442-BQPVU","Month-to-month","29.15","13","No","medium risk"
"3978-YNKDD","Two year","20.85","19","No","stable"
"4940-KHCWD","Two year","37.7","60","No","stable"
"9412-ARGBX","Two year","95.5","48","Yes","churned"
"1389-CXMLU","Month-to-month","91.05","3","Yes","churned"
"9589-ABEPT","Two year","92.45","69","No","stable"
"9388-ZEYVT","One year","44.15","43","No","stable"
"0305-SQECB","One year","36.05","11","No","stable"
"7605-SNLQG","Month-to-month","50.25","45","No","medium risk"
"4670-TABXH","Two year","109.75","72","No","stable"
"5561-NWEVX","Month-to-month","79.2","2","Yes","churned"
"0064-SUDOG","Two year","20.3","12","No","stable"
"8561-NMTBD","One year","112.35","67","No","stable"
"5161-XEUVX","Two year","94.3","37","No","stable"
"8292-FRFZQ","One year","41.15","39","No","stable"
"8591-NXRCV","Month-to-month","74.65","41","No","medium risk"
"7895-VONWT","Month-to-month","48.25","25","No","medium risk"
"4526-RMTLL","Two year","76.15","8","No","stable"
"6253-GNHWH","Two year","71.1","71","No","stable"
"4566-NECEV","Month-to-month","96.55","5","No","high risk"
"8080-POTJR","One year","79.3","30","No","stable"
"6906-MPARY","One year","89.6","40","No","stable"
"3662-FXJFO","Two year","20.5","54","No","stable"
"8107-RZLNV","Two year","106.3","72","No","stable"
"0516-OOHAR","One year","100.35","28","No","stable"
"2027-CWDNU","Month-to-month","85.6","18","No","medium risk"
"2737-WFVYW","Month-to-month","45.25","2","Yes","churned"
"9912-OMZDS","One year","106.15","59","No","stable"
"3733-ZEECP","Month-to-month","51.1","22","No","medium risk"
"7878-RTCZG","Month-to-month","19.9","1","No","medium risk"
"2452-MRMZF","Two year","25.7","72","No","stable"
"2272-QAGFO","Month-to-month","74.3","14","Yes","churned"
"7103-IPXPJ","One year","99.4","50","No","stable"
"4342-HFXWS","One year","69.7","48","No","stable"
"3545-CNWRG","Month-to-month","98.35","49","No","medium risk"
"1785-BPHTP","Month-to-month","85.45","28","No","medium risk"
"4989-LIXVT","Month-to-month","95.9","68","No","medium risk"
"7315-WYOAW","Month-to-month","100.75","13","No","medium risk"
"1173-XZPYF","Month-to-month","89.2","11","No","high risk"
"9850-OWRHQ","Month-to-month","74.1","3","Yes","churned"
"3768-NLUBH","Month-to-month","100.6","57","Yes","churned"
"8676-TRMJS","Month-to-month","75","3","Yes","churned"
"2509-TFPJU","Two year","25.75","72","No","stable"
"9530-GRMJG","Two year","84.1","70","No","stable"
"6898-RBTLU","Two year","79.3","49","No","stable"
"5481-NTDOH","One year","107.05","67","No","stable"
"2068-WWXQZ","Two year","20.05","46","No","stable"
"7359-SSBJK","Two year","70.2","64","Yes","churned"
"2061-VVFST","Month-to-month","19.5","37","No","medium risk"
"0685-MLYYM","Month-to-month","70.75","2","Yes","churned"
"0749-IRGQE","Month-to-month","45.3","13","No","medium risk"
"2380-DAMQP","Two year","115.15","72","No","stable"
"2256-YLYLP","Two year","72.95","68","No","stable"
"1272-ILHFG","One year","19.65","15","No","stable"
"0164-XAIRP","Two year","19.55","24","No","stable"
"5666-CYCYZ","Month-to-month","89.55","24","No","medium risk"
"4011-ARPHK","Month-to-month","50.35","27","No","medium risk"
"8182-PNAGI","Month-to-month","50.25","12","Yes","churned"
"6365-HITVU","Two year","87.25","71","No","stable"
"7558-IMLMT","Two year","20.8","67","No","stable"
"9488-FYQAU","Two year","109.25","63","No","stable"
"3590-TCXTB","Month-to-month","20.35","1","No","medium risk"
"6994-KERXL","Month-to-month","55.9","4","No","medium risk"
"7957-RYHQD","Month-to-month","79.2","40","Yes","churned"
"2180-DXNEG","Month-to-month","96","12","Yes","churned"
"1960-UOTYM","Two year","79.2","52","No","stable"
"2740-JFBOK","Month-to-month","24","10","No","medium risk"
"6500-JVEGC","One year","101.35","68","No","stable"
"5515-AKOAJ","Month-to-month","100.1","54","Yes","churned"
"8976-OQHGT","Month-to-month","56.5","4","Yes","churned"
"5245-VDBUR","One year","35.45","52","No","stable"
"6230-BSUXY","Month-to-month","85","1","Yes","churned"
"8469-SNFFH","One year","79.4","70","No","stable"
"2144-ESWKO","One year","35.2","43","No","stable"
"1241-FPMOF","Two year","19.65","52","No","stable"
"9928-BZVLZ","Two year","49.85","12","No","stable"
"4114-QMKVN","One year","68.75","56","No","stable"
"9003-CPATH","Month-to-month","79.9","42","No","medium risk"
"1754-GKYPY","Month-to-month","89.75","22","No","medium risk"
"5294-CDGWY","One year","59.3","51","Yes","churned"
"7956-XQWGU","Month-to-month","19.4","27","No","medium risk"
"1591-MQJTP","One year","93.65","51","No","stable"
"5295-PCJOO","Month-to-month","49.4","4","Yes","churned"
"2369-FEVNO","Month-to-month","19.9","1","No","medium risk"
"9863-JZAIC","Month-to-month","55","35","Yes","churned"
"7471-MQPOS","One year","72.9","71","No","stable"
"7660-HDPJV","Month-to-month","69.2","1","Yes","churned"
"5115-SQAAU","Two year","25.6","69","No","stable"
"9845-QOMAD","One year","19.75","14","No","stable"
"7672-VFMXZ","Month-to-month","55.7","57","No","medium risk"
"9739-JLPQJ","Two year","117.5","72","No","stable"
"9916-AYHTC","Two year","19.85","48","No","stable"
"3855-ONCAR","Month-to-month","78.9","4","No","medium risk"
"1488-SYSFC","Month-to-month","20.65","31","No","medium risk"
"7931-PXHFC","One year","62.3","38","Yes","churned"
"3990-QYKBE","Month-to-month","92.5","37","Yes","churned"
"0970-QXPXW","Month-to-month","19.65","1","No","medium risk"
"3259-KNMRR","Two year","79.75","57","No","stable"
"6120-RJKLU","Two year","79.95","62","No","stable"
"9572-WUKSB","Month-to-month","29.9","3","No","medium risk"
"5893-KCLGT","Two year","19.75","72","No","stable"
"0076-LVEPS","Month-to-month","45","29","No","medium risk"
"3640-JQGJG","Month-to-month","44.8","13","No","medium risk"
"4919-MOAVT","Month-to-month","69.65","3","Yes","churned"
"1596-OQSPS","Month-to-month","51.1","11","No","medium risk"
"9867-XOBQA","Two year","53.15","21","No","stable"
"9546-KDTRB","Month-to-month","24.7","19","No","medium risk"
"3090-HAWSU","Two year","111.6","61","Yes","churned"
"9820-RMCQV","Month-to-month","48.55","11","Yes","churned"
"3174-RKMOW","Month-to-month","109.95","35","No","medium risk"
"1760-CAZHT","Month-to-month","20.8","25","No","medium risk"
"7839-QRKXN","Month-to-month","20.2","1","Yes","churned"
"8441-SHIPE","Two year","25.6","67","No","stable"
"5204-QZXPU","Month-to-month","39.65","19","Yes","churned"
"4597-ELFTS","One year","24.9","56","Yes","churned"
"1320-GVNHT","Two year","108.4","72","No","stable"
"1047-RNXZV","Two year","19.55","43","No","stable"
"3541-ZNUHK","Month-to-month","85.1","55","No","medium risk"
"8450-JOVAH","Month-to-month","56.7","2","Yes","churned"
"8725-JEDFD","Month-to-month","69.05","27","No","medium risk"
"7562-UXTPG","Month-to-month","70.15","13","No","medium risk"
"8071-SBTRN","Two year","111.15","70","No","stable"
"1113-IUJYX","One year","105.95","14","Yes","churned"
"6668-CNMFP","One year","89.35","19","No","stable"
"5626-MGTUK","Month-to-month","89.1","20","No","medium risk"
"5681-LLOEI","One year","91.25","43","No","stable"
"8212-DJRCH","Month-to-month","90.35","5","No","high risk"
"4323-OHFOW","One year","105.55","70","No","stable"
"4933-BSAIP","Two year","19.1","40","No","stable"
"2030-BTZRO","Two year","20.4","6","No","stable"
"1116-DXXDF","Two year","100.45","39","No","stable"
"9274-CNFMO","Month-to-month","74.95","4","Yes","churned"
"7758-XKCBS","Month-to-month","29.7","15","Yes","churned"
"8992-JQYUN","Month-to-month","50.35","1","Yes","churned"
"6563-VNPMN","Month-to-month","85.7","45","No","medium risk"
"0617-AQNWT","Two year","47.85","64","Yes","churned"
"2267-WTPYD","Month-to-month","94","57","No","medium risk"
"0270-THENM","Two year","69.85","72","No","stable"
"2446-PLQVO","Month-to-month","70.3","1","Yes","churned"
"4707-MAXGU","Two year","25.85","72","No","stable"
"2710-WYVXG","Two year","71.1","3","No","stable"
"3005-NFMTA","Month-to-month","98.8","55","Yes","churned"
"6300-BWMJX","Month-to-month","93.35","59","No","medium risk"
"8784-CGILN","Month-to-month","99.85","18","Yes","churned"
"5389-FFVKB","Month-to-month","80.3","32","Yes","churned"
"7009-LGECI","Month-to-month","50.55","4","No","medium risk"
"8444-WRIDW","Month-to-month","80.45","66","Yes","churned"
"5022-KVDQT","Month-to-month","81.3","27","No","medium risk"
"7976-CICYS","Month-to-month","20.7","4","No","medium risk"
"1036-GUDCL","Month-to-month","79.05","60","No","medium risk"
"2005-DWQZJ","Two year","19.05","8","No","stable"
"8148-WOCMK","Two year","19.6","8","No","stable"
"7815-PDTHL","Two year","20.2","35","No","stable"
"9451-LPGOO","Month-to-month","86.8","7","Yes","churned"
"9173-IVZVP","Two year","20.9","53","No","stable"
"9129-UXERG","Month-to-month","103.6","18","No","medium risk"
"3635-JBPSG","Two year","38.8","15","No","stable"
"7964-ZRKKG","One year","88.4","67","No","stable"
"5868-YWPDW","Month-to-month","84.2","6","Yes","churned"
"6229-LSCKB","Month-to-month","79.7","6","No","medium risk"
"2025-JKFWI","Month-to-month","99","13","Yes","churned"
"4078-SAYYN","Month-to-month","100.75","11","Yes","churned"
"1724-IQWNM","Month-to-month","19.3","1","No","medium risk"
"8217-QYOHV","Month-to-month","55.75","5","No","medium risk"
"5546-QUERU","One year","19.95","13","No","stable"
"9940-HPQPG","Month-to-month","91.75","9","Yes","churned"
"6897-UUBNU","Month-to-month","89.65","29","No","medium risk"
"6127-IYJOZ","Month-to-month","45.85","1","No","medium risk"
"6618-RYATB","Month-to-month","79.55","1","Yes","churned"
"8930-XOTDP","Month-to-month","55.95","18","No","medium risk"
"5916-QEWPT","Month-to-month","69","2","No","medium risk"
"5060-TQUQN","Month-to-month","83.55","30","No","medium risk"
"0531-XBKMM","Two year","65.7","66","No","stable"
"8465-SBRXP","Two year","94.9","38","No","stable"
"2408-PSJVE","Month-to-month","61.9","44","No","medium risk"
"9079-YEXQJ","Month-to-month","111.1","54","Yes","churned"
"9700-ZCLOT","Month-to-month","20","2","No","medium risk"
"8738-JOKAR","One year","67.7","42","No","stable"
"4534-WGCIR","Two year","25.15","58","No","stable"
"1930-WNXSB","Month-to-month","92.85","58","No","medium risk"
"2685-SREOM","Month-to-month","89.1","25","Yes","churned"
"3508-CFVZL","Two year","111.3","71","No","stable"
"0402-CQAJN","Month-to-month","101.9","37","Yes","churned"
"6692-UDPJC","Month-to-month","91.65","14","Yes","churned"
"1273-MTETI","Month-to-month","88.85","4","Yes","churned"
"0657-DOGUM","One year","60.6","48","No","stable"
"5480-HPRRX","Month-to-month","25.3","3","Yes","churned"
"8792-AOROI","Two year","65.5","8","No","stable"
"0295-PPHDO","Month-to-month","95.45","1","Yes","churned"
"5146-YYFRZ","Two year","19.95","67","No","stable"
"1195-OIYEJ","Month-to-month","91.1","13","Yes","churned"
"5906-CVLHP","One year","54.15","45","Yes","churned"
"3452-SRFEG","Month-to-month","74.6","49","No","medium risk"
"4070-OKWVH","Month-to-month","94.6","52","No","medium risk"
"5297-MDOIR","One year","81.15","63","No","stable"
"6369-MCAKO","Two year","89.05","68","No","stable"
"4926-UMJZD","Month-to-month","49.2","31","No","medium risk"
"6848-HJTXY","Two year","19.45","64","No","stable"
"6341-AEVKX","One year","104.3","62","No","stable"
"4501-EQDRN","Month-to-month","69.7","1","Yes","churned"
"2990-HWIML","Month-to-month","89.5","6","Yes","churned"
"0682-USIXD","Month-to-month","86.05","21","No","medium risk"
"6976-BWGLQ","Two year","25.2","72","No","stable"
"7078-NVFAM","Month-to-month","35.15","32","No","medium risk"
"8065-QBYTO","One year","99.65","71","No","stable"
"2133-TSRRM","Month-to-month","105.35","34","No","medium risk"
"7384-GHBPI","Month-to-month","35.15","3","Yes","churned"
"7603-USHJS","Month-to-month","73.75","12","Yes","churned"
"7234-FECYN","Month-to-month","101.35","8","Yes","churned"
"2511-ALLCS","Two year","24.3","35","No","stable"
"3191-CSNMG","Month-to-month","80.7","3","No","high risk"
"7952-OBOYL","Month-to-month","89.85","3","No","high risk"
"7470-DYNOE","One year","61.1","53","No","stable"
"7853-OETYL","Month-to-month","29.05","4","No","medium risk"
"1545-ACTAS","One year","99.7","48","No","stable"
"5876-HZVZM","Month-to-month","55.9","6","Yes","churned"
"1400-MMYXY","Month-to-month","105.9","3","Yes","churned"
"5126-RCXYW","Two year","46","54","No","stable"
"3085-QUOZK","Month-to-month","43.95","1","Yes","churned"
"2363-BJLSL","Month-to-month","80.4","62","No","medium risk"
"1956-YIFGE","One year","100.05","22","No","stable"
"3926-CUQZX","Month-to-month","45.1","1","Yes","churned"
"7921-LMDFQ","One year","94","51","No","stable"
"2925-MXLSX","One year","68.95","30","No","stable"
"5820-PTRYM","One year","68.45","56","No","stable"
"9609-BENEA","One year","69","35","No","stable"
"6211-WHMYA","Month-to-month","43.85","64","No","medium risk"
"4459-BBGHE","Month-to-month","44.5","30","No","medium risk"
"9945-PSVIP","Two year","18.7","25","No","stable"
"1041-RXHRA","Month-to-month","70.25","41","Yes","churned"
"1750-CSKKM","Month-to-month","55.35","9","Yes","churned"
"9108-EJFJP","Month-to-month","53.55","1","No","medium risk"
"0530-IJVDB","Two year","114.6","70","No","stable"
"0508-SQWPL","Two year","20.1","57","No","stable"
"2215-ZAFGX","Month-to-month","85.5","9","No","high risk"
"8213-TAZPM","One year","108.75","69","No","stable"
"7142-HVGBG","Month-to-month","103","43","Yes","churned"
"1304-SEGFY","Two year","97.85","72","No","stable"
"7242-EDTYC","Two year","19.55","44","No","stable"
"2904-GGUAZ","Two year","84.05","72","No","stable"
"8267-ZNYVZ","One year","103.75","33","Yes","churned"
"5136-GFPMB","Month-to-month","89.4","54","No","medium risk"
"2595-KIWPV","Two year","19.7","27","No","stable"
"5243-SAOTC","Month-to-month","79.85","54","No","medium risk"
"9398-MMQTO","Month-to-month","74.45","3","No","medium risk"
"7619-PLRLP","One year","74.1","53","No","stable"
"6457-GIRWB","Month-to-month","69.35","1","Yes","churned"
"6508-NJYRO","One year","18.8","15","No","stable"
"1450-SKCVI","Month-to-month","73.85","56","Yes","churned"
"4710-NKCAW","Month-to-month","64.4","5","No","medium risk"
"5306-BVTKJ","One year","55.8","48","No","stable"
"0357-NVCRI","Month-to-month","20.05","25","No","medium risk"
"5570-PTWEH","Month-to-month","75.15","3","Yes","churned"
"2371-KFUOG","One year","99.15","58","No","stable"
"0463-ZSDNT","Month-to-month","56.75","10","No","medium risk"
"6502-MJQAE","Month-to-month","69.6","1","Yes","churned"
"6257-DTAYD","Two year","104.15","71","No","stable"
"4616-ULAOA","Two year","110.8","65","No","stable"
"7693-LCKZL","Month-to-month","80.15","5","Yes","churned"
"7746-AWNQW","Month-to-month","35.75","28","No","medium risk"
"5996-EBTKM","Two year","69.9","67","No","stable"
"2758-RNWXS","One year","89.2","35","No","stable"
"2314-TNDJQ","Two year","55.65","72","No","stable"
"2405-LBMUW","One year","50.7","61","No","stable"
"3454-JFUBC","Two year","20","68","No","stable"
"0032-PGELS","Month-to-month","30.5","1","Yes","churned"
"9039-ZVJDC","Month-to-month","19.1","3","No","medium risk"
"6797-LNAQX","Two year","98.3","70","Yes","churned"
"9013-AQORL","Month-to-month","45.55","48","No","medium risk"
"2898-MRKPI","One year","101.05","68","No","stable"
"2750-BJLSB","One year","103.7","47","No","stable"
"3648-GZPHF","One year","36.25","32","No","stable"
"2075-RMJIK","Month-to-month","49.4","5","No","medium risk"
"9588-YRFHY","Two year","19.9","49","No","stable"
"6394-MFYNG","Month-to-month","107.4","48","Yes","churned"
"1564-NTYXF","Month-to-month","82","13","Yes","churned"
"9364-YKUVW","Month-to-month","19.8","15","No","medium risk"
"5392-AKEMH","Month-to-month","45.05","12","No","medium risk"
"2451-YMUXS","Two year","64.55","67","No","stable"
"3914-FDRHP","Month-to-month","86.25","9","No","high risk"
"3078-ZKNTS","Two year","19.75","13","No","stable"
"1024-KPRBB","One year","89.1","38","No","stable"
"4690-PKDQG","Month-to-month","95.55","42","No","medium risk"
"8155-IBNHG","Month-to-month","75.4","24","Yes","churned"
"0886-QGENL","Month-to-month","101.25","27","Yes","churned"
"9547-ITEFG","Month-to-month","102.6","9","No","high risk"
"1264-FUHCX","One year","56.3","49","No","stable"
"7789-CRUVC","Month-to-month","94.2","61","No","medium risk"
"6598-KELSS","One year","43.05","50","No","stable"
"8739-WWKDU","Month-to-month","89.5","25","Yes","churned"
"8685-WHQPW","Month-to-month","74.4","22","Yes","churned"
"4745-LSPLO","Month-to-month","20.5","1","Yes","churned"
"8083-YTZES","Month-to-month","74.35","4","Yes","churned"
"7240-FQLHE","Month-to-month","99.75","18","Yes","churned"
"6664-FPDAC","One year","111.95","56","Yes","churned"
"9972-VAFJJ","One year","94","53","No","stable"
"0422-UXFAP","One year","98.85","51","No","stable"
"1904-WAJAA","Two year","64.35","24","No","stable"
"5130-YPIRV","Two year","72","62","No","stable"
"2843-CQMEG","Month-to-month","49.7","24","No","medium risk"
"6439-PKTRR","Two year","80.7","70","No","stable"
"5351-QESIO","Month-to-month","24.2","1","No","medium risk"
"0786-VSSUD","Month-to-month","39","16","Yes","churned"
"5568-DMXZS","Month-to-month","65.45","8","No","medium risk"
"8468-FZTOE","Two year","74.35","72","No","stable"
"6633-SYEUS","Month-to-month","83.2","23","No","medium risk"
"6447-GORXK","Month-to-month","25","31","No","medium risk"
"6967-PEJLL","One year","40.2","37","No","stable"
"3976-BWUCK","Month-to-month","94.1","30","Yes","churned"
"5981-ZVXOT","One year","108.35","35","No","stable"
"1684-FLBGS","Month-to-month","69.5","23","No","medium risk"
"1389-WNUIB","One year","76","20","No","stable"
"0376-OIWME","Month-to-month","93.6","36","No","medium risk"
"3585-ISXZP","Month-to-month","95.65","8","Yes","churned"
"0218-QNVAS","One year","100.55","71","No","stable"
"6583-QGCSI","Month-to-month","88.05","50","Yes","churned"
"0804-YGEQV","One year","24.45","43","No","stable"
"7164-BPTUT","Two year","89.55","57","No","stable"
"4174-LPGTI","One year","66.5","41","Yes","churned"
"2523-EWWZL","Month-to-month","76.1","27","No","medium risk"
"0928-XUTSN","Month-to-month","80.5","13","No","medium risk"
"2108-XWMPY","Month-to-month","35.45","3","Yes","churned"
"0052-YNYOT","One year","20.55","67","No","stable"
"6304-IJFSQ","Month-to-month","49.9","3","Yes","churned"
"9586-JGQKH","Two year","105.4","64","No","stable"
"4501-VCPFK","Month-to-month","35.75","26","No","medium risk"
"6075-SLNIL","Month-to-month","95.1","38","No","medium risk"
"9347-AERRL","One year","19.3","23","No","stable"
"0093-XWZFY","Month-to-month","104.5","40","Yes","churned"
"2274-XUATA","Two year","63.1","72","No","stable"
"1980-KXVPM","Month-to-month","75.05","3","Yes","churned"
"7703-ZEKEF","Month-to-month","81","23","Yes","churned"
"0723-DRCLG","Month-to-month","74.45","1","Yes","churned"
"5482-NUPNA","Month-to-month","60.4","4","Yes","churned"
"6691-CCIHA","Two year","84.95","62","No","stable"
"1685-BQULA","Month-to-month","93.4","40","No","medium risk"
"9053-EJUNL","Month-to-month","89.2","41","No","medium risk"
"0666-UXTJO","Month-to-month","85.2","34","No","medium risk"
"1471-GIQKQ","Month-to-month","49.95","1","No","medium risk"
"4807-IZYOZ","Two year","20.65","51","No","stable"
"1122-JWTJW","Month-to-month","70.65","1","Yes","churned"
"9710-NJERN","Two year","20.15","39","No","stable"
"9837-FWLCH","Month-to-month","19.2","12","No","medium risk"
"1699-HPSBG","One year","59.8","12","Yes","churned"
"7203-OYKCT","One year","104.95","72","No","stable"
"1035-IPQPU","Month-to-month","103.5","63","No","medium risk"
"7398-LXGYX","Month-to-month","84.8","44","No","medium risk"
"2823-LKABH","Month-to-month","95.05","18","No","medium risk"
"8775-CEBBJ","Month-to-month","44.2","9","Yes","churned"
"0550-DCXLH","Month-to-month","73.35","13","No","medium risk"
"9281-CEDRU","Two year","64.1","68","No","stable"
"2235-DWLJU","Month-to-month","44.4","6","No","medium risk"
"0871-OPBXW","Month-to-month","20.05","2","No","medium risk"
"3605-JISKB","One year","60","55","No","stable"
"6894-LFHLY","Month-to-month","75.75","1","Yes","churned"
"9767-FFLEM","Month-to-month","69.5","38","No","medium risk"
"0639-TSIQW","Month-to-month","102.95","67","Yes","churned"
"8456-QDAVC","Month-to-month","78.7","19","No","medium risk"
"7750-EYXWZ","One year","60.65","12","No","stable"
"2569-WGERO","Two year","21.15","72","No","stable"
"6840-RESVB","One year","84.8","24","No","stable"
"2234-XADUH","One year","103.2","72","No","stable"
"4801-JZAZL","Month-to-month","29.6","11","No","medium risk"
"8361-LTMKD","Month-to-month","74.4","4","Yes","churned"
"3186-AJIEK","Two year","105.65","66","No","stable"
