"customerid","gender","Contract","tenure","MonthlyCharges","PaymentMethod","risk_level"
"7569-NMZYQ","Female","Two year","72","118.75","Bank transfer (automatic)","Low/Medium Risk"
"8984-HPEMB","Female","Two year","71","118.65","Electronic check","Low/Medium Risk"
"5734-EJKXG","Female","One year","61","118.6","Electronic check","Low/Medium Risk"
"5989-AXPUC","Female","Two year","68","118.6","Mailed check","Low/Medium Risk"
"9924-JPRMC","Male","Two year","72","118.2","Electronic check","Low/Medium Risk"
"3810-DVDQQ","Female","Two year","72","117.6","Bank transfer (automatic)","Low/Medium Risk"
"9739-JLPQJ","Female","Two year","72","117.5","Credit card (automatic)","Low/Medium Risk"
"6904-JLBGY","Female","Two year","72","117.35","Credit card (automatic)","Low/Medium Risk"
"4282-MSACW","Male","One year","68","117.2","Credit card (automatic)","Low/Medium Risk"
"6650-BWFRT","Female","Two year","72","117.15","Credit card (automatic)","Low/Medium Risk"
"9788-HNGUT","Male","Two year","72","116.95","Credit card (automatic)","Low/Medium Risk"
"1488-PBLJN","Female","Two year","72","116.85","Bank transfer (automatic)","Low/Medium Risk"
"0017-IUDMW","Female","Two year","72","116.8","Credit card (automatic)","Low/Medium Risk"
"8628-MFKAX","Female","Two year","72","116.75","Credit card (automatic)","Low/Medium Risk"
"3258-ZKPAI","Male","Two year","72","116.6","Bank transfer (automatic)","Low/Medium Risk"
"3680-CTHUH","Male","One year","60","116.6","Credit card (automatic)","Low/Medium Risk"
"3795-CAWEX","Male","Two year","70","116.55","Credit card (automatic)","Low/Medium Risk"
"8016-NCFVO","Male","Month-to-month","55","116.5","Electronic check","Low/Medium Risk"
"3963-RYFNS","Female","Two year","72","116.45","Bank transfer (automatic)","Low/Medium Risk"
"0675-NCDYU","Female","Two year","72","116.4","Credit card (automatic)","Low/Medium Risk"
"0186-CAERR","Male","One year","71","116.3","Bank transfer (automatic)","Low/Medium Risk"
"4374-YMUSQ","Male","One year","34","116.25","Credit card (automatic)","Low/Medium Risk"
"4868-AADLV","Male","One year","66","116.25","Electronic check","Low/Medium Risk"
"8879-XUAHX","Male","Two year","71","116.25","Electronic check","Low/Medium Risk"
"9695-IDRZR","Female","Two year","34","116.15","Credit card (automatic)","Low/Medium Risk"
"8975-SKGRX","Male","Two year","71","116.1","Bank transfer (automatic)","Low/Medium Risk"
"7923-IYJWY","Male","Two year","67","116.1","Credit card (automatic)","Low/Medium Risk"
"2223-GDSHL","Male","Two year","71","116.05","Bank transfer (automatic)","Low/Medium Risk"
"1480-BKXGA","Male","Two year","72","116.05","Bank transfer (automatic)","Low/Medium Risk"
"8261-GWDBQ","Female","Two year","60","116.05","Bank transfer (automatic)","Low/Medium Risk"
"0106-UGRDO","Female","Two year","69","116","Electronic check","Low/Medium Risk"
"1741-WTPON","Male","Two year","56","115.85","Mailed check","Low/Medium Risk"
"8513-OLYGY","Male","Two year","72","115.8","Credit card (automatic)","Low/Medium Risk"
"0052-DCKON","Male","One year","66","115.8","Bank transfer (automatic)","Low/Medium Risk"
"6007-TCTST","Female","Two year","72","115.8","Bank transfer (automatic)","Low/Medium Risk"
"5914-XRFQB","Male","Two year","72","115.8","Bank transfer (automatic)","Low/Medium Risk"
"5451-YHYPW","Female","Two year","72","115.75","Credit card (automatic)","Low/Medium Risk"
"8606-CIQUL","Male","Two year","72","115.75","Credit card (automatic)","Low/Medium Risk"
"9659-QEQSY","Female","Month-to-month","45","115.65","Electronic check","Low/Medium Risk"
"1352-HNSAW","Female","Two year","72","115.6","Bank transfer (automatic)","Low/Medium Risk"
"0442-ZXKVS","Female","One year","54","115.6","Bank transfer (automatic)","Low/Medium Risk"
"8480-PPONV","Male","Two year","62","115.55","Bank transfer (automatic)","Low/Medium Risk"
"2121-JAFOM","Female","Two year","72","115.55","Credit card (automatic)","Low/Medium Risk"
"8263-QMNTJ","Male","Two year","72","115.55","Electronic check","Low/Medium Risk"
"9298-WGMRW","Female","Two year","72","115.5","Bank transfer (automatic)","Low/Medium Risk"
"8015-IHCGW","Female","Two year","72","115.5","Electronic check","Low/Medium Risk"
"3882-IYOIJ","Female","Two year","60","115.25","Credit card (automatic)","Low/Medium Risk"
"3396-DKDEL","Female","Two year","70","115.15","Credit card (automatic)","Low/Medium Risk"
"2380-DAMQP","Female","Two year","72","115.15","Electronic check","Low/Medium Risk"
"3669-WHAFY","Female","Two year","71","115.15","Credit card (automatic)","Low/Medium Risk"
"0906-QVPMS","Male","Two year","72","115.15","Bank transfer (automatic)","Low/Medium Risk"
"3642-GKTCT","Female","One year","61","115.1","Mailed check","Low/Medium Risk"
"8869-LIHMK","Female","Two year","64","115.1","Bank transfer (automatic)","Low/Medium Risk"
"7017-VFHAY","Female","Two year","61","115.1","Credit card (automatic)","Low/Medium Risk"
"1557-EMYVT","Female","Two year","43","115.05","Credit card (automatic)","Low/Medium Risk"
"8894-JVDCV","Female","One year","62","115.05","Credit card (automatic)","Low/Medium Risk"
"8029-XYPWT","Male","Two year","71","115.05","Bank transfer (automatic)","Low/Medium Risk"
"8454-AATJP","Female","Two year","72","115.05","Credit card (automatic)","Low/Medium Risk"
"1229-RCALF","Female","One year","64","115","Electronic check","Low/Medium Risk"
"6919-ELBGL","Male","Two year","72","114.95","Bank transfer (automatic)","Low/Medium Risk"
"7176-WRTNX","Male","Two year","70","114.95","Bank transfer (automatic)","Low/Medium Risk"
"0164-APGRB","Female","Two year","72","114.9","Electronic check","Low/Medium Risk"
"4304-TSPVK","Female","Two year","68","114.9","Bank transfer (automatic)","Low/Medium Risk"
"2388-LAESQ","Female","Two year","72","114.85","Bank transfer (automatic)","Low/Medium Risk"
"4393-GEADV","Male","Two year","70","114.75","Credit card (automatic)","Low/Medium Risk"
"6445-TNRXS","Male","Two year","68","114.7","Bank transfer (automatic)","Low/Medium Risk"
"0206-TBWLC","Female","One year","54","114.65","Mailed check","Low/Medium Risk"
"1779-PWPMG","Female","Two year","72","114.65","Bank transfer (automatic)","Low/Medium Risk"
"0530-IJVDB","Male","Two year","70","114.6","Electronic check","Low/Medium Risk"
"5322-TEUJK","Female","Two year","71","114.6","Bank transfer (automatic)","Low/Medium Risk"
"8207-DMRVL","Male","Two year","72","114.55","Bank transfer (automatic)","Low/Medium Risk"
"5135-GRQJV","Male","Two year","72","114.5","Mailed check","Low/Medium Risk"
"7359-WWYJV","Male","Two year","72","114.45","Credit card (automatic)","Low/Medium Risk"
"2040-XBAVJ","Male","Two year","72","114.45","Bank transfer (automatic)","Low/Medium Risk"
"5375-XLDOF","Male","Two year","69","114.35","Bank transfer (automatic)","Low/Medium Risk"
"6655-LHBYW","Male","One year","50","114.35","Credit card (automatic)","Low/Medium Risk"
"0266-GMEAO","Male","Two year","72","114.3","Credit card (automatic)","Low/Medium Risk"
"7929-SKFGK","Male","Two year","70","114.3","Credit card (automatic)","Low/Medium Risk"
"9896-UYMIE","Male","One year","66","114.3","Bank transfer (automatic)","Low/Medium Risk"
"6710-HSJRD","Male","Month-to-month","61","114.1","Electronic check","Low/Medium Risk"
"9637-CDTKZ","Male","Two year","72","114.1","Credit card (automatic)","Low/Medium Risk"
"3892-NXAZG","Male","Two year","72","114.05","Credit card (automatic)","Low/Medium Risk"
"4376-KFVRS","Male","Two year","72","114.05","Credit card (automatic)","Low/Medium Risk"
"3726-TBHQT","Male","Two year","71","114","Bank transfer (automatic)","Low/Medium Risk"
"9127-FHJBZ","Male","Two year","72","114","Electronic check","Low/Medium Risk"
"8085-MSNLK","Female","Two year","62","113.95","Mailed check","Low/Medium Risk"
"3258-SYSWS","Male","Two year","72","113.8","Bank transfer (automatic)","Low/Medium Risk"
"7663-CUXZB","Male","Two year","59","113.75","Electronic check","Low/Medium Risk"
"9258-CNWAC","Female","Two year","71","113.65","Credit card (automatic)","Low/Medium Risk"
"9239-GZHZE","Female","Two year","72","113.65","Credit card (automatic)","Low/Medium Risk"
"5038-ETMLM","Female","Two year","72","113.65","Bank transfer (automatic)","Low/Medium Risk"
"4806-DXQCE","Female","Two year","70","113.65","Electronic check","Low/Medium Risk"
"2368-GAKKQ","Female","Two year","70","113.65","Bank transfer (automatic)","Low/Medium Risk"
"7740-BTPUX","Male","Two year","55","113.6","Electronic check","Low/Medium Risk"
"9746-MDMBK","Male","One year","47","113.45","Bank transfer (automatic)","Low/Medium Risk"
"8670-ERCJH","Male","Two year","72","113.4","Bank transfer (automatic)","Low/Medium Risk"
"0864-FVJNJ","Female","One year","64","113.35","Electronic check","Low/Medium Risk"
"1950-KSVVJ","Female","One year","45","113.3","Mailed check","Low/Medium Risk"
"3655-SNQYZ","Female","Two year","69","113.25","Credit card (automatic)","Low/Medium Risk"
"9786-IJYDL","Female","Two year","35","113.2","Mailed check","Low/Medium Risk"
"1043-UXOVO","Female","Two year","71","113.15","Credit card (automatic)","Low/Medium Risk"
"9475-NNDGC","Male","One year","71","113.15","Bank transfer (automatic)","Low/Medium Risk"
"6859-QNXIQ","Female","Two year","72","113.1","Bank transfer (automatic)","Low/Medium Risk"
"3870-SPZSI","Female","Two year","70","113.05","Credit card (automatic)","Low/Medium Risk"
"0907-HQNTS","Female","Two year","70","113","Credit card (automatic)","Low/Medium Risk"
"0771-WLCLA","Female","Month-to-month","16","112.95","Electronic check","Low/Medium Risk"
"9481-IEBZY","Male","Month-to-month","72","112.9","Credit card (automatic)","Low/Medium Risk"
"5183-KLYEM","Female","Two year","72","112.75","Credit card (automatic)","Low/Medium Risk"
"3520-FJGCV","Male","Two year","72","112.6","Credit card (automatic)","Low/Medium Risk"
"6993-YGFJV","Male","Two year","69","112.55","Bank transfer (automatic)","Low/Medium Risk"
"4829-ZLJTK","Female","Two year","72","112.4","Electronic check","Low/Medium Risk"
"8561-NMTBD","Female","One year","67","112.35","Credit card (automatic)","Low/Medium Risk"
"7255-SSFBC","Male","Two year","72","112.25","Bank transfer (automatic)","Low/Medium Risk"
"6480-YAGIY","Male","One year","45","112.2","Credit card (automatic)","Low/Medium Risk"
"0378-CJKPV","Female","Two year","72","112.1","Credit card (automatic)","Low/Medium Risk"
"2193-SFWQW","Male","Two year","72","111.95","Bank transfer (automatic)","Low/Medium Risk"
"7055-JCGNI","Female","Two year","70","111.95","Credit card (automatic)","Low/Medium Risk"
"0619-OLYUR","Male","Two year","72","111.9","Credit card (automatic)","Low/Medium Risk"
"8099-MZPUJ","Male","Two year","48","111.8","Credit card (automatic)","Low/Medium Risk"
"7409-JURKQ","Female","One year","53","111.8","Bank transfer (automatic)","Low/Medium Risk"
"2632-IVXVF","Female","Two year","68","111.75","Credit card (automatic)","Low/Medium Risk"
"2469-DTSGX","Female","Two year","72","111.65","Electronic check","Low/Medium Risk"
"5304-EFJLP","Male","Two year","72","111.65","Bank transfer (automatic)","Low/Medium Risk"
"1891-QRQSA","Male","Two year","64","111.6","Bank transfer (automatic)","Low/Medium Risk"
"8853-TZDGH","Female","Two year","72","111.6","Bank transfer (automatic)","Low/Medium Risk"
"3584-WKTTW","Male","One year","51","111.55","Electronic check","Low/Medium Risk"
"2587-EKXTS","Male","Month-to-month","44","111.5","Electronic check","Low/Medium Risk"
"7245-JMTTQ","Female","One year","51","111.5","Electronic check","Low/Medium Risk"
"1135-HIORI","Female","One year","64","111.45","Electronic check","Low/Medium Risk"
"7130-YXBRO","Male","Month-to-month","48","111.45","Bank transfer (automatic)","Low/Medium Risk"
"3292-PBZEJ","Male","Month-to-month","11","111.4","Electronic check","High Risk"
"6168-YBYNP","Male","Month-to-month","59","111.35","Electronic check","Low/Medium Risk"
"2773-OVBPK","Male","Two year","67","111.3","Bank transfer (automatic)","Low/Medium Risk"
"3508-CFVZL","Female","Two year","71","111.3","Mailed check","Low/Medium Risk"
"3199-NPKCN","Female","One year","67","111.25","Electronic check","Low/Medium Risk"
"0835-JKADZ","Female","Two year","71","111.25","Electronic check","Low/Medium Risk"
"3022-BEXHZ","Male","Two year","67","111.2","Bank transfer (automatic)","Low/Medium Risk"
"8071-SBTRN","Female","Two year","70","111.15","Mailed check","Low/Medium Risk"
"2067-QYTCF","Female","Month-to-month","64","111.15","Electronic check","Low/Medium Risk"
"5514-YQENT","Male","Two year","41","111.15","Electronic check","Low/Medium Risk"
"8591-TKMZH","Male","Two year","59","111.1","Mailed check","Low/Medium Risk"
"2323-ARSVR","Male","Two year","67","111.05","Electronic check","Low/Medium Risk"
"6067-NGCEU","Female","Month-to-month","65","111.05","Credit card (automatic)","Low/Medium Risk"
"7030-FZTFM","Male","Two year","72","110.9","Credit card (automatic)","Low/Medium Risk"
"9351-HXDMR","Male","Two year","72","110.9","Credit card (automatic)","Low/Medium Risk"
"6030-REHUX","Female","Month-to-month","28","110.85","Electronic check","Low/Medium Risk"
"4616-ULAOA","Female","Two year","65","110.8","Credit card (automatic)","Low/Medium Risk"
"9330-VOFSZ","Female","Two year","60","110.8","Credit card (automatic)","Low/Medium Risk"
"2499-AJYUA","Female","Two year","72","110.8","Credit card (automatic)","Low/Medium Risk"
"5795-KTGUD","Female","Two year","68","110.8","Bank transfer (automatic)","Low/Medium Risk"
"4118-CEVPF","Female","One year","35","110.8","Bank transfer (automatic)","Low/Medium Risk"
"2272-JKMSI","Female","One year","62","110.8","Electronic check","Low/Medium Risk"
"2272-WUSPA","Female","Two year","72","110.75","Electronic check","Low/Medium Risk"
"8920-NAVAY","Male","One year","62","110.75","Bank transfer (automatic)","Low/Medium Risk"
"1320-REHCS","Male","Month-to-month","52","110.75","Electronic check","Low/Medium Risk"
"9356-AXGMP","Male","One year","38","110.7","Electronic check","Low/Medium Risk"
"0409-WTMPL","Female","One year","58","110.65","Credit card (automatic)","Low/Medium Risk"
"8823-RLPWL","Female","Two year","72","110.65","Credit card (automatic)","Low/Medium Risk"
"1291-CUOCY","Male","Two year","72","110.6","Credit card (automatic)","Low/Medium Risk"
"6993-YCOBK","Male","Two year","60","110.6","Electronic check","Low/Medium Risk"
"4827-LTQRJ","Female","One year","66","110.6","Credit card (automatic)","Low/Medium Risk"
"4476-OSWTN","Male","One year","69","110.55","Mailed check","Low/Medium Risk"
"7519-JTWQH","Female","Two year","69","110.5","Bank transfer (automatic)","Low/Medium Risk"
"6297-NOOPG","Female","Two year","70","110.5","Electronic check","Low/Medium Risk"
"1258-YMZNM","Female","One year","27","110.5","Bank transfer (automatic)","Low/Medium Risk"
"9405-GPBBG","Female","Two year","64","110.5","Credit card (automatic)","Low/Medium Risk"
"2673-CXQEU","Female","One year","56","110.5","Electronic check","Low/Medium Risk"
"8008-ESFLK","Female","One year","53","110.5","Electronic check","Low/Medium Risk"
"8309-PPCED","Female","Two year","72","110.45","Bank transfer (automatic)","Low/Medium Risk"
"7602-MVRMB","Female","Two year","72","110.45","Bank transfer (automatic)","Low/Medium Risk"
"1409-PHXTF","Male","Two year","54","110.45","Electronic check","Low/Medium Risk"
"6647-ZEDXT","Female","One year","30","110.45","Credit card (automatic)","Low/Medium Risk"
"3729-OWRVL","Male","Two year","65","110.35","Electronic check","Low/Medium Risk"
"3580-HYCSP","Male","Two year","72","110.3","Bank transfer (automatic)","Low/Medium Risk"
"2789-CZANW","Female","Two year","64","110.3","Bank transfer (automatic)","Low/Medium Risk"
"1936-UAFEH","Female","Two year","68","110.25","Credit card (automatic)","Low/Medium Risk"
"4627-MIHJH","Female","Two year","69","110.25","Credit card (automatic)","Low/Medium Risk"
"7576-JMYWV","Female","Month-to-month","46","110.2","Electronic check","Low/Medium Risk"
"5153-LXKDT","Male","Two year","68","110.2","Electronic check","Low/Medium Risk"
"8707-HOEDG","Female","Two year","70","110.2","Electronic check","Low/Medium Risk"
"9070-BCKQP","Female","Two year","72","110.15","Credit card (automatic)","Low/Medium Risk"
"7566-DSRLQ","Female","Two year","72","110.15","Electronic check","Low/Medium Risk"
"4778-IZARL","Male","Two year","63","110.1","Credit card (automatic)","Low/Medium Risk"
"3244-CQPHU","Female","Two year","72","110.1","Bank transfer (automatic)","Low/Medium Risk"
"2931-SVLTV","Male","Month-to-month","40","110.1","Credit card (automatic)","Low/Medium Risk"
"2988-QRAJY","Male","Two year","69","110.05","Credit card (automatic)","Low/Medium Risk"
"5027-YOCXN","Male","One year","51","110.05","Credit card (automatic)","Low/Medium Risk"
"7868-TMWMZ","Female","Two year","60","110","Bank transfer (automatic)","Low/Medium Risk"
"6333-YDVLT","Male","One year","65","110","Credit card (automatic)","Low/Medium Risk"
"3174-RKMOW","Male","Month-to-month","35","109.95","Electronic check","Low/Medium Risk"
"1841-YSJGV","Male","Two year","72","109.95","Credit card (automatic)","Low/Medium Risk"
"0136-IFMYD","Male","Two year","69","109.95","Electronic check","Low/Medium Risk"
"0795-GMVQO","Male","One year","67","109.9","Credit card (automatic)","Low/Medium Risk"
"0177-PXBAT","Male","Month-to-month","33","109.9","Bank transfer (automatic)","Low/Medium Risk"
"0254-FNMCI","Female","Two year","72","109.9","Electronic check","Low/Medium Risk"
"1656-DRSMG","Female","Month-to-month","63","109.85","Credit card (automatic)","Low/Medium Risk"
"6689-VRRTK","Female","One year","44","109.8","Credit card (automatic)","Low/Medium Risk"
"6198-PNNSZ","Female","One year","56","109.8","Bank transfer (automatic)","Low/Medium Risk"
"1162-ECVII","Male","Two year","72","109.75","Bank transfer (automatic)","Low/Medium Risk"
"7446-KQISO","Male","Two year","45","109.75","Bank transfer (automatic)","Low/Medium Risk"
"9866-OCCKE","Female","Two year","72","109.75","Mailed check","Low/Medium Risk"
"4670-TABXH","Male","Two year","72","109.75","Credit card (automatic)","Low/Medium Risk"
"1360-XFJMR","Female","One year","67","109.7","Credit card (automatic)","Low/Medium Risk"
"0013-SMEOE","Female","Two year","71","109.7","Bank transfer (automatic)","Low/Medium Risk"
"9680-NIAUV","Female","Two year","72","109.7","Credit card (automatic)","Low/Medium Risk"
"4909-JOUPP","Male","Two year","72","109.7","Credit card (automatic)","Low/Medium Risk"
"0237-YFUTL","Female","Month-to-month","50","109.65","Bank transfer (automatic)","Low/Medium Risk"
"6295-OSINB","Male","Two year","72","109.65","Electronic check","Low/Medium Risk"
"1061-PNTHC","Female","Month-to-month","56","109.6","Mailed check","Low/Medium Risk"
"5945-AZYHT","Male","One year","71","109.6","Electronic check","Low/Medium Risk"
"3518-FSTWG","Male","Two year","72","109.55","Bank transfer (automatic)","Low/Medium Risk"
"2731-GJRDG","Female","One year","32","109.55","Bank transfer (automatic)","Low/Medium Risk"
"0536-ACXIP","Female","Two year","72","109.55","Electronic check","Low/Medium Risk"
"4176-FXYBO","Male","Month-to-month","54","109.55","Electronic check","Low/Medium Risk"
"9802-CAQUT","Female","Two year","72","109.55","Credit card (automatic)","Low/Medium Risk"
"3831-YCPUO","Female","Two year","72","109.5","Credit card (automatic)","Low/Medium Risk"
"2522-AHJXR","Male","Month-to-month","60","109.45","Bank transfer (automatic)","Low/Medium Risk"
"9052-VKDUW","Female","Month-to-month","65","109.4","Credit card (automatic)","Low/Medium Risk"
"0103-CSITQ","Female","One year","57","109.4","Bank transfer (automatic)","Low/Medium Risk"
"7537-CBQUZ","Male","Month-to-month","63","109.4","Bank transfer (automatic)","Low/Medium Risk"
"8849-PRIQJ","Female","One year","67","109.4","Electronic check","Low/Medium Risk"
"1163-VIPRI","Female","Two year","65","109.3","Electronic check","Low/Medium Risk"
"1428-IEDPR","Male","Two year","52","109.3","Electronic check","Low/Medium Risk"
"2599-CIPQE","Male","Two year","71","109.3","Credit card (automatic)","Low/Medium Risk"
"6308-CQRBU","Female","Two year","71","109.25","Electronic check","Low/Medium Risk"
"9488-FYQAU","Female","Two year","63","109.25","Bank transfer (automatic)","Low/Medium Risk"
"3617-XLSGQ","Female","Two year","66","109.25","Bank transfer (automatic)","Low/Medium Risk"
"5574-NXZIU","Male","Two year","63","109.2","Credit card (automatic)","Low/Medium Risk"
"6614-FHDBO","Male","Two year","72","109.2","Bank transfer (automatic)","Low/Medium Risk"
"8901-UPRHR","Female","Two year","72","109.2","Bank transfer (automatic)","Low/Medium Risk"
"0961-ZWLVI","Male","One year","49","109.2","Credit card (automatic)","Low/Medium Risk"
"3612-YUNGG","Male","Two year","64","109.2","Credit card (automatic)","Low/Medium Risk"
"5140-FOMCQ","Female","One year","59","109.15","Credit card (automatic)","Low/Medium Risk"
"2266-SJNAT","Female","One year","72","109.15","Credit card (automatic)","Low/Medium Risk"
"9278-VZKCD","Female","Month-to-month","52","109.1","Electronic check","Low/Medium Risk"
"8819-ZBYNA","Female","Two year","58","109.1","Credit card (automatic)","Low/Medium Risk"
"4567-AKPIA","Female","One year","41","109.1","Bank transfer (automatic)","Low/Medium Risk"
"3766-EJLFL","Female","Two year","68","109.05","Bank transfer (automatic)","Low/Medium Risk"
"2307-FYNNL","Male","Two year","65","109.05","Electronic check","Low/Medium Risk"
"3407-JMJQQ","Female","Two year","71","109","Bank transfer (automatic)","Low/Medium Risk"
"8495-LJDFO","Female","Month-to-month","64","108.95","Bank transfer (automatic)","Low/Medium Risk"
"5172-RKOCB","Male","Two year","72","108.95","Credit card (automatic)","Low/Medium Risk"
"4350-ZTLPI","Female","One year","53","108.95","Bank transfer (automatic)","Low/Medium Risk"
"6733-LRIZX","Male","Two year","35","108.95","Electronic check","Low/Medium Risk"
"9971-ZWPBF","Male","Month-to-month","34","108.9","Electronic check","Low/Medium Risk"
"0345-XMMUG","Female","Two year","46","108.9","Credit card (automatic)","Low/Medium Risk"
"4016-BJKTZ","Female","Two year","25","108.9","Electronic check","Low/Medium Risk"
"3761-FLYZI","Female","Month-to-month","65","108.8","Bank transfer (automatic)","Low/Medium Risk"
"2144-BFDSO","Female","Month-to-month","50","108.75","Bank transfer (automatic)","Low/Medium Risk"
"2027-WKXMW","Female","Month-to-month","63","108.75","Electronic check","Low/Medium Risk"
"8213-TAZPM","Female","One year","69","108.75","Bank transfer (automatic)","Low/Medium Risk"
"2001-MCUUW","Male","Two year","46","108.65","Electronic check","Low/Medium Risk"
"1053-MXTTK","Female","Two year","72","108.65","Bank transfer (automatic)","Low/Medium Risk"
"2798-NYLMZ","Male","Two year","71","108.55","Credit card (automatic)","Low/Medium Risk"
"5966-EMAZU","Male","One year","64","108.5","Mailed check","Low/Medium Risk"
"5168-MQQCA","Female","One year","72","108.5","Bank transfer (automatic)","Low/Medium Risk"
"8041-TMEID","Male","Two year","63","108.5","Credit card (automatic)","Low/Medium Risk"
"5067-XJQFU","Male","One year","66","108.45","Electronic check","Low/Medium Risk"
"1216-BGTSP","Male","Month-to-month","45","108.45","Credit card (automatic)","Low/Medium Risk"
"1320-GVNHT","Male","Two year","72","108.4","Credit card (automatic)","Low/Medium Risk"
"2419-FSORS","Male","Two year","72","108.4","Electronic check","Low/Medium Risk"
"5981-ZVXOT","Female","One year","35","108.35","Electronic check","Low/Medium Risk"
"6519-ZHPXP","Female","Two year","72","108.3","Bank transfer (automatic)","Low/Medium Risk"
"6362-QHAFM","Male","One year","42","108.3","Electronic check","Low/Medium Risk"
"1110-KYLGQ","Female","Month-to-month","63","108.25","Credit card (automatic)","Low/Medium Risk"
"1074-AMIOH","Female","Month-to-month","53","108.25","Bank transfer (automatic)","Low/Medium Risk"
"7550-WIQVA","Male","One year","50","108.25","Electronic check","Low/Medium Risk"
"9031-ZVQPT","Male","Two year","72","108.2","Electronic check","Low/Medium Risk"
"4329-YPDDQ","Male","Month-to-month","20","108.2","Bank transfer (automatic)","Low/Medium Risk"
"1679-JRFBR","Female","One year","70","108.15","Credit card (automatic)","Low/Medium Risk"
"0181-RITDD","Male","Two year","62","108.15","Mailed check","Low/Medium Risk"
"7134-HBPBS","Female","Two year","72","108.1","Bank transfer (automatic)","Low/Medium Risk"
"6583-SZVGP","Male","Two year","48","108.1","Bank transfer (automatic)","Low/Medium Risk"
"6723-WSNTY","Female","One year","66","108.1","Credit card (automatic)","Low/Medium Risk"
"3657-COGMW","Female","Month-to-month","52","108.1","Credit card (automatic)","Low/Medium Risk"
"0786-IVLAW","Female","One year","66","108.1","Bank transfer (automatic)","Low/Medium Risk"
"9861-PDSZP","Female","Two year","72","108.05","Credit card (automatic)","Low/Medium Risk"
"2692-AQCPF","Female","One year","65","108.05","Credit card (automatic)","Low/Medium Risk"
"2651-ZCBXV","Male","Two year","54","108","Credit card (automatic)","Low/Medium Risk"
"2081-VEYEH","Male","Month-to-month","3","107.95","Electronic check","High Risk"
"5760-IFJOZ","Male","Month-to-month","3","107.95","Mailed check","High Risk"
"1400-WIVLL","Male","Two year","57","107.95","Electronic check","Low/Medium Risk"
"9844-FELAJ","Female","One year","70","107.9","Electronic check","Low/Medium Risk"
"1833-TCXKK","Male","Month-to-month","45","107.75","Bank transfer (automatic)","Low/Medium Risk"
"2000-MPKCA","Female","One year","58","107.75","Electronic check","Low/Medium Risk"
"1698-XFZCI","Male","One year","61","107.75","Electronic check","Low/Medium Risk"
"7821-DPRQE","Male","Month-to-month","68","107.7","Electronic check","Low/Medium Risk"
"8915-NNTRC","Male","Two year","72","107.7","Credit card (automatic)","Low/Medium Risk"
"3096-YXENJ","Female","Two year","65","107.65","Bank transfer (automatic)","Low/Medium Risk"
"4683-WYDOU","Male","Two year","62","107.6","Bank transfer (automatic)","Low/Medium Risk"
"0114-PEGZZ","Female","Month-to-month","33","107.55","Electronic check","Low/Medium Risk"
"5954-BDFSG","Female","Two year","72","107.5","Credit card (automatic)","Low/Medium Risk"
"2615-YVMYX","Male","Month-to-month","71","107.5","Electronic check","Low/Medium Risk"
"8800-ZKRFW","Female","Month-to-month","30","107.5","Electronic check","Low/Medium Risk"
"4056-QHXHZ","Female","Two year","72","107.45","Mailed check","Low/Medium Risk"
"5336-UFNZP","Female","One year","65","107.45","Electronic check","Low/Medium Risk"
"8265-HKSOW","Female","Two year","72","107.45","Credit card (automatic)","Low/Medium Risk"
"9036-CSKBW","Female","One year","51","107.45","Bank transfer (automatic)","Low/Medium Risk"
"8024-XNAFQ","Female","Two year","72","107.4","Bank transfer (automatic)","Low/Medium Risk"
"9659-ZTWSM","Male","One year","66","107.35","Bank transfer (automatic)","Low/Medium Risk"
"6815-ABQFQ","Male","One year","56","107.25","Electronic check","Low/Medium Risk"
"8565-HBFNN","Male","One year","69","107.2","Credit card (automatic)","Low/Medium Risk"
"1297-VQDRP","Male","One year","68","107.15","Credit card (automatic)","Low/Medium Risk"
"4716-HHKQH","Male","Month-to-month","20","107.05","Electronic check","Low/Medium Risk"
"5481-NTDOH","Female","One year","67","107.05","Credit card (automatic)","Low/Medium Risk"
"3758-CKOQL","Female","One year","59","107","Credit card (automatic)","Low/Medium Risk"
"9137-UIYPG","Female","Month-to-month","35","106.9","Electronic check","Low/Medium Risk"
"3786-WOVKF","Female","One year","72","106.85","Bank transfer (automatic)","Low/Medium Risk"
"4119-ZYPZY","Male","Two year","71","106.8","Electronic check","Low/Medium Risk"
"1784-EZDKJ","Male","One year","51","106.8","Bank transfer (automatic)","Low/Medium Risk"
"8152-UOBNY","Female","One year","50","106.8","Electronic check","Low/Medium Risk"
"5035-PGZXH","Female","One year","56","106.8","Electronic check","Low/Medium Risk"
"9558-IHEZX","Female","Two year","71","106.75","Credit card (automatic)","Low/Medium Risk"
"9959-WOFKT","Male","Two year","71","106.7","Bank transfer (automatic)","Low/Medium Risk"
"5055-BRMNE","Female","Two year","67","106.7","Credit card (automatic)","Low/Medium Risk"
"1169-SAOCL","Male","One year","49","106.65","Bank transfer (automatic)","Low/Medium Risk"
"5855-EIBDE","Female","Two year","49","106.65","Credit card (automatic)","Low/Medium Risk"
"6591-QGOYB","Male","Month-to-month","17","106.65","Bank transfer (automatic)","Low/Medium Risk"
"4010-YLMVT","Female","Month-to-month","56","106.6","Credit card (automatic)","Low/Medium Risk"
"6465-GSRCL","Female","One year","67","106.6","Bank transfer (automatic)","Low/Medium Risk"
"6050-IJRHS","Female","One year","70","106.5","Electronic check","Low/Medium Risk"
"3692-JHONH","Female","One year","52","106.5","Electronic check","Low/Medium Risk"
"9822-WMWVG","Female","Month-to-month","41","106.5","Electronic check","Low/Medium Risk"
"8535-SFUTN","Male","Month-to-month","61","106.45","Electronic check","Low/Medium Risk"
"7718-UPSKJ","Female","One year","69","106.4","Credit card (automatic)","Low/Medium Risk"
"7048-GXDAY","Male","Month-to-month","39","106.4","Electronic check","Low/Medium Risk"
"1552-AAGRX","Female","Month-to-month","30","106.4","Bank transfer (automatic)","Low/Medium Risk"
"4220-TINQT","Female","Month-to-month","61","106.35","Electronic check","Low/Medium Risk"
"5161-UBZXI","Male","Two year","69","106.35","Credit card (automatic)","Low/Medium Risk"
"5630-IXDXV","Female","Month-to-month","47","106.35","Electronic check","Low/Medium Risk"
"3374-TTZTK","Male","Two year","52","106.3","Electronic check","Low/Medium Risk"
"8107-RZLNV","Male","Two year","72","106.3","Bank transfer (automatic)","Low/Medium Risk"
"1548-FEHVL","Male","Month-to-month","61","106.2","Electronic check","Low/Medium Risk"
"6377-WHAOX","Female","Month-to-month","60","106.15","Electronic check","Low/Medium Risk"
"6994-FGRHH","Male","One year","70","106.15","Electronic check","Low/Medium Risk"
"9912-OMZDS","Female","One year","59","106.15","Electronic check","Low/Medium Risk"
"1452-UZOSF","Male","Two year","72","106.1","Credit card (automatic)","Low/Medium Risk"
"5668-MEISB","Female","Two year","72","106.1","Credit card (automatic)","Low/Medium Risk"
"3865-YIOTT","Male","One year","72","106.1","Bank transfer (automatic)","Low/Medium Risk"
"1017-FBQMM","Female","One year","62","106.05","Credit card (automatic)","Low/Medium Risk"
"5804-HYIEZ","Male","Month-to-month","70","106.05","Electronic check","Low/Medium Risk"
"1621-YNCJH","Female","Two year","36","106.05","Credit card (automatic)","Low/Medium Risk"
"4393-RYCRE","Male","One year","44","106.05","Electronic check","Low/Medium Risk"
"5056-FIMPT","Female","One year","43","106","Credit card (automatic)","Low/Medium Risk"
"8564-LDKFL","Male","One year","40","106","Bank transfer (automatic)","Low/Medium Risk"
"0691-NIKRI","Female","One year","40","105.95","Credit card (automatic)","Low/Medium Risk"
"2172-EJXVF","Female","One year","71","105.9","Electronic check","Low/Medium Risk"
"5647-FXOTP","Female","Month-to-month","60","105.9","Electronic check","Low/Medium Risk"
"8777-MBMTS","Female","Two year","65","105.85","Credit card (automatic)","Low/Medium Risk"
"4525-VZCZG","Male","One year","54","105.85","Electronic check","Low/Medium Risk"
"1104-TNLZA","Male","Month-to-month","28","105.8","Electronic check","Low/Medium Risk"
"8999-XXGNS","Female","One year","72","105.75","Credit card (automatic)","Low/Medium Risk"
"3858-XHYJO","Female","One year","40","105.75","Bank transfer (automatic)","Low/Medium Risk"
"0308-GIQJT","Male","One year","71","105.75","Bank transfer (automatic)","Low/Medium Risk"
"2056-EVGZL","Male","One year","68","105.75","Credit card (automatic)","Low/Medium Risk"
"5569-IDSEY","Male","One year","71","105.7","Bank transfer (automatic)","Low/Medium Risk"
"4753-PADAS","Female","One year","67","105.7","Bank transfer (automatic)","Low/Medium Risk"
"1421-HCERK","Male","Month-to-month","30","105.7","Bank transfer (automatic)","Low/Medium Risk"
"0266-CLZKZ","Female","Two year","67","105.65","Bank transfer (automatic)","Low/Medium Risk"
"3186-AJIEK","Male","Two year","66","105.65","Bank transfer (automatic)","Low/Medium Risk"
"5285-MVEHD","Female","One year","56","105.6","Credit card (automatic)","Low/Medium Risk"
"0853-TWRVK","Male","Two year","72","105.6","Bank transfer (automatic)","Low/Medium Risk"
"5897-ZYEKH","Female","One year","67","105.6","Electronic check","Low/Medium Risk"
"3363-DTIVD","Male","Two year","71","105.55","Electronic check","Low/Medium Risk"
"4323-OHFOW","Female","One year","70","105.55","Bank transfer (automatic)","Low/Medium Risk"
"0401-WDBXM","Male","Two year","72","105.55","Bank transfer (automatic)","Low/Medium Risk"
"0678-RLHVP","Female","Two year","53","105.55","Electronic check","Low/Medium Risk"
"4389-UEFCZ","Female","Two year","72","105.5","Electronic check","Low/Medium Risk"
"1090-ESELR","Male","Two year","72","105.5","Bank transfer (automatic)","Low/Medium Risk"
"5339-TJFEK","Male","Month-to-month","62","105.5","Electronic check","Low/Medium Risk"
"5129-JLPIS","Male","Month-to-month","25","105.5","Electronic check","Low/Medium Risk"
"0479-HMSWA","Female","Two year","26","105.45","Electronic check","Low/Medium Risk"
"8677-HDZEE","Female","Month-to-month","56","105.45","Bank transfer (automatic)","Low/Medium Risk"
"5174-ITUMV","Male","One year","67","105.4","Electronic check","Low/Medium Risk"
"9586-JGQKH","Female","Two year","64","105.4","Bank transfer (automatic)","Low/Medium Risk"
"1060-ENTOF","Female","One year","67","105.4","Credit card (automatic)","Low/Medium Risk"
"4191-XOVOM","Male","Month-to-month","63","105.4","Electronic check","Low/Medium Risk"
"6048-UWKAL","Female","Two year","69","105.4","Credit card (automatic)","Low/Medium Risk"
"2133-TSRRM","Female","Month-to-month","34","105.35","Bank transfer (automatic)","Low/Medium Risk"
"1576-PFZIW","Male","Two year","70","105.35","Credit card (automatic)","Low/Medium Risk"
"0899-WZRSD","Male","Month-to-month","56","105.35","Mailed check","Low/Medium Risk"
"2697-NQBPF","Male","Month-to-month","34","105.35","Electronic check","Low/Medium Risk"
"6050-FFXES","Female","Two year","69","105.35","Bank transfer (automatic)","Low/Medium Risk"
"5947-SGKCL","Female","Month-to-month","15","105.35","Bank transfer (automatic)","Low/Medium Risk"
"8059-UDZFY","Female","Month-to-month","33","105.35","Bank transfer (automatic)","Low/Medium Risk"
"7145-FEJWU","Female","Month-to-month","12","105.3","Electronic check","Low/Medium Risk"
"6734-GMPVK","Male","Month-to-month","5","105.3","Electronic check","High Risk"
"4043-MKDTV","Male","Two year","71","105.25","Electronic check","Low/Medium Risk"
"5965-GGPRW","Male","Two year","72","105.25","Bank transfer (automatic)","Low/Medium Risk"
"4378-MYPGO","Male","Two year","68","105.25","Bank transfer (automatic)","Low/Medium Risk"
"6891-JPYFF","Female","Month-to-month","48","105.25","Credit card (automatic)","Low/Medium Risk"
"8984-EYLLL","Male","Two year","64","105.25","Electronic check","Low/Medium Risk"
"3567-PQTSO","Male","One year","53","105.25","Electronic check","Low/Medium Risk"
"7722-CVFXN","Male","One year","54","105.2","Electronic check","Low/Medium Risk"
"5440-VHLUL","Male","One year","69","105.2","Bank transfer (automatic)","Low/Medium Risk"
"1448-CYWKC","Female","One year","58","105.2","Credit card (automatic)","Low/Medium Risk"
"7789-HKSBS","Female","One year","42","105.2","Bank transfer (automatic)","Low/Medium Risk"
"1469-LBJQJ","Female","Month-to-month","66","105.2","Electronic check","Low/Medium Risk"
"9408-HRXRK","Female","Month-to-month","45","105.15","Electronic check","Low/Medium Risk"
"5360-LJCNJ","Female","Two year","71","105.15","Bank transfer (automatic)","Low/Medium Risk"
"3197-NNYNB","Male","Two year","65","105.1","Credit card (automatic)","Low/Medium Risk"
"5118-MUEYH","Female","Month-to-month","48","105.1","Credit card (automatic)","Low/Medium Risk"
"1090-PYKCI","Female","One year","69","105.1","Credit card (automatic)","Low/Medium Risk"
"2874-YXVVA","Female","Month-to-month","34","105.1","Electronic check","Low/Medium Risk"
"2806-MLNTI","Male","One year","52","105.1","Bank transfer (automatic)","Low/Medium Risk"
"7544-ZVIKX","Male","One year","58","105.05","Bank transfer (automatic)","Low/Medium Risk"
"2560-PPCHE","Female","One year","65","105.05","Bank transfer (automatic)","Low/Medium Risk"
"6734-FQAJX","Male","Two year","67","105.05","Electronic check","Low/Medium Risk"
"7516-GMHUV","Male","Two year","50","105.05","Credit card (automatic)","Low/Medium Risk"
"5055-MGMGF","Female","Month-to-month","65","105.05","Electronic check","Low/Medium Risk"
"6837-HAEVO","Male","Two year","69","105","Electronic check","Low/Medium Risk"
"0392-BZIUW","Female","Two year","72","105","Credit card (automatic)","Low/Medium Risk"
"5985-BEHZK","Female","One year","72","105","Credit card (automatic)","Low/Medium Risk"
"3197-ARFOY","Female","Month-to-month","19","105","Mailed check","Low/Medium Risk"
"2786-GCDPI","Female","Month-to-month","50","104.95","Electronic check","Low/Medium Risk"
"7203-OYKCT","Male","One year","72","104.95","Electronic check","Low/Medium Risk"
"3170-GWYKC","Female","Month-to-month","60","104.95","Bank transfer (automatic)","Low/Medium Risk"
"4815-YOSUK","Male","One year","72","104.9","Credit card (automatic)","Low/Medium Risk"
"5553-AOINX","Female","One year","66","104.9","Electronic check","Low/Medium Risk"
"2883-ILGWO","Male","Month-to-month","57","104.9","Bank transfer (automatic)","Low/Medium Risk"
"2984-TBYKU","Male","Two year","72","104.9","Credit card (automatic)","Low/Medium Risk"
"2664-XJZNO","Male","Two year","72","104.9","Credit card (automatic)","Low/Medium Risk"
"0471-ARVMX","Female","One year","62","104.85","Electronic check","Low/Medium Risk"
"6807-SIWJI","Male","One year","38","104.85","Electronic check","Low/Medium Risk"
"3552-CTCYF","Male","Two year","63","104.8","Bank transfer (automatic)","Low/Medium Risk"
"4480-MBMLB","Female","One year","36","104.8","Bank transfer (automatic)","Low/Medium Risk"
"5286-YHCVC","Male","Two year","72","104.8","Bank transfer (automatic)","Low/Medium Risk"
"0100-DUVFC","Male","One year","70","104.8","Electronic check","Low/Medium Risk"
"4840-ORQXB","Female","Month-to-month","56","104.75","Electronic check","Low/Medium Risk"
"5193-QLVZB","Male","Two year","63","104.75","Bank transfer (automatic)","Low/Medium Risk"
"2001-EWBQU","Female","Two year","60","104.7","Electronic check","Low/Medium Risk"
"5074-FBGHB","Male","One year","64","104.65","Credit card (automatic)","Low/Medium Risk"
"3324-OIRTO","Male","One year","71","104.65","Bank transfer (automatic)","Low/Medium Risk"
"8329-UTMVM","Male","One year","27","104.65","Bank transfer (automatic)","Low/Medium Risk"
"8466-PZBLH","Male","Two year","67","104.6","Bank transfer (automatic)","Low/Medium Risk"
"6797-UCJHZ","Female","One year","66","104.6","Credit card (automatic)","Low/Medium Risk"
"9927-DSWDF","Male","Month-to-month","22","104.6","Electronic check","Low/Medium Risk"
"6408-OTUBZ","Female","One year","66","104.55","Bank transfer (automatic)","Low/Medium Risk"
"5149-TGWDZ","Female","One year","21","104.55","Mailed check","Low/Medium Risk"
"5370-IIVVL","Male","One year","37","104.5","Credit card (automatic)","Low/Medium Risk"
"0565-JUPYD","Male","One year","63","104.5","Credit card (automatic)","Low/Medium Risk"
"8123-QBNAZ","Female","Month-to-month","36","104.5","Credit card (automatic)","Low/Medium Risk"
"8552-OBVRU","Female","Month-to-month","48","104.5","Electronic check","Low/Medium Risk"
"5732-IKGQH","Male","One year","52","104.45","Bank transfer (automatic)","Low/Medium Risk"
"8952-WCVCD","Female","One year","41","104.45","Bank transfer (automatic)","Low/Medium Risk"
"8818-DOPVL","Female","Month-to-month","46","104.45","Electronic check","Low/Medium Risk"
"3597-YASZG","Female","Two year","70","104.45","Bank transfer (automatic)","Low/Medium Risk"
"5376-PCKNB","Male","One year","72","104.45","Credit card (automatic)","Low/Medium Risk"
"5995-SNNEW","Male","Month-to-month","23","104.45","Electronic check","Low/Medium Risk"
"6603-QWSPR","Female","Two year","46","104.4","Bank transfer (automatic)","Low/Medium Risk"
"2324-EFHVG","Male","Two year","64","104.4","Bank transfer (automatic)","Low/Medium Risk"
"2080-CAZNM","Female","Month-to-month","41","104.4","Electronic check","Low/Medium Risk"
"5802-ADBRC","Female","One year","50","104.4","Mailed check","Low/Medium Risk"
"7940-UQQUG","Female","One year","64","104.4","Bank transfer (automatic)","Low/Medium Risk"
"1550-EENBN","Female","Month-to-month","31","104.35","Electronic check","Low/Medium Risk"
"5956-YHHRX","Male","Month-to-month","21","104.35","Electronic check","Low/Medium Risk"
"2378-VTKDH","Male","Month-to-month","65","104.35","Electronic check","Low/Medium Risk"
"2519-LBNQL","Male","One year","60","104.35","Electronic check","Low/Medium Risk"
"9154-QDGTH","Male","One year","43","104.3","Credit card (automatic)","Low/Medium Risk"
"7208-PSIHR","Female","Two year","70","104.3","Bank transfer (automatic)","Low/Medium Risk"
"6341-AEVKX","Female","One year","62","104.3","Electronic check","Low/Medium Risk"
"6616-AALSR","Female","Two year","65","104.3","Credit card (automatic)","Low/Medium Risk"
"9821-BESNZ","Male","One year","66","104.25","Electronic check","Low/Medium Risk"
"2360-RDGRO","Male","Month-to-month","65","104.25","Electronic check","Low/Medium Risk"
"5716-LIBJC","Female","One year","13","104.15","Credit card (automatic)","Low/Medium Risk"
"8313-NDOIA","Female","Month-to-month","24","104.15","Electronic check","Low/Medium Risk"
"9168-INPSZ","Female","Month-to-month","44","104.15","Electronic check","Low/Medium Risk"
"6257-DTAYD","Male","Two year","71","104.15","Credit card (automatic)","Low/Medium Risk"
"6728-DKUCO","Female","One year","72","104.15","Electronic check","Low/Medium Risk"
"5678-VFNEQ","Female","One year","71","104.1","Credit card (automatic)","Low/Medium Risk"
"6374-NTQLP","Male","Two year","72","104.1","Credit card (automatic)","Low/Medium Risk"
"3384-CTMSF","Male","Month-to-month","47","104.1","Electronic check","Low/Medium Risk"
"6353-BRMMA","Female","Month-to-month","54","104.1","Bank transfer (automatic)","Low/Medium Risk"
"2107-FBPTK","Female","Month-to-month","30","104.1","Electronic check","Low/Medium Risk"
"0960-HUWBM","Male","Two year","65","104.1","Bank transfer (automatic)","Low/Medium Risk"
"2325-WINES","Female","One year","32","104.05","Credit card (automatic)","Low/Medium Risk"
"2927-CVULT","Female","Two year","53","104.05","Bank transfer (automatic)","Low/Medium Risk"
"8089-UZWLX","Female","Two year","71","104.05","Bank transfer (automatic)","Low/Medium Risk"
"0868-VJRDR","Male","Two year","64","104.05","Credit card (automatic)","Low/Medium Risk"
"7572-KPVKK","Male","Two year","62","104.05","Electronic check","Low/Medium Risk"
"4129-LYCOI","Female","Two year","67","104","Electronic check","Low/Medium Risk"
"2252-JHJGE","Male","One year","61","104","Electronic check","Low/Medium Risk"
"7036-TYDEC","Female","Two year","69","104","Electronic check","Low/Medium Risk"
"3001-UNBTL","Male","Month-to-month","29","103.95","Electronic check","Low/Medium Risk"
"9958-MEKUC","Male","Two year","72","103.95","Credit card (automatic)","Low/Medium Risk"
"8033-VCZGH","Male","One year","50","103.95","Electronic check","Low/Medium Risk"
"7663-YJHSN","Female","Two year","72","103.95","Bank transfer (automatic)","Low/Medium Risk"
"4488-KQFDT","Female","One year","61","103.95","Electronic check","Low/Medium Risk"
"2830-LEWOA","Male","One year","61","103.9","Credit card (automatic)","Low/Medium Risk"
"8433-WPJTV","Female","One year","65","103.9","Bank transfer (automatic)","Low/Medium Risk"
"2038-LLMLM","Female","Month-to-month","48","103.85","Electronic check","Low/Medium Risk"
"7181-OQCUT","Male","Month-to-month","21","103.85","Mailed check","Low/Medium Risk"
"4097-YODCF","Male","One year","34","103.8","Electronic check","Low/Medium Risk"
"9919-YLNNG","Female","Month-to-month","42","103.8","Bank transfer (automatic)","Low/Medium Risk"
"4822-LPTYJ","Male","Two year","72","103.75","Bank transfer (automatic)","Low/Medium Risk"
"3413-DHLPB","Male","Month-to-month","60","103.75","Bank transfer (automatic)","Low/Medium Risk"
"7251-LJBQN","Female","One year","40","103.75","Credit card (automatic)","Low/Medium Risk"
"0862-PRCBS","Female","Two year","68","103.75","Credit card (automatic)","Low/Medium Risk"
"0036-IHMOT","Female","One year","55","103.7","Bank transfer (automatic)","Low/Medium Risk"
"2750-BJLSB","Female","One year","47","103.7","Electronic check","Low/Medium Risk"
"3005-TYFRD","Female","Month-to-month","55","103.65","Credit card (automatic)","Low/Medium Risk"
"3932-IJWDZ","Male","Month-to-month","45","103.65","Bank transfer (automatic)","Low/Medium Risk"
"2832-KJCRD","Female","Month-to-month","38","103.65","Electronic check","Low/Medium Risk"
"6749-UTDVX","Male","Two year","72","103.65","Electronic check","Low/Medium Risk"
"9129-UXERG","Female","Month-to-month","18","103.6","Credit card (automatic)","Low/Medium Risk"
"1035-IPQPU","Female","Month-to-month","63","103.5","Electronic check","Low/Medium Risk"
"7426-GSWPO","Male","Month-to-month","64","103.5","Bank transfer (automatic)","Low/Medium Risk"
"4298-OYIFC","Male","Month-to-month","15","103.45","Electronic check","Low/Medium Risk"
"4816-OKWNX","Male","One year","50","103.4","Bank transfer (automatic)","Low/Medium Risk"
"8715-KKTFG","Female","One year","61","103.3","Bank transfer (automatic)","Low/Medium Risk"
"9625-QNLUX","Male","Two year","68","103.25","Credit card (automatic)","Low/Medium Risk"
"2234-XADUH","Female","One year","72","103.2","Credit card (automatic)","Low/Medium Risk"
"2530-FMFXO","Male","Two year","56","103.2","Electronic check","Low/Medium Risk"
"6766-HFKLA","Female","Two year","56","103.2","Bank transfer (automatic)","Low/Medium Risk"
"4832-VRBMR","Male","One year","65","103.15","Bank transfer (automatic)","Low/Medium Risk"
"5696-CEIQJ","Male","Two year","67","103.15","Bank transfer (automatic)","Low/Medium Risk"
"7047-FWEYA","Female","One year","46","103.15","Electronic check","Low/Medium Risk"
"1442-OKRJE","Male","One year","66","103.15","Bank transfer (automatic)","Low/Medium Risk"
"3086-RUCRN","Female","Month-to-month","66","103.1","Bank transfer (automatic)","Low/Medium Risk"
"2018-PZKMU","Male","Month-to-month","9","103.1","Electronic check","High Risk"
"7975-TZMLR","Male","One year","47","103.1","Electronic check","Low/Medium Risk"
"4062-HBMOS","Male","Month-to-month","52","103.05","Electronic check","Low/Medium Risk"
"4188-FRABG","Male","Month-to-month","57","103.05","Electronic check","Low/Medium Risk"
"2931-XIQBR","Female","One year","50","103.05","Mailed check","Low/Medium Risk"
"8133-ANHHJ","Female","One year","49","103","Bank transfer (automatic)","Low/Medium Risk"
"4199-QHJNM","Male","Two year","67","102.9","Bank transfer (automatic)","Low/Medium Risk"
"7134-MJPDY","Female","One year","66","102.85","Credit card (automatic)","Low/Medium Risk"
"4983-CLMLV","Female","Month-to-month","52","102.7","Credit card (automatic)","Low/Medium Risk"
"2878-RMWXY","Male","Two year","72","102.65","Credit card (automatic)","Low/Medium Risk"
"3352-ALMCK","Male","Month-to-month","40","102.65","Mailed check","Low/Medium Risk"
"2019-HDCZY","Male","Two year","63","102.6","Electronic check","Low/Medium Risk"
"2439-LYPMQ","Male","Month-to-month","38","102.6","Electronic check","Low/Medium Risk"
"9547-ITEFG","Male","Month-to-month","9","102.6","Credit card (automatic)","High Risk"
"0365-BZUWY","Male","Month-to-month","17","102.55","Electronic check","Low/Medium Risk"
"9432-RUVSL","Female","Two year","48","102.5","Credit card (automatic)","Low/Medium Risk"
"0330-BGYZE","Male","One year","60","102.5","Bank transfer (automatic)","Low/Medium Risk"
"1347-KTTTA","Male","One year","64","102.45","Credit card (automatic)","Low/Medium Risk"
"0201-MIBOL","Female","Two year","66","102.4","Bank transfer (automatic)","Low/Medium Risk"
"7233-DRTRF","Male","Month-to-month","63","102.4","Electronic check","Low/Medium Risk"
"0481-SUMCB","Female","One year","45","102.15","Bank transfer (automatic)","Low/Medium Risk"
"8979-CAMGB","Male","One year","64","102.1","Electronic check","Low/Medium Risk"
"6999-CHVCF","Male","Two year","68","102.1","Bank transfer (automatic)","Low/Medium Risk"
"9076-AXYIK","Male","Two year","64","102.1","Electronic check","Low/Medium Risk"
"4238-JSSWH","Female","Month-to-month","35","102.05","Bank transfer (automatic)","Low/Medium Risk"
"4676-MQUEA","Male","One year","50","101.9","Bank transfer (automatic)","Low/Medium Risk"
"6967-QIQRV","Male","One year","15","101.9","Electronic check","Low/Medium Risk"
"9323-HGFWY","Female","One year","27","101.9","Credit card (automatic)","Low/Medium Risk"
"3629-ZNKXA","Male","Month-to-month","17","101.8","Electronic check","Low/Medium Risk"
"2623-DRYAM","Female","One year","70","101.75","Electronic check","Low/Medium Risk"
"8903-WMRNW","Female","Month-to-month","15","101.75","Electronic check","Low/Medium Risk"
"0580-PIQHM","Female","One year","41","101.6","Bank transfer (automatic)","Low/Medium Risk"
"5628-RKIFK","Female","Month-to-month","49","101.55","Credit card (automatic)","Low/Medium Risk"
"8118-TJAFG","Male","Month-to-month","9","101.5","Electronic check","High Risk"
"1028-FFNJK","Male","Month-to-month","30","101.5","Electronic check","Low/Medium Risk"
"2692-BUCFV","Male","Month-to-month","29","101.45","Bank transfer (automatic)","Low/Medium Risk"
"2603-HVKCG","Male","Month-to-month","31","101.4","Electronic check","Low/Medium Risk"
"2452-KDRRH","Male","Month-to-month","67","101.4","Credit card (automatic)","Low/Medium Risk"
"5298-GSTLM","Female","One year","60","101.4","Bank transfer (automatic)","Low/Medium Risk"
"2809-ZMYOQ","Female","Month-to-month","32","101.35","Electronic check","Low/Medium Risk"
"1335-HQMKX","Female","One year","72","101.35","Electronic check","Low/Medium Risk"
"6500-JVEGC","Male","One year","68","101.35","Bank transfer (automatic)","Low/Medium Risk"
"4553-DVPZG","Female","Month-to-month","62","101.35","Electronic check","Low/Medium Risk"
"4884-TVUQF","Female","Two year","57","101.3","Credit card (automatic)","Low/Medium Risk"
"0019-EFAEP","Female","Two year","72","101.3","Bank transfer (automatic)","Low/Medium Risk"
"6693-FRIRW","Male","Month-to-month","18","101.3","Credit card (automatic)","Low/Medium Risk"
"7748-UMTRK","Female","Month-to-month","30","101.3","Electronic check","Low/Medium Risk"
"5811-IWXYM","Female","One year","52","101.25","Bank transfer (automatic)","Low/Medium Risk"
"0147-ESWWR","Female","Month-to-month","39","101.25","Electronic check","Low/Medium Risk"
"3167-SNQPL","Male","Month-to-month","38","101.15","Electronic check","Low/Medium Risk"
"4455-BFSPD","Female","One year","61","101.15","Bank transfer (automatic)","Low/Medium Risk"
"8378-LKJAF","Male","Month-to-month","38","101.15","Credit card (automatic)","Low/Medium Risk"
"7182-OVLBJ","Female","Two year","62","101.15","Bank transfer (automatic)","Low/Medium Risk"
"3716-LRGXK","Male","Two year","60","101.15","Credit card (automatic)","Low/Medium Risk"
"5453-YBTWV","Male","Two year","70","101.1","Credit card (automatic)","Low/Medium Risk"
"9825-YCXWZ","Female","One year","41","101.1","Bank transfer (automatic)","Low/Medium Risk"
"2014-MKGMH","Female","One year","46","101.1","Electronic check","Low/Medium Risk"
"1095-WGNGG","Female","Two year","61","101.05","Bank transfer (automatic)","Low/Medium Risk"
"7901-TBKJX","Male","Month-to-month","56","101.05","Electronic check","Low/Medium Risk"
"2898-MRKPI","Male","One year","68","101.05","Credit card (automatic)","Low/Medium Risk"
"2521-NPUZR","Male","Two year","70","101","Credit card (automatic)","Low/Medium Risk"
"7879-CGSFV","Male","One year","55","100.9","Mailed check","Low/Medium Risk"
"2696-ECXKC","Female","One year","55","100.9","Mailed check","Low/Medium Risk"
"9848-JQJTX","Male","Two year","72","100.9","Bank transfer (automatic)","Low/Medium Risk"
"8402-EIVQS","Male","One year","67","100.9","Credit card (automatic)","Low/Medium Risk"
"2040-VZIKE","Female","Month-to-month","49","100.85","Mailed check","Low/Medium Risk"
"4132-KALRO","Female","Month-to-month","4","100.85","Mailed check","High Risk"
"0899-LIIBW","Male","Month-to-month","34","100.85","Electronic check","Low/Medium Risk"
"1013-QCWAM","Female","Month-to-month","66","100.8","Electronic check","Low/Medium Risk"
"6851-WEFYX","Male","Month-to-month","35","100.8","Electronic check","Low/Medium Risk"
"2293-IJWPS","Female","One year","57","100.75","Credit card (automatic)","Low/Medium Risk"
"9079-LWTFD","Male","Month-to-month","47","100.75","Mailed check","Low/Medium Risk"
"3756-VNWDH","Male","One year","65","100.75","Electronic check","Low/Medium Risk"
"7315-WYOAW","Male","Month-to-month","13","100.75","Electronic check","Low/Medium Risk"
"7587-AOVVU","Male","Month-to-month","27","100.75","Electronic check","Low/Medium Risk"
"3096-WPXBT","Female","One year","61","100.7","Credit card (automatic)","Low/Medium Risk"
"0265-PSUAE","Female","Month-to-month","16","100.7","Bank transfer (automatic)","Low/Medium Risk"
"5671-UUNXD","Female","One year","50","100.65","Electronic check","Low/Medium Risk"
"7392-YYPYJ","Male","Month-to-month","22","100.65","Electronic check","Low/Medium Risk"
"5781-BKHOP","Female","Two year","72","100.65","Bank transfer (automatic)","Low/Medium Risk"
"5278-PNYOX","Female","Two year","49","100.65","Credit card (automatic)","Low/Medium Risk"
"1932-UEDCX","Male","Month-to-month","33","100.6","Bank transfer (automatic)","Low/Medium Risk"
"8384-FZBJK","Female","Month-to-month","57","100.6","Electronic check","Low/Medium Risk"
"0218-QNVAS","Male","One year","71","100.55","Bank transfer (automatic)","Low/Medium Risk"
"1217-VASWC","Male","One year","43","100.55","Bank transfer (automatic)","Low/Medium Risk"
"2924-KHUVI","Male","One year","56","100.55","Electronic check","Low/Medium Risk"
"7663-ZTEGJ","Male","One year","29","100.55","Credit card (automatic)","Low/Medium Risk"
"6481-ESCNL","Female","Month-to-month","29","100.55","Bank transfer (automatic)","Low/Medium Risk"
"8809-XKHMD","Male","Two year","72","100.55","Bank transfer (automatic)","Low/Medium Risk"
"7641-TQFHN","Male","Two year","39","100.55","Mailed check","Low/Medium Risk"
"6463-HHXJR","Female","Two year","71","100.5","Bank transfer (automatic)","Low/Medium Risk"
"7714-YXSMB","Female","Month-to-month","26","100.5","Bank transfer (automatic)","Low/Medium Risk"
"0434-CSFON","Female","Month-to-month","47","100.5","Electronic check","Low/Medium Risk"
"8982-NHAVY","Male","One year","27","100.5","Bank transfer (automatic)","Low/Medium Risk"
"0512-FLFDW","Female","One year","60","100.5","Credit card (automatic)","Low/Medium Risk"
"6116-RFVHN","Female","Month-to-month","34","100.45","Electronic check","Low/Medium Risk"
"8659-IOOPU","Female","Two year","71","100.45","Electronic check","Low/Medium Risk"
"1116-DXXDF","Male","Two year","39","100.45","Electronic check","Low/Medium Risk"
"4998-IKFSE","Female","Month-to-month","30","100.45","Electronic check","Low/Medium Risk"
"1482-OXZSY","Male","Month-to-month","30","100.4","Bank transfer (automatic)","Low/Medium Risk"
"6847-KJLTS","Female","Month-to-month","58","100.4","Bank transfer (automatic)","Low/Medium Risk"
"1641-RQDAY","Female","Month-to-month","32","100.4","Electronic check","Low/Medium Risk"
"0722-SVSFK","Female","Month-to-month","7","100.4","Electronic check","High Risk"
"8216-AZUUZ","Female","Two year","42","100.4","Electronic check","Low/Medium Risk"
"8091-TTVAX","Male","One year","58","100.35","Credit card (automatic)","Low/Medium Risk"
"0516-OOHAR","Male","One year","28","100.35","Bank transfer (automatic)","Low/Medium Risk"
"2800-QQUSO","Male","Month-to-month","42","100.3","Electronic check","Low/Medium Risk"
"8375-KVTHK","Male","One year","68","100.3","Electronic check","Low/Medium Risk"
"5223-UZAVK","Male","One year","64","100.3","Credit card (automatic)","Low/Medium Risk"
"5816-QVHRX","Female","Month-to-month","37","100.3","Credit card (automatic)","Low/Medium Risk"
"5447-WZAFP","Female","One year","53","100.3","Mailed check","Low/Medium Risk"
"0853-NWIFK","Female","One year","45","100.3","Electronic check","Low/Medium Risk"
"3253-HKOKL","Female","One year","52","100.3","Electronic check","Low/Medium Risk"
"6199-IWKGC","Female","One year","46","100.25","Electronic check","Low/Medium Risk"
"9402-ROUMJ","Female","One year","67","100.25","Bank transfer (automatic)","Low/Medium Risk"
"4366-CTOUZ","Female","Two year","50","100.2","Mailed check","Low/Medium Risk"
"9028-LIHRP","Male","Two year","71","100.2","Credit card (automatic)","Low/Medium Risk"
"7272-QDCKA","Male","One year","28","100.2","Electronic check","Low/Medium Risk"
"7379-FNIUJ","Male","Month-to-month","2","100.2","Electronic check","High Risk"
"4837-QUSFT","Female","One year","65","100.15","Bank transfer (automatic)","Low/Medium Risk"
"9094-AZPHK","Female","Month-to-month","15","100.15","Electronic check","Low/Medium Risk"
"2754-SDJRD","Female","Month-to-month","8","100.15","Credit card (automatic)","High Risk"
"9233-PSYHO","Female","One year","45","100.15","Bank transfer (automatic)","Low/Medium Risk"
"3162-KKZXO","Female","One year","55","100.15","Electronic check","Low/Medium Risk"
"2578-JQPHZ","Male","Two year","44","100.1","Bank transfer (automatic)","Low/Medium Risk"
"1956-YIFGE","Male","One year","22","100.05","Mailed check","Low/Medium Risk"
"0931-MHTEM","Female","One year","54","100.05","Credit card (automatic)","Low/Medium Risk"
"2669-OIDSD","Female","Month-to-month","48","100.05","Credit card (automatic)","Low/Medium Risk"
"5090-EMGTC","Female","Two year","59","100.05","Mailed check","Low/Medium Risk"
"1666-JXLKU","Female","Month-to-month","37","100.05","Electronic check","Low/Medium Risk"
"0327-WFZSY","Male","One year","39","100","Electronic check","Low/Medium Risk"
"8709-KRDVL","Female","Month-to-month","33","100","Electronic check","Low/Medium Risk"
"0089-IIQKO","Female","Month-to-month","39","99.95","Credit card (automatic)","Low/Medium Risk"
"3511-APPBJ","Male","One year","23","99.95","Credit card (automatic)","Low/Medium Risk"
"0356-OBMAC","Female","Two year","56","99.9","Bank transfer (automatic)","Low/Medium Risk"
"6234-RAAPL","Female","Two year","72","99.9","Bank transfer (automatic)","Low/Medium Risk"
"4937-QPZPO","Male","One year","61","99.9","Electronic check","Low/Medium Risk"
"4686-UXDML","Female","Month-to-month","21","99.85","Credit card (automatic)","Low/Medium Risk"
"0380-NEAVX","Male","One year","34","99.85","Electronic check","Low/Medium Risk"
"8631-WUXGY","Female","Month-to-month","46","99.8","Electronic check","Low/Medium Risk"
"8785-CJSHH","Female","Month-to-month","60","99.8","Electronic check","Low/Medium Risk"
"1091-SOZGA","Female","One year","56","99.8","Credit card (automatic)","Low/Medium Risk"
"0420-HLGXF","Female","Month-to-month","39","99.75","Electronic check","Low/Medium Risk"
"2805-EDJPQ","Female","One year","56","99.75","Credit card (automatic)","Low/Medium Risk"
"6215-NQCPY","Male","Month-to-month","15","99.7","Electronic check","Low/Medium Risk"
"1545-ACTAS","Female","One year","48","99.7","Bank transfer (automatic)","Low/Medium Risk"
"4713-ZBURT","Male","Two year","45","99.7","Bank transfer (automatic)","Low/Medium Risk"
"4128-ETESU","Female","Month-to-month","47","99.7","Electronic check","Low/Medium Risk"
"6211-WWLTF","Male","Two year","63","99.7","Credit card (automatic)","Low/Medium Risk"
"8065-QBYTO","Female","One year","71","99.65","Credit card (automatic)","Low/Medium Risk"
"5693-PIPCS","Male","Two year","41","99.65","Credit card (automatic)","Low/Medium Risk"
"3070-BDOQC","Female","Two year","60","99.65","Electronic check","Low/Medium Risk"
"2674-MLXMN","Female","Month-to-month","71","99.65","Credit card (automatic)","Low/Medium Risk"
"0447-RXSGD","Male","Month-to-month","24","99.65","Bank transfer (automatic)","Low/Medium Risk"
"8769-KKTPH","Female","One year","63","99.65","Credit card (automatic)","Low/Medium Risk"
"8468-EHYJA","Female","Month-to-month","57","99.65","Electronic check","Low/Medium Risk"
"0572-ZJKLT","Female","Two year","46","99.65","Mailed check","Low/Medium Risk"
"9938-TKDGL","Male","Two year","68","99.55","Electronic check","Low/Medium Risk"
"6103-LIANB","Male","Two year","59","99.5","Credit card (automatic)","Low/Medium Risk"
"3349-ANQNH","Female","One year","59","99.5","Electronic check","Low/Medium Risk"
"0320-DWVTU","Female","Two year","53","99.5","Mailed check","Low/Medium Risk"
"6227-FBDXH","Male","One year","69","99.5","Bank transfer (automatic)","Low/Medium Risk"
"6627-CFOSN","Female","Month-to-month","59","99.45","Bank transfer (automatic)","Low/Medium Risk"
"7954-MLBUN","Male","Two year","31","99.45","Bank transfer (automatic)","Low/Medium Risk"
"7103-IPXPJ","Male","One year","50","99.4","Electronic check","Low/Medium Risk"
"0487-RPVUM","Male","Month-to-month","61","99.4","Bank transfer (automatic)","Low/Medium Risk"
"7005-CYUIL","Female","Two year","71","99.4","Electronic check","Low/Medium Risk"
"0665-XHDJU","Male","Two year","72","99.4","Electronic check","Low/Medium Risk"
"9732-EQMWY","Female","Month-to-month","49","99.4","Electronic check","Low/Medium Risk"
"6196-HBOBZ","Male","Two year","65","99.35","Electronic check","Low/Medium Risk"
"4419-UJMUS","Male","Two year","69","99.35","Electronic check","Low/Medium Risk"
"1325-USMEC","Male","Two year","70","99.35","Credit card (automatic)","Low/Medium Risk"
"3524-WQDSG","Female","Month-to-month","43","99.3","Bank transfer (automatic)","Low/Medium Risk"
"4445-ZJNMU","Male","Month-to-month","9","99.3","Credit card (automatic)","High Risk"
"8929-KSWIH","Male","Two year","25","99.3","Bank transfer (automatic)","Low/Medium Risk"
"2284-VFLKH","Male","One year","49","99.25","Credit card (automatic)","Low/Medium Risk"
"9570-KYEUA","Male","Two year","64","99.25","Credit card (automatic)","Low/Medium Risk"
"0080-OROZO","Female","One year","35","99.25","Electronic check","Low/Medium Risk"
"5578-NKCXI","Female","One year","58","99.25","Credit card (automatic)","Low/Medium Risk"
"2277-BKJKN","Female","Two year","71","99.2","Electronic check","Low/Medium Risk"
"2371-KFUOG","Male","One year","58","99.15","Bank transfer (automatic)","Low/Medium Risk"
"2227-JRSJX","Female","Month-to-month","21","99.15","Bank transfer (automatic)","Low/Medium Risk"
"0742-LAFQK","Male","Two year","72","99.15","Electronic check","Low/Medium Risk"
"3705-RHRFR","Female","Two year","69","99.15","Bank transfer (automatic)","Low/Medium Risk"
"9974-JFBHQ","Male","Month-to-month","64","99.15","Credit card (automatic)","Low/Medium Risk"
"1360-JYXKQ","Female","One year","54","99.1","Electronic check","Low/Medium Risk"
"6383-ZTSIW","Female","One year","39","99.1","Mailed check","Low/Medium Risk"
"8065-BVEPF","Male","Month-to-month","65","99.1","Bank transfer (automatic)","Low/Medium Risk"
"5331-RGMTT","Male","Month-to-month","54","99.05","Credit card (automatic)","Low/Medium Risk"
"3588-WSTTJ","Female","Month-to-month","35","99.05","Electronic check","Low/Medium Risk"
"5716-EZXZN","Female","Two year","65","99.05","Credit card (automatic)","Low/Medium Risk"
"1545-JFUML","Male","Two year","71","99","Electronic check","Low/Medium Risk"
"9705-IOVQQ","Male","One year","61","99","Electronic check","Low/Medium Risk"
"0815-MFZGM","Female","Two year","42","99","Credit card (automatic)","Low/Medium Risk"
"2277-DJJDL","Male","Month-to-month","60","99","Electronic check","Low/Medium Risk"
"7064-FRRSW","Male","One year","48","99","Electronic check","Low/Medium Risk"
"5649-RXQTV","Male","Month-to-month","51","99","Electronic check","Low/Medium Risk"
"0959-WHOKV","Male","One year","42","99","Electronic check","Low/Medium Risk"
"3230-JCNZS","Female","Two year","71","99","Credit card (automatic)","Low/Medium Risk"
"4049-ZPALD","Female","Two year","64","99","Bank transfer (automatic)","Low/Medium Risk"
"3587-PMCOY","Male","One year","10","98.9","Electronic check","Low/Medium Risk"
"2675-DHUTR","Male","Month-to-month","58","98.9","Electronic check","Low/Medium Risk"
"9402-CXWPL","Female","One year","70","98.9","Electronic check","Low/Medium Risk"
"1751-NCDLI","Male","Month-to-month","46","98.85","Electronic check","Low/Medium Risk"
"3312-UUMZW","Male","Month-to-month","32","98.85","Credit card (automatic)","Low/Medium Risk"
"0422-UXFAP","Female","One year","51","98.85","Electronic check","Low/Medium Risk"
"6088-BXMRG","Female","Month-to-month","32","98.85","Electronic check","Low/Medium Risk"
"0468-YRPXN","Male","Month-to-month","29","98.8","Credit card (automatic)","Low/Medium Risk"
"5229-DTFYB","Female","Two year","41","98.8","Bank transfer (automatic)","Low/Medium Risk"
"4686-GEFRM","Male","Two year","70","98.7","Bank transfer (automatic)","Low/Medium Risk"
"1427-VERSM","Female","Month-to-month","56","98.7","Electronic check","Low/Medium Risk"
"7856-GANIL","Male","One year","45","98.7","Bank transfer (automatic)","Low/Medium Risk"
"9133-AYJZG","Female","Month-to-month","23","98.7","Credit card (automatic)","Low/Medium Risk"
"6988-CJEYV","Male","Month-to-month","49","98.7","Electronic check","Low/Medium Risk"
"6559-PDZLR","Male","Month-to-month","26","98.65","Electronic check","Low/Medium Risk"
"9571-EDEBV","Male","One year","71","98.65","Credit card (automatic)","Low/Medium Risk"
"7730-CLDSV","Female","Two year","72","98.65","Bank transfer (automatic)","Low/Medium Risk"
"9770-KXGQU","Female","One year","53","98.6","Mailed check","Low/Medium Risk"
"2208-UGTGR","Male","Month-to-month","56","98.6","Electronic check","Low/Medium Risk"
"3211-AAPKX","Male","Month-to-month","20","98.55","Mailed check","Low/Medium Risk"
"1131-SUEKT","Male","One year","61","98.45","Bank transfer (automatic)","Low/Medium Risk"
"5663-QBGIS","Male","Two year","72","98.35","Bank transfer (automatic)","Low/Medium Risk"
"3545-CNWRG","Female","Month-to-month","49","98.35","Electronic check","Low/Medium Risk"
"1543-LLLFT","Male","One year","61","98.3","Mailed check","Low/Medium Risk"
"1357-BIJKI","Male","One year","50","98.25","Electronic check","Low/Medium Risk"
"1937-OTUKY","Female","Two year","72","98.2","Bank transfer (automatic)","Low/Medium Risk"
"5996-NRVXR","Male","One year","40","98.15","Credit card (automatic)","Low/Medium Risk"
"4472-VESGY","Female","Month-to-month","52","98.15","Bank transfer (automatic)","Low/Medium Risk"
"2665-NPTGL","Female","Month-to-month","26","98.1","Bank transfer (automatic)","Low/Medium Risk"
"5150-LJNSR","Male","One year","31","98.05","Bank transfer (automatic)","Low/Medium Risk"
"5312-UXESG","Female","Month-to-month","41","98.05","Bank transfer (automatic)","Low/Medium Risk"
"3134-DSHVC","Female","Two year","63","98","Credit card (automatic)","Low/Medium Risk"
"6284-KMNUF","Female","One year","56","98","Electronic check","Low/Medium Risk"
"6559-RAKOZ","Male","One year","49","97.95","Electronic check","Low/Medium Risk"
"5268-DSMNQ","Female","One year","62","97.95","Credit card (automatic)","Low/Medium Risk"
"6176-YJWAS","Male","Two year","72","97.95","Credit card (automatic)","Low/Medium Risk"
"0575-CUQOV","Male","One year","60","97.95","Electronic check","Low/Medium Risk"
"1304-SEGFY","Female","Two year","72","97.85","Electronic check","Low/Medium Risk"
"2480-EJWYP","Female","One year","58","97.8","Bank transfer (automatic)","Low/Medium Risk"
"5294-IMHHT","Male","One year","53","97.75","Bank transfer (automatic)","Low/Medium Risk"
"3133-PZNSR","Male","Two year","72","97.75","Credit card (automatic)","Low/Medium Risk"
"8152-VETUR","Female","Two year","72","97.7","Credit card (automatic)","Low/Medium Risk"
"4947-DSMXK","Male","Month-to-month","34","97.7","Bank transfer (automatic)","Low/Medium Risk"
"0670-ANMUU","Male","One year","71","97.65","Credit card (automatic)","Low/Medium Risk"
"0727-BNRLG","Male","Two year","69","97.65","Credit card (automatic)","Low/Medium Risk"
"0326-VDYXE","Female","One year","70","97.65","Electronic check","Low/Medium Risk"
"5740-YHGTW","Male","Month-to-month","70","97.55","Credit card (automatic)","Low/Medium Risk"
"1573-LGXBA","Male","One year","57","97.55","Credit card (automatic)","Low/Medium Risk"
"4159-NAAIX","Female","Two year","63","97.45","Bank transfer (automatic)","Low/Medium Risk"
"3339-EAQNV","Male","One year","72","97.25","Credit card (automatic)","Low/Medium Risk"
"9715-WZCLW","Male","Two year","71","97.2","Electronic check","Low/Medium Risk"
"6035-RIIOM","Female","Two year","54","97.2","Bank transfer (automatic)","Low/Medium Risk"
"9933-QRGTX","Female","Two year","60","97.2","Electronic check","Low/Medium Risk"
"9833-TGFHX","Male","One year","42","97.1","Electronic check","Low/Medium Risk"
"6645-MXQJT","Male","Month-to-month","2","97.1","Electronic check","High Risk"
"3898-GUYTS","Female","Month-to-month","45","97.05","Electronic check","Low/Medium Risk"
"6821-JPCDC","Female","One year","48","97.05","Electronic check","Low/Medium Risk"
"4654-DLAMQ","Female","One year","64","97","Bank transfer (automatic)","Low/Medium Risk"
"6719-FGEDO","Female","Two year","72","97","Bank transfer (automatic)","Low/Medium Risk"
"6874-SGLHU","Male","One year","30","97","Bank transfer (automatic)","Low/Medium Risk"
"3644-QXEHN","Male","Month-to-month","13","97","Electronic check","Low/Medium Risk"
"5827-MWCZK","Male","Month-to-month","56","96.95","Credit card (automatic)","Low/Medium Risk"
"3323-CPBWR","Male","Month-to-month","23","96.9","Credit card (automatic)","Low/Medium Risk"
"3327-YBAKM","Female","One year","64","96.9","Mailed check","Low/Medium Risk"
"5327-CNLUQ","Male","Two year","48","96.9","Bank transfer (automatic)","Low/Medium Risk"
"4007-NHVHI","Female","Month-to-month","56","96.85","Electronic check","Low/Medium Risk"
"9290-SHCMB","Female","Month-to-month","13","96.85","Electronic check","Low/Medium Risk"
"9909-IDLEK","Male","Month-to-month","20","96.8","Mailed check","Low/Medium Risk"
"0480-BIXDE","Female","Month-to-month","19","96.8","Electronic check","Low/Medium Risk"
"8547-NSBBO","Male","Month-to-month","35","96.75","Mailed check","Low/Medium Risk"
"0824-VWDPO","Female","One year","45","96.75","Bank transfer (automatic)","Low/Medium Risk"
"5195-KPUNQ","Female","One year","53","96.75","Mailed check","Low/Medium Risk"
"2085-BOJKI","Male","One year","17","96.65","Bank transfer (automatic)","Low/Medium Risk"
"4194-WHFCB","Female","Month-to-month","59","96.65","Bank transfer (automatic)","Low/Medium Risk"
"6635-CPNUN","Male","Month-to-month","28","96.6","Credit card (automatic)","Low/Medium Risk"
"2057-BOYKM","Female","Two year","72","96.6","Bank transfer (automatic)","Low/Medium Risk"
"7813-ZGGAW","Male","Month-to-month","31","96.6","Bank transfer (automatic)","Low/Medium Risk"
"6242-FEGFD","Male","Two year","66","96.6","Mailed check","Low/Medium Risk"
"7826-VVKWT","Female","Two year","24","96.55","Electronic check","Low/Medium Risk"
"4566-NECEV","Male","Month-to-month","5","96.55","Electronic check","High Risk"
"2604-IJPDU","Female","Month-to-month","20","96.55","Electronic check","Low/Medium Risk"
"0898-XCGTF","Male","One year","61","96.5","Bank transfer (automatic)","Low/Medium Risk"
"5937-EORGB","Male","Month-to-month","15","96.5","Electronic check","Low/Medium Risk"
"1810-BOHSY","Male","One year","51","96.4","Credit card (automatic)","Low/Medium Risk"
"4657-FWVFY","Female","Month-to-month","40","96.35","Credit card (automatic)","Low/Medium Risk"
"3841-NFECX","Female","Two year","71","96.35","Credit card (automatic)","Low/Medium Risk"
"9508-ILZDG","Female","Month-to-month","34","96.35","Electronic check","Low/Medium Risk"
"4060-LDNLU","Male","Month-to-month","7","96.2","Electronic check","High Risk"
"9114-VEPUF","Male","One year","62","96.1","Electronic check","Low/Medium Risk"
"9544-PYPSJ","Female","Month-to-month","62","96.1","Credit card (automatic)","Low/Medium Risk"
"5014-WUQMG","Male","One year","47","96.1","Electronic check","Low/Medium Risk"
"6862-CQUMB","Male","Month-to-month","37","96.1","Credit card (automatic)","Low/Medium Risk"
"6728-VOIFY","Female","One year","63","96","Electronic check","Low/Medium Risk"
"9391-LMANN","Male","One year","53","95.95","Electronic check","Low/Medium Risk"
"4647-MUZON","Female","Month-to-month","18","95.95","Credit card (automatic)","Low/Medium Risk"
"9495-SKLKD","Male","Month-to-month","45","95.95","Bank transfer (automatic)","Low/Medium Risk"
"8639-NHQEI","Female","Two year","72","95.9","Bank transfer (automatic)","Low/Medium Risk"
"4989-LIXVT","Male","Month-to-month","68","95.9","Electronic check","Low/Medium Risk"
"6234-PFPXL","Male","Month-to-month","22","95.9","Credit card (automatic)","Low/Medium Risk"
"7426-RHZGU","Male","Month-to-month","9","95.9","Bank transfer (automatic)","High Risk"
"2858-EIMXH","Female","One year","53","95.85","Credit card (automatic)","Low/Medium Risk"
"1393-IMKZG","Female","Month-to-month","1","95.85","Electronic check","High Risk"
"9909-DFRJA","Female","One year","26","95.85","Bank transfer (automatic)","Low/Medium Risk"
"9128-CPXKI","Female","Two year","59","95.8","Electronic check","Low/Medium Risk"
"0916-QOFDP","Female","Month-to-month","14","95.8","Electronic check","Low/Medium Risk"
"6265-SXWBU","Male","One year","69","95.75","Credit card (automatic)","Low/Medium Risk"
"0020-INWCK","Female","Two year","71","95.75","Credit card (automatic)","Low/Medium Risk"
"5473-KHBPS","Female","One year","52","95.7","Credit card (automatic)","Low/Medium Risk"
"8272-ONJLV","Male","One year","12","95.7","Electronic check","Low/Medium Risk"
"2507-QZPQS","Male","Month-to-month","15","95.7","Electronic check","Low/Medium Risk"
"6212-ATMLK","Female","Month-to-month","50","95.7","Electronic check","Low/Medium Risk"
"7011-CVEUC","Male","Month-to-month","25","95.7","Credit card (automatic)","Low/Medium Risk"
"8910-ICHIU","Female","One year","46","95.65","Credit card (automatic)","Low/Medium Risk"
"2279-AXJJK","Male","Month-to-month","52","95.65","Credit card (automatic)","Low/Medium Risk"
"8905-IAZPF","Female","One year","69","95.65","Credit card (automatic)","Low/Medium Risk"
"1696-HXOWK","Female","One year","71","95.65","Mailed check","Low/Medium Risk"
"7629-WFGLW","Female","One year","56","95.65","Electronic check","Low/Medium Risk"
"3853-LYGAM","Male","Month-to-month","17","95.65","Bank transfer (automatic)","Low/Medium Risk"
"3597-MVHJT","Female","Month-to-month","27","95.6","Bank transfer (automatic)","Low/Medium Risk"
"3320-VEOYC","Male","Month-to-month","14","95.6","Electronic check","Low/Medium Risk"
"4690-PKDQG","Female","Month-to-month","42","95.55","Electronic check","Low/Medium Risk"
"7188-CBBBA","Female","One year","65","95.5","Electronic check","Low/Medium Risk"
"5302-BDJNT","Male","Month-to-month","35","95.5","Electronic check","Low/Medium Risk"
"0564-MUUQK","Female","Month-to-month","20","95.5","Bank transfer (automatic)","Low/Medium Risk"
"7375-WMVMT","Male","Two year","71","95.5","Credit card (automatic)","Low/Medium Risk"
"4929-XIHVW","Male","Month-to-month","2","95.5","Credit card (automatic)","High Risk"
"9776-OJUZI","Female","Month-to-month","65","95.45","Bank transfer (automatic)","Low/Medium Risk"
"0396-YCHWO","Male","Month-to-month","36","95.4","Electronic check","Low/Medium Risk"
"2984-AFWNC","Female","Month-to-month","3","95.4","Electronic check","High Risk"
"4742-DRORA","Male","One year","60","95.4","Bank transfer (automatic)","Low/Medium Risk"
"4724-WXVWF","Male","Month-to-month","48","95.4","Electronic check","Low/Medium Risk"
"9279-CJEOJ","Female","Month-to-month","21","95.4","Bank transfer (automatic)","Low/Medium Risk"
"0701-RFGFI","Female","Month-to-month","49","95.4","Bank transfer (automatic)","Low/Medium Risk"
"8755-IWJHN","Male","Month-to-month","69","95.35","Bank transfer (automatic)","Low/Medium Risk"
"8421-WZOOW","Female","Month-to-month","57","95.3","Credit card (automatic)","Low/Medium Risk"
"9921-EZKBY","Male","Month-to-month","33","95.3","Bank transfer (automatic)","Low/Medium Risk"
"9793-WECQC","Male","Month-to-month","23","95.3","Mailed check","Low/Medium Risk"
"9494-BDNNC","Male","One year","66","95.3","Electronic check","Low/Medium Risk"
"2386-OWURY","Female","Month-to-month","58","95.3","Electronic check","Low/Medium Risk"
"1960-UYCNN","Male","Month-to-month","10","95.25","Electronic check","High Risk"
"2824-MYYBN","Female","Month-to-month","37","95.25","Electronic check","Low/Medium Risk"
"3946-JEWRQ","Male","One year","47","95.2","Credit card (automatic)","Low/Medium Risk"
"6568-POCUI","Female","Two year","45","95.2","Credit card (automatic)","Low/Medium Risk"
"6244-BESBM","Male","Two year","69","95.2","Credit card (automatic)","Low/Medium Risk"
"5982-FPVQN","Female","Month-to-month","37","95.15","Electronic check","Low/Medium Risk"
"5149-QYTTU","Female","One year","71","95.15","Credit card (automatic)","Low/Medium Risk"
"3003-CMDUU","Female","Month-to-month","25","95.15","Electronic check","Low/Medium Risk"
"4531-AUZNK","Female","One year","51","95.15","Mailed check","Low/Medium Risk"
"5382-SOYZL","Male","Month-to-month","22","95.1","Electronic check","Low/Medium Risk"
"6242-MBHPK","Female","Month-to-month","23","95.1","Electronic check","Low/Medium Risk"
"6838-YAUVY","Female","Two year","54","95.1","Bank transfer (automatic)","Low/Medium Risk"
"5183-SNMJQ","Male","Month-to-month","10","95.1","Credit card (automatic)","High Risk"
"2270-CHBFN","Female","Month-to-month","44","95.1","Credit card (automatic)","Low/Medium Risk"
"6075-SLNIL","Male","Month-to-month","38","95.1","Credit card (automatic)","Low/Medium Risk"
"7765-LWVVH","Female","Two year","72","95.1","Electronic check","Low/Medium Risk"
"1930-QPBVZ","Male","Two year","68","95.1","Bank transfer (automatic)","Low/Medium Risk"
"2823-LKABH","Female","Month-to-month","18","95.05","Bank transfer (automatic)","Low/Medium Risk"
"3951-NJCVI","Female","Month-to-month","42","95.05","Electronic check","Low/Medium Risk"
"2105-PHWON","Female","Month-to-month","33","95","Credit card (automatic)","Low/Medium Risk"
"8961-QDZZJ","Female","One year","57","95","Electronic check","Low/Medium Risk"
"5119-KEPFY","Male","Month-to-month","36","95","Bank transfer (automatic)","Low/Medium Risk"
"1194-HVAIF","Female","Month-to-month","27","95","Credit card (automatic)","Low/Medium Risk"
"7123-WQUHX","Male","One year","38","95","Bank transfer (automatic)","Low/Medium Risk"
"7607-QKKTJ","Male","One year","45","95","Credit card (automatic)","Low/Medium Risk"
"4083-BFNYK","Female","One year","38","95","Credit card (automatic)","Low/Medium Risk"
"7080-TNUWP","Male","One year","70","95","Bank transfer (automatic)","Low/Medium Risk"
"2475-MROZF","Male","Month-to-month","30","95","Credit card (automatic)","Low/Medium Risk"
"6242-SGYTS","Male","One year","62","94.95","Credit card (automatic)","Low/Medium Risk"
"3452-GWUIN","Female","Month-to-month","19","94.95","Electronic check","Low/Medium Risk"
"4391-LNRXK","Male","Month-to-month","22","94.95","Bank transfer (automatic)","Low/Medium Risk"
"2379-GYFLQ","Male","One year","46","94.9","Credit card (automatic)","Low/Medium Risk"
"7398-SKNQZ","Female","Month-to-month","3","94.9","Electronic check","High Risk"
"2359-KLTEK","Female","Month-to-month","41","94.9","Bank transfer (automatic)","Low/Medium Risk"
"9714-EDSUC","Male","Month-to-month","4","94.9","Mailed check","High Risk"
"6732-FZUGP","Female","One year","47","94.9","Credit card (automatic)","Low/Medium Risk"
"8465-SBRXP","Male","Two year","38","94.9","Bank transfer (automatic)","Low/Medium Risk"
"5150-ITWWB","Male","Month-to-month","3","94.85","Electronic check","High Risk"
"7982-VCELR","Female","Month-to-month","36","94.8","Credit card (automatic)","Low/Medium Risk"
"1004-NOZNR","Male","One year","56","94.8","Credit card (automatic)","Low/Medium Risk"
"2558-BUOZZ","Male","One year","47","94.8","Bank transfer (automatic)","Low/Medium Risk"
"8174-TBVCF","Female","Two year","70","94.8","Credit card (automatic)","Low/Medium Risk"
"6322-PJJDJ","Male","Two year","49","94.8","Electronic check","Low/Medium Risk"
"8947-YRTDV","Male","One year","32","94.8","Mailed check","Low/Medium Risk"
"7225-CBZPL","Male","Month-to-month","17","94.8","Electronic check","Low/Medium Risk"
"1732-FEKLD","Female","One year","54","94.75","Bank transfer (automatic)","Low/Medium Risk"
"3096-GKWEB","Male","Month-to-month","18","94.75","Electronic check","Low/Medium Risk"
"0060-FUALY","Female","Month-to-month","59","94.75","Electronic check","Low/Medium Risk"
"3807-BPOMJ","Female","One year","55","94.75","Electronic check","Low/Medium Risk"
"5168-MSWXT","Male","Month-to-month","8","94.75","Electronic check","High Risk"
"5144-TVGLP","Male","Month-to-month","38","94.75","Electronic check","Low/Medium Risk"
"6350-XFYGW","Male","Month-to-month","4","94.75","Electronic check","High Risk"
"3571-DPYUH","Male","One year","58","94.7","Credit card (automatic)","Low/Medium Risk"
"2972-YDYUW","Female","One year","57","94.7","Electronic check","Low/Medium Risk"
"1472-TNCWL","Male","Month-to-month","36","94.7","Electronic check","Low/Medium Risk"
"2927-QRRQV","Male","One year","46","94.65","Electronic check","Low/Medium Risk"
"6173-GOLSU","Male","Month-to-month","67","94.65","Credit card (automatic)","Low/Medium Risk"
"6583-KQJLK","Female","Month-to-month","15","94.65","Electronic check","Low/Medium Risk"
"0129-KPTWJ","Male","Month-to-month","72","94.65","Electronic check","Low/Medium Risk"
"0848-ZGQIJ","Female","Month-to-month","16","94.65","Bank transfer (automatic)","Low/Medium Risk"
"9058-MJLZC","Female","Month-to-month","24","94.6","Electronic check","Low/Medium Risk"
"4070-OKWVH","Female","Month-to-month","52","94.6","Bank transfer (automatic)","Low/Medium Risk"
"2434-EEVDB","Female","Two year","64","94.6","Credit card (automatic)","Low/Medium Risk"
"6522-YRBXD","Male","Month-to-month","35","94.55","Electronic check","Low/Medium Risk"
"3338-CVVEH","Male","Month-to-month","12","94.55","Electronic check","Low/Medium Risk"
"5439-WIKXB","Male","Month-to-month","41","94.55","Electronic check","Low/Medium Risk"
"1830-GGFNM","Male","Two year","65","94.55","Credit card (automatic)","Low/Medium Risk"
"9699-UBQFS","Female","Month-to-month","43","94.5","Electronic check","Low/Medium Risk"
"5899-OUVKV","Male","Month-to-month","31","94.5","Electronic check","Low/Medium Risk"
"5197-PYEPU","Female","One year","42","94.45","Credit card (automatic)","Low/Medium Risk"
"2190-PHBHR","Female","Two year","72","94.45","Credit card (automatic)","Low/Medium Risk"
"0440-UEDAI","Female","One year","53","94.45","Credit card (automatic)","Low/Medium Risk"
"7271-AJDTL","Female","Month-to-month","55","94.45","Credit card (automatic)","Low/Medium Risk"
"2267-FPIMA","Male","Month-to-month","50","94.4","Credit card (automatic)","Low/Medium Risk"
"3410-MHHUM","Female","One year","44","94.4","Electronic check","Low/Medium Risk"
"8294-UIMBA","Female","One year","30","94.4","Bank transfer (automatic)","Low/Medium Risk"
"9058-HRZSV","Female","Month-to-month","65","94.4","Electronic check","Low/Medium Risk"
"2347-WKKAE","Male","Month-to-month","42","94.4","Electronic check","Low/Medium Risk"
"5887-IKKYO","Male","Two year","58","94.35","Bank transfer (automatic)","Low/Medium Risk"
"5998-DZLYR","Female","Two year","61","94.35","Bank transfer (automatic)","Low/Medium Risk"
"8597-CWYHH","Male","One year","43","94.35","Mailed check","Low/Medium Risk"
"5274-XHAKY","Female","Month-to-month","41","94.3","Bank transfer (automatic)","Low/Medium Risk"
"5461-QKNTN","Male","Month-to-month","43","94.3","Electronic check","Low/Medium Risk"
"4332-MUOEZ","Male","One year","20","94.3","Credit card (automatic)","Low/Medium Risk"
"0730-KOAVE","Male","Month-to-month","30","94.3","Credit card (automatic)","Low/Medium Risk"
"5443-SCMKX","Female","One year","58","94.3","Electronic check","Low/Medium Risk"
"5161-XEUVX","Male","Two year","37","94.3","Mailed check","Low/Medium Risk"
"9919-KNPOO","Female","Month-to-month","21","94.3","Electronic check","Low/Medium Risk"
"4024-CSNBY","Female","Two year","72","94.25","Bank transfer (automatic)","Low/Medium Risk"
"1728-CXQBE","Male","Month-to-month","64","94.25","Electronic check","Low/Medium Risk"
"0082-OQIQY","Male","Month-to-month","29","94.2","Electronic check","Low/Medium Risk"
"5935-FCCNB","Female","Month-to-month","17","94.2","Electronic check","Low/Medium Risk"
"7789-CRUVC","Female","Month-to-month","61","94.2","Credit card (automatic)","Low/Medium Risk"
"9093-FPDLG","Female","Month-to-month","11","94.2","Electronic check","High Risk"
"1370-GGAWX","Female","One year","46","94.15","Electronic check","Low/Medium Risk"
"1346-PJWTK","Male","Month-to-month","61","94.15","Credit card (automatic)","Low/Medium Risk"
"1150-FTQGN","Female","One year","60","94.15","Bank transfer (automatic)","Low/Medium Risk"
"4760-THGOT","Female","Month-to-month","43","94.1","Electronic check","Low/Medium Risk"
"5334-JLAXU","Female","Month-to-month","60","94.1","Credit card (automatic)","Low/Medium Risk"
"0956-ACVZC","Female","One year","54","94.1","Credit card (automatic)","Low/Medium Risk"
"8161-QYMTT","Male","Month-to-month","7","94.1","Electronic check","High Risk"
"9360-OMDZZ","Male","Month-to-month","24","94.1","Electronic check","Low/Medium Risk"
"3392-EHMNK","Female","Two year","67","94.1","Credit card (automatic)","Low/Medium Risk"
"8087-LGYHQ","Male","Month-to-month","9","94.05","Electronic check","High Risk"
"9979-RGMZT","Female","One year","7","94.05","Mailed check","Low/Medium Risk"
"2931-VUVJN","Female","One year","59","94.05","Electronic check","Low/Medium Risk"
"6137-NICCO","Female","Month-to-month","6","94.05","Mailed check","High Risk"
"9972-VAFJJ","Female","One year","53","94","Electronic check","Low/Medium Risk"
"9391-YZEJW","Female","One year","62","94","Bank transfer (automatic)","Low/Medium Risk"
"2267-WTPYD","Female","Month-to-month","57","94","Credit card (automatic)","Low/Medium Risk"
"6833-JMZYP","Female","Month-to-month","15","94","Credit card (automatic)","Low/Medium Risk"
"7921-LMDFQ","Male","One year","51","94","Bank transfer (automatic)","Low/Medium Risk"
"0111-KLBQG","Male","Month-to-month","32","93.95","Mailed check","Low/Medium Risk"
"7268-IGMFD","Male","Month-to-month","18","93.9","Bank transfer (automatic)","Low/Medium Risk"
"1608-GMEWB","Male","Month-to-month","45","93.9","Bank transfer (automatic)","Low/Medium Risk"
"5002-GCQFH","Male","Month-to-month","49","93.85","Bank transfer (automatic)","Low/Medium Risk"
"7852-LECYP","Male","Month-to-month","13","93.8","Credit card (automatic)","Low/Medium Risk"
"3062-ICYZQ","Female","Month-to-month","51","93.8","Electronic check","Low/Medium Risk"
"1855-AGAWH","Male","One year","31","93.8","Electronic check","Low/Medium Risk"
"0716-BQNDX","Male","Two year","57","93.75","Electronic check","Low/Medium Risk"
"3214-IYUUQ","Female","One year","61","93.7","Bank transfer (automatic)","Low/Medium Risk"
"1591-MQJTP","Male","One year","51","93.65","Bank transfer (automatic)","Low/Medium Risk"
"1470-PSXNM","Male","One year","49","93.65","Electronic check","Low/Medium Risk"
"0376-OIWME","Male","Month-to-month","36","93.6","Electronic check","Low/Medium Risk"
"7402-EYFXX","Male","Month-to-month","26","93.6","Electronic check","Low/Medium Risk"
"0623-EJQEG","Male","One year","65","93.55","Electronic check","Low/Medium Risk"
"8166-ORCHU","Male","One year","33","93.55","Electronic check","Low/Medium Risk"
"0674-DGMAQ","Male","Month-to-month","32","93.5","Electronic check","Low/Medium Risk"
"2985-FMWYF","Female","Month-to-month","23","93.5","Electronic check","Low/Medium Risk"
"4075-JFPGR","Female","One year","51","93.5","Electronic check","Low/Medium Risk"
"3316-UWXUY","Male","Month-to-month","50","93.5","Credit card (automatic)","Low/Medium Risk"
"0887-WBJVH","Female","One year","53","93.45","Electronic check","Low/Medium Risk"
"1685-BQULA","Female","Month-to-month","40","93.4","Bank transfer (automatic)","Low/Medium Risk"
"6578-KRMAW","Male","Month-to-month","32","93.4","Credit card (automatic)","Low/Medium Risk"
"9777-IQHWP","Male","Two year","64","93.4","Bank transfer (automatic)","Low/Medium Risk"
"7422-WNBTY","Male","Month-to-month","33","93.35","Electronic check","Low/Medium Risk"
"6300-BWMJX","Female","Month-to-month","59","93.35","Electronic check","Low/Medium Risk"
"7710-JSYOA","Female","Two year","69","93.3","Bank transfer (automatic)","Low/Medium Risk"
"1485-YDHMM","Male","Month-to-month","52","93.25","Bank transfer (automatic)","Low/Medium Risk"
"4250-WAROZ","Male","Month-to-month","60","93.25","Electronic check","Low/Medium Risk"
"8197-BFWVU","Female","Two year","72","93.25","Bank transfer (automatic)","Low/Medium Risk"
"3144-KMTWZ","Male","Month-to-month","71","93.25","Bank transfer (automatic)","Low/Medium Risk"
"3779-OSWCF","Female","Two year","71","93.2","Credit card (automatic)","Low/Medium Risk"
"5482-VXSXJ","Male","Month-to-month","22","93.2","Mailed check","Low/Medium Risk"
"7159-NOKYQ","Male","Two year","67","93.15","Electronic check","Low/Medium Risk"
"8268-YDIXR","Male","One year","56","93.15","Electronic check","Low/Medium Risk"
"7322-OCWHC","Male","Two year","72","93.05","Bank transfer (automatic)","Low/Medium Risk"
"5141-ZUVBH","Female","Month-to-month","9","93","Bank transfer (automatic)","High Risk"
"2371-JQHZZ","Male","Month-to-month","24","93","Electronic check","Low/Medium Risk"
"0943-ZQPXH","Male","Month-to-month","44","92.95","Bank transfer (automatic)","Low/Medium Risk"
"7483-IQWIB","Male","Month-to-month","37","92.95","Electronic check","Low/Medium Risk"
"6986-IXNDM","Male","Month-to-month","14","92.9","Electronic check","Low/Medium Risk"
"5149-CUZUJ","Male","One year","28","92.9","Bank transfer (automatic)","Low/Medium Risk"
"8670-MEFCP","Female","Two year","36","92.9","Credit card (automatic)","Low/Medium Risk"
"5312-IRCFR","Female","One year","64","92.85","Electronic check","Low/Medium Risk"
"1930-WNXSB","Male","Month-to-month","58","92.85","Electronic check","Low/Medium Risk"
"6435-VWCCY","Male","Two year","65","92.7","Credit card (automatic)","Low/Medium Risk"
"2074-GUHPQ","Female","Month-to-month","17","92.7","Credit card (automatic)","Low/Medium Risk"
"0244-LGNFY","Female","Two year","72","92.65","Bank transfer (automatic)","Low/Medium Risk"
"6198-RTPMF","Female","Month-to-month","17","92.6","Electronic check","Low/Medium Risk"
"7668-XCFYV","Female","Month-to-month","17","92.55","Electronic check","Low/Medium Risk"
"3162-ZJZFU","Male","Month-to-month","53","92.55","Electronic check","Low/Medium Risk"
"5977-CKHON","Female","Month-to-month","43","92.55","Bank transfer (automatic)","Low/Medium Risk"
"0248-PGHBZ","Female","Two year","67","92.45","Bank transfer (automatic)","Low/Medium Risk"
"9589-ABEPT","Male","Two year","69","92.45","Mailed check","Low/Medium Risk"
"3466-RITXD","Male","Month-to-month","26","92.4","Credit card (automatic)","Low/Medium Risk"
"2167-FQSTQ","Female","Two year","72","92.4","Electronic check","Low/Medium Risk"
"9480-BQJEI","Male","One year","62","92.3","Bank transfer (automatic)","Low/Medium Risk"
"3967-KXAPS","Male","Two year","72","92.3","Credit card (automatic)","Low/Medium Risk"
"8417-GSODA","Male","One year","28","92.2","Bank transfer (automatic)","Low/Medium Risk"
"1568-LJSZU","Male","Two year","68","92.2","Credit card (automatic)","Low/Medium Risk"
"2000-DHJUY","Female","Two year","70","92.2","Bank transfer (automatic)","Low/Medium Risk"
"1063-DHQJF","Male","Two year","69","92.15","Mailed check","Low/Medium Risk"
"9644-KVCNC","Female","One year","66","92.15","Bank transfer (automatic)","Low/Medium Risk"
"4879-GZLFH","Female","Month-to-month","42","92.15","Electronic check","Low/Medium Risk"
"0516-UXRMT","Female","One year","62","92.05","Electronic check","Low/Medium Risk"
"2990-IAJSV","Male","Two year","72","92","Bank transfer (automatic)","Low/Medium Risk"
"3318-NMQXL","Male","Month-to-month","3","92","Electronic check","High Risk"
"9778-OGKQZ","Male","Two year","72","92","Credit card (automatic)","Low/Medium Risk"
"8752-GHJFU","Male","One year","71","92","Electronic check","Low/Medium Risk"
"3084-DOWLE","Female","Two year","72","92","Bank transfer (automatic)","Low/Medium Risk"
"4718-WXBGI","Male","Two year","72","91.95","Credit card (automatic)","Low/Medium Risk"
"2974-GGUXS","Female","Month-to-month","36","91.95","Credit card (automatic)","Low/Medium Risk"
"0595-ITUDF","Male","Month-to-month","64","91.8","Electronic check","Low/Medium Risk"
"7975-JMZNT","Male","Two year","66","91.7","Bank transfer (automatic)","Low/Medium Risk"
"1642-HMARX","Female","Two year","68","91.7","Electronic check","Low/Medium Risk"
"3717-LNXKW","Male","Month-to-month","38","91.7","Bank transfer (automatic)","Low/Medium Risk"
"5712-AHQNN","Female","Month-to-month","43","91.65","Electronic check","Low/Medium Risk"
"1455-HFBXA","Male","Two year","52","91.6","Credit card (automatic)","Low/Medium Risk"
"3227-WLKLI","Female","Two year","65","91.55","Bank transfer (automatic)","Low/Medium Risk"
"4001-TSBTV","Female","Month-to-month","58","91.55","Electronic check","Low/Medium Risk"
"0093-EXYQL","Female","Month-to-month","40","91.55","Electronic check","Low/Medium Risk"
"4583-PARNH","Male","Month-to-month","16","91.55","Electronic check","Low/Medium Risk"
"6745-JEFZB","Male","Month-to-month","35","91.5","Credit card (automatic)","Low/Medium Risk"
"9402-ORRAH","Female","Month-to-month","15","91.5","Electronic check","Low/Medium Risk"
"4927-WWOOZ","Male","Month-to-month","2","91.45","Electronic check","High Risk"
"4184-VODJZ","Male","One year","63","91.35","Electronic check","Low/Medium Risk"
"9297-EONCV","Female","Two year","72","91.35","Bank transfer (automatic)","Low/Medium Risk"
"9904-EHEVJ","Female","Month-to-month","32","91.35","Mailed check","Low/Medium Risk"
"1707-HABPF","Female","One year","46","91.3","Bank transfer (automatic)","Low/Medium Risk"
"7401-JIXNM","Female","Two year","54","91.3","Credit card (automatic)","Low/Medium Risk"
"5681-LLOEI","Male","One year","43","91.25","Credit card (automatic)","Low/Medium Risk"
"8849-AYPTR","Male","Month-to-month","33","91.25","Electronic check","Low/Medium Risk"
"0750-EBAIU","Male","One year","52","91.25","Electronic check","Low/Medium Risk"
"7579-KKLOE","Male","Two year","71","91.25","Mailed check","Low/Medium Risk"
"3736-BLEPA","Male","One year","28","91.25","Bank transfer (automatic)","Low/Medium Risk"
"0365-TRTPY","Female","Month-to-month","37","91.2","Bank transfer (automatic)","Low/Medium Risk"
"0048-LUMLS","Male","One year","37","91.2","Credit card (automatic)","Low/Medium Risk"
"9576-SYUHJ","Male","Month-to-month","37","91.15","Electronic check","Low/Medium Risk"
"1227-UDMZR","Female","Two year","72","91.15","Bank transfer (automatic)","Low/Medium Risk"
"7402-PWYJJ","Female","One year","53","91.15","Electronic check","Low/Medium Risk"
"5091-HFAZW","Female","Month-to-month","2","91.15","Electronic check","High Risk"
"6818-DJXAA","Female","Month-to-month","10","91.1","Electronic check","High Risk"
"5982-PSMKW","Female","Two year","23","91.1","Credit card (automatic)","Low/Medium Risk"
"2573-GYRUU","Male","Month-to-month","48","91.05","Credit card (automatic)","Low/Medium Risk"
"5377-NDTOU","Female","Two year","71","91.05","Mailed check","Low/Medium Risk"
"5222-IMUKT","Male","Month-to-month","32","91.05","Electronic check","Low/Medium Risk"
"5213-TWWJU","Male","Month-to-month","28","91","Electronic check","Low/Medium Risk"
"1379-FRVEB","Male","Month-to-month","15","91","Electronic check","Low/Medium Risk"
"4619-EVPHY","Female","One year","20","91","Bank transfer (automatic)","Low/Medium Risk"
"2378-HTWFW","Male","Month-to-month","35","91","Credit card (automatic)","Low/Medium Risk"
"8563-OYMQY","Male","Month-to-month","17","90.95","Credit card (automatic)","Low/Medium Risk"
"8189-XRIKE","Female","Month-to-month","32","90.95","Electronic check","Low/Medium Risk"
"7973-DZRKH","Female","Two year","66","90.95","Credit card (automatic)","Low/Medium Risk"
"7432-FFVAR","Female","One year","46","90.95","Bank transfer (automatic)","Low/Medium Risk"
"1971-DTCZB","Female","Two year","72","90.95","Bank transfer (automatic)","Low/Medium Risk"
"3569-JFODW","Female","Two year","72","90.95","Credit card (automatic)","Low/Medium Risk"
"2988-GBIVW","Female","Month-to-month","70","90.85","Electronic check","Low/Medium Risk"
"0112-QAWRZ","Male","Month-to-month","16","90.8","Bank transfer (automatic)","Low/Medium Risk"
"5727-MYATE","Male","Two year","72","90.8","Credit card (automatic)","Low/Medium Risk"
"6258-PVZWJ","Male","Two year","68","90.8","Credit card (automatic)","Low/Medium Risk"
"5214-NLTIT","Male","Two year","72","90.8","Credit card (automatic)","Low/Medium Risk"
"8189-HBVRW","Female","Month-to-month","53","90.8","Electronic check","Low/Medium Risk"
"4377-VDHYI","Male","One year","32","90.8","Electronic check","Low/Medium Risk"
"8622-ZLFKO","Female","Month-to-month","6","90.75","Electronic check","High Risk"
"4137-BTIKL","Male","Month-to-month","2","90.75","Mailed check","High Risk"
"0577-WHMEV","Female","Month-to-month","16","90.7","Electronic check","Low/Medium Risk"
"6486-LHTMA","Female","One year","31","90.7","Electronic check","Low/Medium Risk"
"3771-PZOBW","Male","Month-to-month","20","90.7","Credit card (automatic)","Low/Medium Risk"
"0432-CAJZV","Male","Month-to-month","3","90.7","Mailed check","High Risk"
"9281-OFDMF","Male","Month-to-month","39","90.7","Electronic check","Low/Medium Risk"
"6794-HKIAJ","Male","Month-to-month","62","90.7","Bank transfer (automatic)","Low/Medium Risk"
"5692-ICXLW","Male","Month-to-month","31","90.7","Electronic check","Low/Medium Risk"
"5198-EFNBM","Male","One year","57","90.65","Electronic check","Low/Medium Risk"
"9386-LDCZR","Male","One year","43","90.65","Credit card (automatic)","Low/Medium Risk"
"6908-VVYHM","Male","Month-to-month","65","90.65","Electronic check","Low/Medium Risk"
"8679-LZBMD","Male","One year","44","90.65","Bank transfer (automatic)","Low/Medium Risk"
"5339-PXDVH","Male","Month-to-month","4","90.65","Electronic check","High Risk"
"2495-KZNFB","Female","Month-to-month","33","90.65","Electronic check","Low/Medium Risk"
"8413-YNHNV","Male","Two year","69","90.65","Mailed check","Low/Medium Risk"
"2911-IJORQ","Male","One year","37","90.6","Bank transfer (automatic)","Low/Medium Risk"
"7928-VJYAB","Male","Month-to-month","11","90.6","Electronic check","High Risk"
"1897-OKVMW","Female","Two year","64","90.6","Mailed check","Low/Medium Risk"
"1951-IEYXM","Male","Two year","72","90.6","Credit card (automatic)","Low/Medium Risk"
"1020-JPQOW","Female","Month-to-month","56","90.55","Electronic check","Low/Medium Risk"
"5325-UWTWJ","Male","Month-to-month","31","90.55","Credit card (automatic)","Low/Medium Risk"
"3508-VLHCZ","Female","Two year","71","90.55","Credit card (automatic)","Low/Medium Risk"
"8646-JCOMS","Female","One year","66","90.55","Bank transfer (automatic)","Low/Medium Risk"
"7398-HPYZQ","Male","Two year","71","90.55","Bank transfer (automatic)","Low/Medium Risk"
"9224-VTYID","Male","Two year","47","90.5","Mailed check","Low/Medium Risk"
"6741-EGCBI","Male","Month-to-month","30","90.5","Credit card (automatic)","Low/Medium Risk"
"6507-ZJSUR","Male","Month-to-month","23","90.45","Electronic check","Low/Medium Risk"
"1174-FGIFN","Female","One year","28","90.45","Electronic check","Low/Medium Risk"
"0016-QLJIS","Female","Two year","65","90.45","Mailed check","Low/Medium Risk"
"4918-FYJNT","Female","Month-to-month","55","90.45","Electronic check","Low/Medium Risk"
"9548-ZMVTX","Male","Two year","72","90.45","Bank transfer (automatic)","Low/Medium Risk"
"7820-ZYGNY","Male","One year","63","90.45","Credit card (automatic)","Low/Medium Risk"
"5414-OFQCB","Male","Two year","57","90.45","Credit card (automatic)","Low/Medium Risk"
"8782-LKFPK","Male","Month-to-month","44","90.4","Mailed check","Low/Medium Risk"
"8266-VBFQL","Male","Month-to-month","4","90.4","Electronic check","High Risk"
"0258-NOKBL","Male","Month-to-month","3","90.4","Electronic check","High Risk"
"0795-LAFGP","Male","Two year","71","90.4","Electronic check","Low/Medium Risk"
"5131-PONJI","Male","Month-to-month","49","90.4","Credit card (automatic)","Low/Medium Risk"
"8496-DMZUK","Male","One year","30","90.4","Bank transfer (automatic)","Low/Medium Risk"
"7449-HVPIV","Male","Month-to-month","55","90.4","Credit card (automatic)","Low/Medium Risk"
"9469-WEJBT","Male","Month-to-month","37","90.35","Electronic check","Low/Medium Risk"
"0139-IVFJG","Female","Month-to-month","2","90.35","Electronic check","High Risk"
"5684-FJVYR","Female","Two year","72","90.35","Bank transfer (automatic)","Low/Medium Risk"
"8212-DJRCH","Male","Month-to-month","5","90.35","Mailed check","High Risk"
"1710-RCXUS","Male","One year","51","90.35","Credit card (automatic)","Low/Medium Risk"
"5248-KWLAR","Male","Two year","71","90.35","Electronic check","Low/Medium Risk"
"2252-ISRNH","Male","One year","9","90.35","Electronic check","Low/Medium Risk"
"0730-BGQGF","Male","Two year","71","90.3","Credit card (automatic)","Low/Medium Risk"
"9348-ROUAI","Female","Two year","59","90.3","Credit card (automatic)","Low/Medium Risk"
"4423-JWZJN","Male","One year","64","90.25","Credit card (automatic)","Low/Medium Risk"
"4813-HQMGZ","Female","Month-to-month","8","90.25","Electronic check","High Risk"
"8012-SOUDQ","Female","Month-to-month","43","90.25","Electronic check","Low/Medium Risk"
"5504-WSIUR","Female","One year","70","90.25","Bank transfer (automatic)","Low/Medium Risk"
"5248-YGIJN","Male","Two year","72","90.25","Credit card (automatic)","Low/Medium Risk"
"8871-JLMHM","Female","Two year","68","90.2","Credit card (automatic)","Low/Medium Risk"
"6122-LJADA","Male","Two year","70","90.15","Credit card (automatic)","Low/Medium Risk"
"9921-QFQUL","Female","Month-to-month","23","90.15","Mailed check","Low/Medium Risk"
"5248-RPYWW","Female","Two year","72","90.15","Bank transfer (automatic)","Low/Medium Risk"
"9691-HKOVS","Female","One year","55","90.15","Electronic check","Low/Medium Risk"
"1173-NOEYG","Female","Month-to-month","27","90.15","Bank transfer (automatic)","Low/Medium Risk"
"5913-INRQV","Male","One year","34","90.15","Mailed check","Low/Medium Risk"
"9419-IPPBE","Female","One year","51","90.15","Electronic check","Low/Medium Risk"
"0975-UYDTX","Female","One year","26","90.1","Credit card (automatic)","Low/Medium Risk"
"1941-HOSAM","Male","Month-to-month","1","90.1","Electronic check","High Risk"
"6969-MVBAI","Female","Month-to-month","9","90.1","Electronic check","High Risk"
"2400-XIWIO","Female","Two year","71","90.1","Electronic check","Low/Medium Risk"
"6893-ODYYE","Male","One year","50","90.1","Credit card (automatic)","Low/Medium Risk"
"7016-NVRIC","Male","One year","29","90.1","Bank transfer (automatic)","Low/Medium Risk"
"1568-BEKZM","Male","Two year","70","90.05","Credit card (automatic)","Low/Medium Risk"
"8058-DMYRU","Male","Month-to-month","54","90.05","Electronic check","Low/Medium Risk"
"4183-MYFRB","Female","Month-to-month","21","90.05","Electronic check","Low/Medium Risk"
"3154-CFSZG","Male","Month-to-month","47","90.05","Electronic check","Low/Medium Risk"
"6267-DCFFZ","Female","Month-to-month","30","90.05","Electronic check","Low/Medium Risk"
"3161-GETRM","Male","Month-to-month","34","90.05","Credit card (automatic)","Low/Medium Risk"
"8405-IGQFX","Female","One year","63","90.05","Credit card (automatic)","Low/Medium Risk"
"2977-CEBSX","Female","Two year","66","90.05","Credit card (automatic)","Low/Medium Risk"
"2207-QPJED","Female","Month-to-month","37","90","Electronic check","Low/Medium Risk"
"2322-VCZHZ","Male","Month-to-month","23","90","Electronic check","Low/Medium Risk"
"2139-FQHLM","Male","Month-to-month","19","89.95","Mailed check","Low/Medium Risk"
"7691-XVTZH","Female","Two year","68","89.95","Bank transfer (automatic)","Low/Medium Risk"
"1302-UHBDD","Male","Month-to-month","20","89.95","Electronic check","Low/Medium Risk"
"5117-ZSMHQ","Female","Two year","71","89.9","Bank transfer (automatic)","Low/Medium Risk"
"1215-FIGMP","Male","Month-to-month","60","89.9","Bank transfer (automatic)","Low/Medium Risk"
"4811-JBUVU","Male","Month-to-month","30","89.9","Credit card (automatic)","Low/Medium Risk"
"0839-JTCUD","Female","Two year","66","89.9","Credit card (automatic)","Low/Medium Risk"
"8751-EDEKA","Female","Month-to-month","28","89.9","Credit card (automatic)","Low/Medium Risk"
"4674-HGNUA","Male","Two year","71","89.9","Credit card (automatic)","Low/Medium Risk"
"7529-ZDFXI","Male","Month-to-month","57","89.85","Electronic check","Low/Medium Risk"
"7503-MIOGA","Female","Two year","72","89.85","Bank transfer (automatic)","Low/Medium Risk"
"6266-QHOJZ","Female","One year","65","89.85","Electronic check","Low/Medium Risk"
"3071-VBYPO","Male","Month-to-month","3","89.85","Electronic check","High Risk"
"2176-LVPNX","Female","Two year","71","89.85","Mailed check","Low/Medium Risk"
"5886-VLQVU","Male","Month-to-month","35","89.85","Bank transfer (automatic)","Low/Medium Risk"
"7682-AZNDK","Male","Month-to-month","34","89.85","Electronic check","Low/Medium Risk"
"2205-LPVGL","Male","One year","58","89.85","Bank transfer (automatic)","Low/Medium Risk"
"1775-KWJKQ","Male","Two year","72","89.85","Credit card (automatic)","Low/Medium Risk"
"4908-XAXAY","Female","One year","49","89.85","Bank transfer (automatic)","Low/Medium Risk"
"7952-OBOYL","Male","Month-to-month","3","89.85","Mailed check","High Risk"
"4402-FTBXC","Male","Month-to-month","54","89.8","Mailed check","Low/Medium Risk"
"7408-OFWXJ","Female","Two year","72","89.8","Credit card (automatic)","Low/Medium Risk"
"0058-EVZWM","Female","Month-to-month","55","89.8","Bank transfer (automatic)","Low/Medium Risk"
"4462-CYWMH","Male","Month-to-month","62","89.8","Bank transfer (automatic)","Low/Medium Risk"
"1754-GKYPY","Male","Month-to-month","22","89.75","Bank transfer (automatic)","Low/Medium Risk"
"6917-YACBP","Female","Month-to-month","59","89.75","Electronic check","Low/Medium Risk"
"9489-JMTTN","Female","Two year","72","89.75","Credit card (automatic)","Low/Medium Risk"
"3462-BJQQA","Female","Month-to-month","6","89.75","Electronic check","High Risk"
"4701-LKOZD","Female","Two year","70","89.75","Credit card (automatic)","Low/Medium Risk"
"5198-HQAEN","Male","One year","35","89.7","Electronic check","Low/Medium Risk"
"0238-WHBIQ","Male","Two year","72","89.7","Credit card (automatic)","Low/Medium Risk"
"1935-IMVBB","Male","Month-to-month","56","89.7","Mailed check","Low/Medium Risk"
"4137-JOPHL","Female","Two year","50","89.7","Bank transfer (automatic)","Low/Medium Risk"
"5968-XQIVE","Male","One year","72","89.7","Electronic check","Low/Medium Risk"
"2863-IMQDR","Female","Two year","61","89.65","Electronic check","Low/Medium Risk"
"0725-CXOTM","Female","One year","36","89.65","Credit card (automatic)","Low/Medium Risk"
"6897-UUBNU","Male","Month-to-month","29","89.65","Mailed check","Low/Medium Risk"
"9470-XCCEM","Male","Month-to-month","35","89.65","Bank transfer (automatic)","Low/Medium Risk"
"6906-MPARY","Male","One year","40","89.6","Credit card (automatic)","Low/Medium Risk"
"2432-TFSMK","Male","One year","18","89.6","Credit card (automatic)","Low/Medium Risk"
"0929-PECLO","Female","Month-to-month","63","89.6","Bank transfer (automatic)","Low/Medium Risk"
"4821-SJHJV","Female","Month-to-month","32","89.6","Electronic check","Low/Medium Risk"
"9742-XOKTS","Male","One year","67","89.55","Electronic check","Low/Medium Risk"
"7025-IWFHT","Male","One year","41","89.55","Electronic check","Low/Medium Risk"
"9350-VLHMB","Male","Month-to-month","67","89.55","Bank transfer (automatic)","Low/Medium Risk"
"3428-MMGUB","Male","Two year","60","89.55","Electronic check","Low/Medium Risk"
"7164-BPTUT","Male","Two year","57","89.55","Mailed check","Low/Medium Risk"
"5666-CYCYZ","Female","Month-to-month","24","89.55","Electronic check","Low/Medium Risk"
"1307-ATKGB","Male","Month-to-month","24","89.55","Electronic check","Low/Medium Risk"
"5348-CAGXB","Male","Month-to-month","12","89.55","Electronic check","Low/Medium Risk"
"3398-GCPMU","Female","Two year","72","89.55","Credit card (automatic)","Low/Medium Risk"
"0924-BJCRC","Female","Month-to-month","60","89.45","Electronic check","Low/Medium Risk"
"6900-RBKER","Male","Two year","52","89.45","Credit card (automatic)","Low/Medium Risk"
"8226-BXGES","Male","One year","64","89.45","Bank transfer (automatic)","Low/Medium Risk"
"2675-OTVVJ","Male","Month-to-month","31","89.45","Electronic check","Low/Medium Risk"
"6726-NNFWD","Female","Two year","71","89.45","Credit card (automatic)","Low/Medium Risk"
"5136-GFPMB","Male","Month-to-month","54","89.4","Credit card (automatic)","Low/Medium Risk"
"0130-SXOUN","Male","Month-to-month","66","89.4","Credit card (automatic)","Low/Medium Risk"
"6408-WHTEF","Male","Two year","72","89.4","Mailed check","Low/Medium Risk"
"1187-WILMM","Male","Two year","63","89.4","Credit card (automatic)","Low/Medium Risk"
"0829-XXPLX","Female","Month-to-month","20","89.4","Bank transfer (automatic)","Low/Medium Risk"
"4847-TAJYI","Female","Month-to-month","6","89.35","Electronic check","High Risk"
"6668-CNMFP","Female","One year","19","89.35","Bank transfer (automatic)","Low/Medium Risk"
"4273-MBHYA","Female","Month-to-month","1","89.35","Electronic check","High Risk"
"2194-IIQOF","Female","Two year","71","89.3","Credit card (automatic)","Low/Medium Risk"
"5898-IGSLP","Male","Month-to-month","31","89.3","Electronic check","Low/Medium Risk"
"6233-HXJMX","Female","Month-to-month","45","89.3","Credit card (automatic)","Low/Medium Risk"
"7577-SWIFR","Male","Month-to-month","1","89.25","Electronic check","High Risk"
"7030-NJVDP","Male","Month-to-month","24","89.25","Electronic check","Low/Medium Risk"
"8035-PWSEV","Female","Month-to-month","6","89.25","Electronic check","High Risk"
"7109-CQYUZ","Male","Two year","52","89.25","Mailed check","Low/Medium Risk"
"1818-ESQMW","Female","Month-to-month","27","89.2","Electronic check","Low/Medium Risk"
"1173-XZPYF","Female","Month-to-month","11","89.2","Electronic check","High Risk"
"9053-EJUNL","Male","Month-to-month","41","89.2","Electronic check","Low/Medium Risk"
"2758-RNWXS","Male","One year","35","89.2","Electronic check","Low/Medium Risk"
"5857-TYBCJ","Male","Month-to-month","44","89.2","Electronic check","Low/Medium Risk"
"7251-XFOIL","Female","Month-to-month","61","89.2","Mailed check","Low/Medium Risk"
"5575-TPIZQ","Male","Month-to-month","46","89.15","Credit card (automatic)","Low/Medium Risk"
"4853-OITSN","Male","Month-to-month","5","89.15","Electronic check","High Risk"
"4115-NZRKS","Female","Month-to-month","7","89.15","Electronic check","High Risk"
"5429-LWCMV","Female","Month-to-month","12","89.15","Electronic check","Low/Medium Risk"
"9391-DXGGG","Female","One year","44","89.15","Credit card (automatic)","Low/Medium Risk"
"5828-DWPIL","Male","Month-to-month","62","89.1","Electronic check","Low/Medium Risk"
"1452-KIOVK","Male","Month-to-month","22","89.1","Credit card (automatic)","Low/Medium Risk"
"1024-KPRBB","Female","One year","38","89.1","Mailed check","Low/Medium Risk"
"3219-JQRSL","Female","Two year","72","89.1","Credit card (automatic)","Low/Medium Risk"
"3427-GGZZI","Female","Month-to-month","19","89.1","Electronic check","Low/Medium Risk"
"1832-PEUTS","Male","Two year","62","89.1","Credit card (automatic)","Low/Medium Risk"
"5626-MGTUK","Female","Month-to-month","20","89.1","Bank transfer (automatic)","Low/Medium Risk"
"6369-MCAKO","Female","Two year","68","89.05","Bank transfer (automatic)","Low/Medium Risk"
"7277-OZCGZ","Female","Month-to-month","22","89.05","Electronic check","Low/Medium Risk"
"5997-OPVFA","Male","Two year","72","89.05","Bank transfer (automatic)","Low/Medium Risk"
"3224-DFQNQ","Female","One year","66","89","Electronic check","Low/Medium Risk"
"7508-SMHXL","Female","Month-to-month","15","89","Credit card (automatic)","Low/Medium Risk"
"0187-QSXOE","Male","Month-to-month","7","89","Electronic check","High Risk"
"9415-ZNBSX","Female","Two year","70","89","Bank transfer (automatic)","Low/Medium Risk"
"9553-DLCLU","Female","Two year","13","88.95","Credit card (automatic)","Low/Medium Risk"
"0581-MDMPW","Female","Month-to-month","24","88.95","Credit card (automatic)","Low/Medium Risk"
"4622-YNKIJ","Male","Two year","33","88.95","Electronic check","Low/Medium Risk"
"4274-DRSQT","Female","One year","66","88.9","Bank transfer (automatic)","Low/Medium Risk"
"4355-CVPVS","Female","One year","56","88.9","Bank transfer (automatic)","Low/Medium Risk"
"2657-VPXTA","Female","Month-to-month","10","88.85","Electronic check","High Risk"
"4636-JGAAI","Male","Month-to-month","34","88.85","Mailed check","Low/Medium Risk"
"4521-YEEHE","Female","Month-to-month","18","88.85","Electronic check","Low/Medium Risk"
"8100-PNJMH","Male","Two year","68","88.85","Credit card (automatic)","Low/Medium Risk"
"2672-TGEFF","Female","Month-to-month","37","88.8","Electronic check","Low/Medium Risk"
"9220-ZNKJI","Female","Two year","55","88.8","Credit card (automatic)","Low/Medium Risk"
"1169-WCVAK","Male","Month-to-month","19","88.8","Credit card (automatic)","Low/Medium Risk"
"6352-GIGGQ","Male","One year","67","88.8","Bank transfer (automatic)","Low/Medium Risk"
"1658-XUHBX","Female","Month-to-month","59","88.75","Credit card (automatic)","Low/Medium Risk"
"9054-FOWNV","Male","Month-to-month","22","88.75","Electronic check","Low/Medium Risk"
"2925-VDZHY","Male","Two year","72","88.7","Credit card (automatic)","Low/Medium Risk"
"6701-YVNQG","Male","Two year","72","88.7","Credit card (automatic)","Low/Medium Risk"
"9777-WJJPR","Male","Month-to-month","31","88.65","Credit card (automatic)","Low/Medium Risk"
"3654-ARMGP","Female","Two year","61","88.65","Credit card (automatic)","Low/Medium Risk"
"3649-JPUGY","Male","Two year","72","88.6","Bank transfer (automatic)","Low/Medium Risk"
"5846-QFDFI","Female","Month-to-month","33","88.6","Credit card (automatic)","Low/Medium Risk"
"7873-CVMAW","Male","Two year","72","88.55","Credit card (automatic)","Low/Medium Risk"
"6963-EZQEE","Male","Two year","70","88.55","Credit card (automatic)","Low/Medium Risk"
"9626-VFRGG","Female","Month-to-month","41","88.5","Bank transfer (automatic)","Low/Medium Risk"
"2811-POVEX","Female","Month-to-month","23","88.45","Bank transfer (automatic)","Low/Medium Risk"
"7964-ZRKKG","Male","One year","67","88.4","Bank transfer (automatic)","Low/Medium Risk"
"4633-MKHYU","Female","Month-to-month","9","88.4","Mailed check","High Risk"
"4526-ZJJTM","Female","Month-to-month","25","88.4","Bank transfer (automatic)","Low/Medium Risk"
"9681-KYGYB","Male","Month-to-month","49","88.2","Electronic check","Low/Medium Risk"
"2088-IEBAU","Female","Two year","68","88.15","Electronic check","Low/Medium Risk"
"9688-YGXVR","Female","Month-to-month","44","88.15","Credit card (automatic)","Low/Medium Risk"
"0123-CRBRT","Female","Two year","61","88.1","Mailed check","Low/Medium Risk"
"3146-MSEGF","Female","Two year","72","88.05","Credit card (automatic)","Low/Medium Risk"
"5879-HMFFH","Female","Two year","72","88.05","Bank transfer (automatic)","Low/Medium Risk"
"4123-DVHPH","Male","Month-to-month","9","88.05","Electronic check","High Risk"
"8690-ZVLCL","Female","Two year","68","88","Credit card (automatic)","Low/Medium Risk"
"4178-EGMON","Male","Two year","70","88","Credit card (automatic)","Low/Medium Risk"
"6461-SZMCV","Female","Two year","71","87.95","Bank transfer (automatic)","Low/Medium Risk"
"9741-YLNTD","Male","Month-to-month","6","87.95","Bank transfer (automatic)","High Risk"
"4660-IRIBM","Male","Month-to-month","18","87.9","Mailed check","Low/Medium Risk"
"5294-DMSFH","Female","Month-to-month","29","87.8","Credit card (automatic)","Low/Medium Risk"
"9529-OFXHY","Male","Month-to-month","15","87.75","Bank transfer (automatic)","Low/Medium Risk"
"7661-CPURM","Male","One year","19","87.7","Credit card (automatic)","Low/Medium Risk"
"7241-AJHFS","Male","Month-to-month","32","87.65","Bank transfer (automatic)","Low/Medium Risk"
"4673-KKSLS","Female","Month-to-month","31","87.6","Electronic check","Low/Medium Risk"
"5240-CAOYT","Female","Month-to-month","57","87.55","Bank transfer (automatic)","Low/Medium Risk"
"4077-HWUYD","Male","Two year","72","87.55","Bank transfer (automatic)","Low/Medium Risk"
"1142-IHLOO","Female","One year","51","87.55","Credit card (automatic)","Low/Medium Risk"
"5973-EJGDP","Male","Month-to-month","51","87.35","Electronic check","Low/Medium Risk"
"1580-BMCMR","Male","Month-to-month","19","87.3","Electronic check","Low/Medium Risk"
"8707-RMEZH","Female","One year","69","87.3","Credit card (automatic)","Low/Medium Risk"
"6365-HITVU","Female","Two year","71","87.25","Credit card (automatic)","Low/Medium Risk"
"0178-SZBHO","Male","Month-to-month","47","87.2","Electronic check","Low/Medium Risk"
"5204-HMGYF","Female","One year","49","87.2","Mailed check","Low/Medium Risk"
"6156-UZDLF","Female","One year","26","87.15","Credit card (automatic)","Low/Medium Risk"
"7609-YBPXG","Male","Two year","54","87.1","Bank transfer (automatic)","Low/Medium Risk"
"4884-ZTHVF","Female","Month-to-month","8","87.1","Electronic check","High Risk"
"5980-BDHPY","Male","Two year","72","87.1","Bank transfer (automatic)","Low/Medium Risk"
"0428-IKYCP","Male","Month-to-month","22","87","Bank transfer (automatic)","Low/Medium Risk"
"0840-DCNZE","Male","One year","47","86.95","Bank transfer (automatic)","Low/Medium Risk"
"4685-ERGHK","Male","One year","57","86.9","Electronic check","Low/Medium Risk"
"2885-HIJDH","Male","Two year","69","86.9","Bank transfer (automatic)","Low/Medium Risk"
"0363-SVHYR","Male","Two year","71","86.85","Bank transfer (automatic)","Low/Medium Risk"
"0168-XZKBB","Female","Month-to-month","19","86.85","Electronic check","Low/Medium Risk"
"2294-SALNE","Male","One year","23","86.8","Mailed check","Low/Medium Risk"
"2504-DSHIH","Male","Month-to-month","23","86.8","Electronic check","Low/Medium Risk"
"0744-GKNGE","Female","Month-to-month","64","86.8","Bank transfer (automatic)","Low/Medium Risk"
"1498-NHTLT","Male","Two year","59","86.75","Electronic check","Low/Medium Risk"
"5686-CMAWK","Male","One year","17","86.75","Electronic check","Low/Medium Risk"
"7472-EQOAV","Male","One year","71","86.7","Bank transfer (automatic)","Low/Medium Risk"
"4006-HKYHO","Male","Two year","63","86.7","Bank transfer (automatic)","Low/Medium Risk"
"8404-FYDIB","Male","Month-to-month","26","86.65","Credit card (automatic)","Low/Medium Risk"
"0744-BIKKF","Male","Two year","72","86.65","Bank transfer (automatic)","Low/Medium Risk"
"4723-BEGSG","Male","Two year","72","86.65","Credit card (automatic)","Low/Medium Risk"
"7301-ABVAD","Female","Two year","72","86.6","Bank transfer (automatic)","Low/Medium Risk"
"8060-HIWJJ","Male","Two year","64","86.55","Credit card (automatic)","Low/Medium Risk"
"7858-GTZSP","Female","Month-to-month","12","86.55","Electronic check","Low/Medium Risk"
"7658-UYUQS","Male","Month-to-month","21","86.55","Bank transfer (automatic)","Low/Medium Risk"
"3638-VBZTA","Male","Two year","68","86.5","Bank transfer (automatic)","Low/Medium Risk"
"6695-AMZUF","Female","Two year","70","86.45","Credit card (automatic)","Low/Medium Risk"
"0141-YEAYS","Female","Month-to-month","27","86.45","Bank transfer (automatic)","Low/Medium Risk"
"1334-PDUKM","Female","One year","68","86.45","Credit card (automatic)","Low/Medium Risk"
"3166-PNEOF","Female","Two year","61","86.45","Credit card (automatic)","Low/Medium Risk"
"8812-ZRHFP","Female","One year","30","86.45","Electronic check","Low/Medium Risk"
"5129-HHMZC","Female","Two year","43","86.45","Credit card (automatic)","Low/Medium Risk"
"6339-TBELP","Male","Two year","71","86.4","Credit card (automatic)","Low/Medium Risk"
"0880-FVFWF","Male","Month-to-month","56","86.4","Electronic check","Low/Medium Risk"
"7508-DQAKK","Female","Two year","64","86.4","Credit card (automatic)","Low/Medium Risk"
"8218-FFJDS","Female","Two year","72","86.4","Bank transfer (automatic)","Low/Medium Risk"
"9134-WYRVP","Male","One year","51","86.35","Mailed check","Low/Medium Risk"
"5989-PGKJB","Female","Month-to-month","16","86.25","Electronic check","Low/Medium Risk"
"3914-FDRHP","Male","Month-to-month","9","86.25","Electronic check","High Risk"
"3797-FKOGQ","Male","Month-to-month","11","86.2","Electronic check","High Risk"
"0292-WEGCH","Female","Month-to-month","54","86.2","Electronic check","Low/Medium Risk"
"5651-CRHKQ","Female","One year","41","86.2","Bank transfer (automatic)","Low/Medium Risk"
"2990-OGYTD","Female","Two year","67","86.15","Bank transfer (automatic)","Low/Medium Risk"
"9435-JMLSX","Male","Two year","71","86.1","Bank transfer (automatic)","Low/Medium Risk"
"5651-YLPRD","Female","Month-to-month","32","86.1","Electronic check","Low/Medium Risk"
"7460-ITWWP","Female","Month-to-month","45","86.1","Electronic check","Low/Medium Risk"
"2716-GFZOR","Male","Month-to-month","43","86.1","Credit card (automatic)","Low/Medium Risk"
"3259-QMXUN","Male","Two year","58","86.1","Electronic check","Low/Medium Risk"
"9073-ZZIAY","Male","Two year","62","86.1","Electronic check","Low/Medium Risk"
"8374-UULRV","Male","Two year","72","86.05","Credit card (automatic)","Low/Medium Risk"
"0682-USIXD","Female","Month-to-month","21","86.05","Electronic check","Low/Medium Risk"
"1212-GLHMD","Male","Month-to-month","3","86.05","Mailed check","High Risk"
"3452-ABWRL","Male","Month-to-month","47","86.05","Credit card (automatic)","Low/Medium Risk"
"2038-OEQZH","Male","Month-to-month","4","86.05","Electronic check","High Risk"
"5433-KYGHE","Female","Month-to-month","14","86","Mailed check","Low/Medium Risk"
"2876-GZYZC","Female","Month-to-month","13","85.95","Electronic check","Low/Medium Risk"
"8734-DKSTZ","Female","Month-to-month","10","85.95","Electronic check","High Risk"
"8132-YPVBX","Female","Month-to-month","6","85.95","Mailed check","High Risk"
"9339-FIIJL","Male","Two year","72","85.95","Bank transfer (automatic)","Low/Medium Risk"
"6732-VAILE","Male","Two year","70","85.95","Credit card (automatic)","Low/Medium Risk"
"2960-NKRSO","Male","Month-to-month","24","85.95","Electronic check","Low/Medium Risk"
"2226-ICFDO","Female","Two year","72","85.9","Credit card (automatic)","Low/Medium Risk"
"6726-WEXXK","Male","One year","27","85.9","Electronic check","Low/Medium Risk"
"5485-ITNPC","Male","Two year","66","85.9","Bank transfer (automatic)","Low/Medium Risk"
"7621-VPNET","Female","Month-to-month","42","85.9","Credit card (automatic)","Low/Medium Risk"
"5522-NYKPB","Male","Month-to-month","25","85.9","Electronic check","Low/Medium Risk"
"5201-USSQZ","Female","Month-to-month","26","85.9","Credit card (automatic)","Low/Medium Risk"
"7951-VRDVK","Female","One year","36","85.85","Bank transfer (automatic)","Low/Medium Risk"
"9711-FJTBX","Male","One year","56","85.85","Mailed check","Low/Medium Risk"
"9885-AIBVB","Male","Month-to-month","29","85.8","Electronic check","Low/Medium Risk"
"0118-JPNOY","Female","Month-to-month","26","85.8","Credit card (automatic)","Low/Medium Risk"
"0689-DSXGL","Female","Month-to-month","52","85.8","Bank transfer (automatic)","Low/Medium Risk"
"5226-NOZFC","Male","Month-to-month","26","85.75","Electronic check","Low/Medium Risk"
"6885-PKOAM","Female","Two year","71","85.75","Credit card (automatic)","Low/Medium Risk"
"3982-DQLUS","Male","Month-to-month","65","85.75","Electronic check","Low/Medium Risk"
"0869-PAPRP","Female","Month-to-month","26","85.7","Credit card (automatic)","Low/Medium Risk"
"3916-NRPAP","Male","Month-to-month","3","85.7","Credit card (automatic)","High Risk"
"6563-VNPMN","Female","Month-to-month","45","85.7","Bank transfer (automatic)","Low/Medium Risk"
"1492-QGCLU","Male","Month-to-month","53","85.7","Electronic check","Low/Medium Risk"
"7994-UYIVZ","Male","Month-to-month","8","85.65","Bank transfer (automatic)","High Risk"
"9944-AEXBM","Male","Month-to-month","32","85.65","Bank transfer (automatic)","Low/Medium Risk"
"7622-FWGEW","Male","Two year","56","85.65","Bank transfer (automatic)","Low/Medium Risk"
"7892-QVYKW","Female","Month-to-month","23","85.6","Electronic check","Low/Medium Risk"
"2027-CWDNU","Male","Month-to-month","18","85.6","Electronic check","Low/Medium Risk"
"5018-GWURO","Female","Month-to-month","56","85.6","Bank transfer (automatic)","Low/Medium Risk"
"4395-PZMSN","Male","Month-to-month","5","85.55","Electronic check","High Risk"
"3733-UOCWF","Male","One year","61","85.55","Bank transfer (automatic)","Low/Medium Risk"
"1084-MNSMJ","Female","Two year","51","85.5","Credit card (automatic)","Low/Medium Risk"
"3301-VKTGC","Male","One year","68","85.5","Bank transfer (automatic)","Low/Medium Risk"
"2215-ZAFGX","Male","Month-to-month","9","85.5","Electronic check","High Risk"
"0913-XWSCN","Male","Month-to-month","55","85.5","Bank transfer (automatic)","Low/Medium Risk"
"6997-UVGOX","Male","Two year","71","85.45","Bank transfer (automatic)","Low/Medium Risk"
"3370-GQEAL","Male","Month-to-month","30","85.45","Electronic check","Low/Medium Risk"
"6161-ERDGD","Male","One year","71","85.45","Electronic check","Low/Medium Risk"
"2790-XUYMV","Male","One year","71","85.45","Credit card (automatic)","Low/Medium Risk"
"1785-BPHTP","Male","Month-to-month","28","85.45","Electronic check","Low/Medium Risk"
"6631-HMANX","Male","Two year","72","85.45","Credit card (automatic)","Low/Medium Risk"
"1170-SASML","Female","Month-to-month","69","85.4","Bank transfer (automatic)","Low/Medium Risk"
"7037-MTYVW","Male","Two year","38","85.4","Bank transfer (automatic)","Low/Medium Risk"
"5153-RTHKF","Female","Month-to-month","34","85.35","Electronic check","Low/Medium Risk"
"0383-CLDDA","Female","Two year","69","85.35","Credit card (automatic)","Low/Medium Risk"
"1845-CSBRZ","Female","Month-to-month","22","85.35","Bank transfer (automatic)","Low/Medium Risk"
"2211-RMNHO","Female","Two year","68","85.3","Bank transfer (automatic)","Low/Medium Risk"
"0945-TSONX","Female","Two year","47","85.3","Credit card (automatic)","Low/Medium Risk"
"2135-DQWAQ","Female","Month-to-month","5","85.3","Mailed check","High Risk"
"6479-VDGRK","Female","Two year","72","85.3","Bank transfer (automatic)","Low/Medium Risk"
"0419-YAAPX","Male","Month-to-month","49","85.3","Credit card (automatic)","Low/Medium Risk"
"2959-FENLU","Female","Month-to-month","9","85.3","Credit card (automatic)","High Risk"
"6719-OXYBR","Male","Month-to-month","15","85.3","Electronic check","Low/Medium Risk"
"0455-ENTCR","Male","Two year","66","85.25","Electronic check","Low/Medium Risk"
"9225-BZLNZ","Male","Two year","72","85.25","Electronic check","Low/Medium Risk"
"0723-FDLAY","Male","One year","44","85.25","Bank transfer (automatic)","Low/Medium Risk"
"0436-TWFFZ","Female","Two year","67","85.25","Mailed check","Low/Medium Risk"
"0666-UXTJO","Male","Month-to-month","34","85.2","Credit card (automatic)","Low/Medium Risk"
"3709-OIJEA","Male","One year","26","85.2","Electronic check","Low/Medium Risk"
"1200-TUZHR","Female","Month-to-month","8","85.2","Electronic check","High Risk"
"9445-ZUEQE","Male","Month-to-month","27","85.2","Credit card (automatic)","Low/Medium Risk"
"1394-SUIUH","Female","Month-to-month","44","85.15","Electronic check","Low/Medium Risk"
"7596-LDUXP","Female","One year","12","85.15","Credit card (automatic)","Low/Medium Risk"
"2252-NKNSI","Male","Two year","52","85.15","Mailed check","Low/Medium Risk"
"0078-XZMHT","Male","Two year","72","85.15","Bank transfer (automatic)","Low/Medium Risk"
"7156-MXBJE","Female","One year","43","85.1","Credit card (automatic)","Low/Medium Risk"
"3541-ZNUHK","Female","Month-to-month","55","85.1","Electronic check","Low/Medium Risk"
"9453-PATOS","Female","Two year","72","85.1","Mailed check","Low/Medium Risk"
"2404-JIBFC","Female","Two year","55","85.1","Bank transfer (automatic)","Low/Medium Risk"
"9121-PHQSR","Male","Month-to-month","16","85.05","Credit card (automatic)","Low/Medium Risk"
"4536-PLEQY","Male","Month-to-month","12","85.05","Credit card (automatic)","Low/Medium Risk"
"4851-BQDNX","Male","One year","40","85.05","Electronic check","Low/Medium Risk"
"2378-YIZKA","Female","Two year","68","85","Credit card (automatic)","Low/Medium Risk"
"1628-BIZYP","Male","Month-to-month","1","85","Electronic check","High Risk"
"9795-NREXC","Female","Two year","64","85","Credit card (automatic)","Low/Medium Risk"
"6901-GOGZG","Male","Two year","60","84.95","Electronic check","Low/Medium Risk"
"9978-HYCIN","Male","One year","47","84.95","Bank transfer (automatic)","Low/Medium Risk"
"6691-CCIHA","Female","Two year","62","84.95","Electronic check","Low/Medium Risk"
"9208-OLGAQ","Female","Month-to-month","18","84.95","Electronic check","Low/Medium Risk"
"1766-GKNMI","Male","Month-to-month","29","84.9","Electronic check","Low/Medium Risk"
"8125-QPFJD","Female","Two year","72","84.9","Bank transfer (automatic)","Low/Medium Risk"
"3865-ZYKAD","Male","Month-to-month","69","84.9","Credit card (automatic)","Low/Medium Risk"
"7586-ZATGZ","Male","Month-to-month","40","84.9","Electronic check","Low/Medium Risk"
"6473-ULUHT","Male","Month-to-month","16","84.9","Electronic check","Low/Medium Risk"
"7711-YIJWC","Male","One year","61","84.9","Bank transfer (automatic)","Low/Medium Risk"
"3737-XBQDD","Male","Month-to-month","24","84.85","Bank transfer (automatic)","Low/Medium Risk"
"6916-HIJSE","Female","Two year","65","84.85","Bank transfer (automatic)","Low/Medium Risk"
"5216-WASFJ","Female","Month-to-month","31","84.85","Electronic check","Low/Medium Risk"
"5019-GQVCR","Male","Month-to-month","43","84.85","Electronic check","Low/Medium Risk"
"6840-RESVB","Male","One year","24","84.8","Mailed check","Low/Medium Risk"
"2126-GSEGL","Female","Two year","70","84.8","Bank transfer (automatic)","Low/Medium Risk"
"3572-UOLYZ","Female","Month-to-month","46","84.8","Bank transfer (automatic)","Low/Medium Risk"
"8565-WUXZU","Male","Two year","72","84.8","Credit card (automatic)","Low/Medium Risk"
"0315-LVCRK","Male","Month-to-month","11","84.8","Electronic check","High Risk"
"0310-SUCIN","Female","One year","71","84.8","Bank transfer (automatic)","Low/Medium Risk"
"9774-NRNAU","Male","Month-to-month","27","84.8","Bank transfer (automatic)","Low/Medium Risk"
"6736-DHUQI","Female","One year","67","84.8","Bank transfer (automatic)","Low/Medium Risk"
"9314-IJWSQ","Female","Month-to-month","14","84.8","Electronic check","Low/Medium Risk"
"1298-PHBTI","Male","Two year","71","84.8","Electronic check","Low/Medium Risk"
"7398-LXGYX","Male","Month-to-month","44","84.8","Credit card (automatic)","Low/Medium Risk"
"5934-RMPOV","Female","Month-to-month","22","84.75","Electronic check","Low/Medium Risk"
"2916-BQZLN","Male","Month-to-month","19","84.75","Electronic check","Low/Medium Risk"
"2455-USLMV","Female","Month-to-month","31","84.75","Credit card (automatic)","Low/Medium Risk"
"5788-YPOEG","Female","Two year","34","84.75","Mailed check","Low/Medium Risk"
"2987-BJXIK","Female","Two year","70","84.7","Mailed check","Low/Medium Risk"
"3262-EIDHV","Female","Two year","72","84.7","Credit card (automatic)","Low/Medium Risk"
"7570-WELNY","Female","Two year","68","84.7","Bank transfer (automatic)","Low/Medium Risk"
"9135-MGVPY","Male","Two year","69","84.7","Mailed check","Low/Medium Risk"
"8242-SOQUO","Female","Month-to-month","5","84.7","Electronic check","High Risk"
"8398-TBIYD","Female","Two year","72","84.7","Bank transfer (automatic)","Low/Medium Risk"
"0014-BMAQU","Male","Two year","63","84.65","Credit card (automatic)","Low/Medium Risk"
"4098-NAUKP","Male","Month-to-month","68","84.65","Electronic check","Low/Medium Risk"
"1414-YADCW","Male","Two year","70","84.6","Bank transfer (automatic)","Low/Medium Risk"
"4912-PIGUY","Female","Month-to-month","1","84.6","Electronic check","High Risk"
"3196-NVXLZ","Female","Month-to-month","25","84.6","Mailed check","Low/Medium Risk"
"9677-AVKED","Female","One year","53","84.6","Electronic check","Low/Medium Risk"
"1319-YLZJG","Male","Month-to-month","12","84.6","Electronic check","Low/Medium Risk"
"7517-LDMPS","Female","Month-to-month","12","84.6","Electronic check","Low/Medium Risk"
"8868-GAGIO","Male","Month-to-month","45","84.55","Mailed check","Low/Medium Risk"
"8390-FESFV","Female","Two year","62","84.5","Bank transfer (automatic)","Low/Medium Risk"
"9297-FVVDH","Female","Two year","57","84.5","Electronic check","Low/Medium Risk"
"3714-NTNFO","Female","Month-to-month","49","84.5","Electronic check","Low/Medium Risk"
"7971-HLVXI","Male","Two year","72","84.5","Credit card (automatic)","Low/Medium Risk"
"9938-EKRGF","Female","Month-to-month","15","84.45","Mailed check","Low/Medium Risk"
"0197-PNKNK","Female","One year","69","84.45","Bank transfer (automatic)","Low/Medium Risk"
"5766-FTRTS","Male","Two year","72","84.45","Mailed check","Low/Medium Risk"
"2957-JIRMN","Female","One year","62","84.45","Electronic check","Low/Medium Risk"
"3108-PCCGG","Male","Two year","72","84.45","Credit card (automatic)","Low/Medium Risk"
"4973-MGTON","Female","Two year","71","84.4","Credit card (automatic)","Low/Medium Risk"
"6250-CGGUN","Male","One year","54","84.4","Electronic check","Low/Medium Risk"
"8883-ANODQ","Female","Two year","68","84.4","Credit card (automatic)","Low/Medium Risk"
"8661-BOYNW","Female","Two year","72","84.4","Credit card (automatic)","Low/Medium Risk"
"7299-GNVPL","Female","Month-to-month","23","84.4","Mailed check","Low/Medium Risk"
"8999-YPYBV","Male","Two year","45","84.35","Mailed check","Low/Medium Risk"
"3569-EDBPQ","Female","Month-to-month","24","84.35","Electronic check","Low/Medium Risk"
"9194-GFVOI","Female","Two year","42","84.35","Credit card (automatic)","Low/Medium Risk"
"2123-AGEEN","Female","Month-to-month","7","84.35","Electronic check","High Risk"
"5609-IMCGG","Female","Month-to-month","15","84.35","Credit card (automatic)","Low/Medium Risk"
"8875-AKBYH","Male","Month-to-month","20","84.35","Electronic check","Low/Medium Risk"
"5117-IFGPS","Male","Month-to-month","29","84.3","Electronic check","Low/Medium Risk"
"2636-SJDOU","Male","One year","64","84.3","Credit card (automatic)","Low/Medium Risk"
"0215-BQKGS","Male","Month-to-month","30","84.3","Credit card (automatic)","Low/Medium Risk"
"3938-YFPXD","Male","Two year","72","84.3","Credit card (automatic)","Low/Medium Risk"
"5950-AAAGJ","Male","Month-to-month","18","84.3","Bank transfer (automatic)","Low/Medium Risk"
"5641-DMBFJ","Female","Two year","58","84.3","Electronic check","Low/Medium Risk"
"4993-JCRGJ","Male","Month-to-month","26","84.3","Mailed check","Low/Medium Risk"
"0225-ZORZP","Male","Month-to-month","3","84.3","Electronic check","High Risk"
"5016-IBERQ","Male","Month-to-month","23","84.25","Electronic check","Low/Medium Risk"
"8034-RYTVV","Female","One year","55","84.25","Credit card (automatic)","Low/Medium Risk"
"7654-YWJUF","Male","One year","43","84.25","Bank transfer (automatic)","Low/Medium Risk"
"0239-OXEXL","Female","Month-to-month","46","84.25","Mailed check","Low/Medium Risk"
"5003-XZWWO","Male","Two year","71","84.2","Credit card (automatic)","Low/Medium Risk"
"2725-TTRIQ","Female","Two year","72","84.2","Bank transfer (automatic)","Low/Medium Risk"
"2330-PQGDQ","Male","One year","51","84.2","Bank transfer (automatic)","Low/Medium Risk"
"2040-LDIWQ","Male","Two year","65","84.2","Bank transfer (automatic)","Low/Medium Risk"
"1136-XGEQU","Female","One year","50","84.15","Credit card (automatic)","Low/Medium Risk"
"9167-APMXZ","Female","Month-to-month","22","84.15","Bank transfer (automatic)","Low/Medium Risk"
"5032-USPKF","Female","One year","38","84.1","Bank transfer (automatic)","Low/Medium Risk"
"9530-GRMJG","Male","Two year","70","84.1","Electronic check","Low/Medium Risk"
"9919-FZDED","Male","Two year","72","84.1","Credit card (automatic)","Low/Medium Risk"
"5628-FCGYG","Male","Month-to-month","21","84.1","Electronic check","Low/Medium Risk"
"6437-UDQJM","Female","Two year","72","84.1","Credit card (automatic)","Low/Medium Risk"
"7803-XOCCZ","Female","Month-to-month","52","84.05","Bank transfer (automatic)","Low/Medium Risk"
"2904-GGUAZ","Female","Two year","72","84.05","Bank transfer (automatic)","Low/Medium Risk"
"2545-EBUPK","Female","Month-to-month","2","84.05","Electronic check","High Risk"
"3192-LNKRK","Male","Month-to-month","34","84.05","Mailed check","Low/Medium Risk"
"3489-HHPFY","Female","Month-to-month","2","84.05","Electronic check","High Risk"
"8800-JOOCF","Female","Month-to-month","12","84.05","Electronic check","Low/Medium Risk"
"8739-XNIKG","Female","Month-to-month","5","84","Electronic check","High Risk"
"2055-BFOCC","Male","One year","63","84","Bank transfer (automatic)","Low/Medium Risk"
"7233-PAHHL","Male","Two year","66","84","Mailed check","Low/Medium Risk"
"3720-DBRWL","Male","Two year","51","83.85","Credit card (automatic)","Low/Medium Risk"
"0822-QGCXA","Female","Month-to-month","27","83.85","Electronic check","Low/Medium Risk"
"9812-GHVRI","Female","Month-to-month","40","83.85","Bank transfer (automatic)","Low/Medium Risk"
"4833-QTJNO","Male","Month-to-month","67","83.85","Bank transfer (automatic)","Low/Medium Risk"
"0410-IPFTY","Female","Month-to-month","31","83.85","Bank transfer (automatic)","Low/Medium Risk"
"6407-UTSLV","Female","Month-to-month","2","83.8","Bank transfer (automatic)","High Risk"
"8705-DWKTI","Male","Month-to-month","52","83.8","Credit card (automatic)","Low/Medium Risk"
"0027-KWYKW","Female","Month-to-month","23","83.75","Electronic check","Low/Medium Risk"
"7101-HRBLJ","Female","Two year","72","83.7","Bank transfer (automatic)","Low/Medium Risk"
"3282-ZISZV","Male","One year","32","83.7","Credit card (automatic)","Low/Medium Risk"
"2868-LLSKM","Female","One year","68","83.65","Bank transfer (automatic)","Low/Medium Risk"
"3544-FBCAS","Female","Two year","72","83.6","Credit card (automatic)","Low/Medium Risk"
"5060-TQUQN","Male","Month-to-month","30","83.55","Bank transfer (automatic)","Low/Medium Risk"
"6656-GULJQ","Male","Two year","72","83.55","Credit card (automatic)","Low/Medium Risk"
"3365-SAIGS","Female","Month-to-month","17","83.55","Electronic check","Low/Medium Risk"
"0459-SPZHJ","Male","Two year","63","83.5","Credit card (automatic)","Low/Medium Risk"
"2921-XWDJH","Female","Month-to-month","38","83.45","Electronic check","Low/Medium Risk"
"8822-KNBHV","Female","One year","48","83.45","Credit card (automatic)","Low/Medium Risk"
"5076-YVXCM","Male","Month-to-month","51","83.4","Bank transfer (automatic)","Low/Medium Risk"
"2792-LSHWX","Female","Month-to-month","1","83.4","Mailed check","High Risk"
"5371-VYLSX","Female","Month-to-month","50","83.4","Electronic check","Low/Medium Risk"
"5197-LQXXH","Female","Two year","71","83.3","Credit card (automatic)","Low/Medium Risk"
"4827-DPADN","Female","Two year","72","83.3","Bank transfer (automatic)","Low/Medium Risk"
"7989-VCQOH","Male","Month-to-month","18","83.25","Electronic check","Low/Medium Risk"
"6418-HNFED","Male","Two year","51","83.25","Credit card (automatic)","Low/Medium Risk"
"6630-UJZMY","Female","Month-to-month","4","83.25","Electronic check","High Risk"
"7346-MEDWM","Female","Month-to-month","59","83.25","Electronic check","Low/Medium Risk"
"6633-SYEUS","Female","Month-to-month","23","83.2","Bank transfer (automatic)","Low/Medium Risk"
"9274-UARKJ","Female","Month-to-month","15","83.2","Bank transfer (automatic)","Low/Medium Risk"
"8200-LGKSR","Male","Two year","71","83.2","Electronic check","Low/Medium Risk"
"9450-TRJUU","Male","Month-to-month","35","83.15","Electronic check","Low/Medium Risk"
"5593-SUAOO","Female","One year","24","83.15","Bank transfer (automatic)","Low/Medium Risk"
"0921-OHLVP","Male","Month-to-month","22","83.05","Electronic check","Low/Medium Risk"
"6121-TNHBO","Female","One year","63","83","Bank transfer (automatic)","Low/Medium Risk"
"8406-LNMHF","Male","One year","59","82.95","Credit card (automatic)","Low/Medium Risk"
"5701-YVSVF","Female","Month-to-month","11","82.9","Electronic check","High Risk"
"3889-VWBID","Male","Two year","68","82.85","Bank transfer (automatic)","Low/Medium Risk"
"8714-CTZJW","Female","Month-to-month","4","82.85","Credit card (automatic)","High Risk"
"6421-SZVEM","Female","One year","28","82.85","Bank transfer (automatic)","Low/Medium Risk"
"6435-SRWBJ","Female","Month-to-month","5","82.75","Electronic check","High Risk"
"4782-OSFXZ","Female","Two year","71","82.7","Bank transfer (automatic)","Low/Medium Risk"
"9385-NXKDA","Female","Two year","72","82.65","Credit card (automatic)","Low/Medium Risk"
"2739-CACDQ","Female","Month-to-month","17","82.65","Credit card (automatic)","Low/Medium Risk"
"4559-UWIHT","Male","Month-to-month","14","82.65","Electronic check","Low/Medium Risk"
"5702-KVQRD","Male","Two year","71","82.55","Electronic check","Low/Medium Risk"
"3696-XRIEN","Female","One year","50","82.5","Credit card (automatic)","Low/Medium Risk"
"4057-FKCZK","Male","Two year","58","82.5","Bank transfer (automatic)","Low/Medium Risk"
"9227-YBAXE","Female","Two year","65","82.5","Bank transfer (automatic)","Low/Medium Risk"
"9110-HSGTV","Female","Two year","69","82.45","Credit card (automatic)","Low/Medium Risk"
"5680-LQOGP","Female","Two year","68","82.45","Credit card (automatic)","Low/Medium Risk"
"0641-EVBOJ","Male","Month-to-month","3","82.3","Mailed check","High Risk"
"4291-TPNFG","Male","Two year","72","82.3","Bank transfer (automatic)","Low/Medium Risk"
"3071-MVJCD","Male","Two year","72","82.3","Bank transfer (automatic)","Low/Medium Risk"
"4238-HFHSN","Male","Month-to-month","61","82.15","Electronic check","Low/Medium Risk"
"2302-OUZXB","Male","Two year","72","82.15","Bank transfer (automatic)","Low/Medium Risk"
"1431-AIDJQ","Male","Two year","33","82.1","Credit card (automatic)","Low/Medium Risk"
"4767-HZZHQ","Male","Month-to-month","30","82.05","Bank transfer (automatic)","Low/Medium Risk"
"9470-RTWDV","Male","One year","26","82","Credit card (automatic)","Low/Medium Risk"
"5494-WOZRZ","Female","Two year","71","82","Credit card (automatic)","Low/Medium Risk"
"8645-KOMJQ","Male","Two year","69","81.95","Bank transfer (automatic)","Low/Medium Risk"
"2208-NQBCT","Female","Month-to-month","26","81.95","Electronic check","Low/Medium Risk"
"6727-IOTLZ","Male","Two year","14","81.95","Mailed check","Low/Medium Risk"
"8731-WBBMB","Female","Month-to-month","26","81.9","Bank transfer (automatic)","Low/Medium Risk"
"9738-QLWTP","Male","One year","39","81.9","Electronic check","Low/Medium Risk"
"0620-DLSLK","Female","Month-to-month","13","81.9","Mailed check","Low/Medium Risk"
"2240-HSJQD","Male","Month-to-month","38","81.85","Mailed check","Low/Medium Risk"
"6617-WLBQC","Female","One year","23","81.85","Credit card (automatic)","Low/Medium Risk"
"8146-QQKZH","Female","Two year","71","81.85","Bank transfer (automatic)","Low/Medium Risk"
"5893-PYOLZ","Male","Two year","56","81.8","Credit card (automatic)","Low/Medium Risk"
"4002-BQWPQ","Male","Month-to-month","25","81.75","Bank transfer (automatic)","Low/Medium Risk"
"9513-DXHDA","Male","One year","27","81.7","Electronic check","Low/Medium Risk"
"4824-GUCBY","Female","Month-to-month","22","81.7","Electronic check","Low/Medium Risk"
"2040-OBMLJ","Male","One year","31","81.7","Credit card (automatic)","Low/Medium Risk"
"8345-MVDYC","Female","Two year","45","81.65","Bank transfer (automatic)","Low/Medium Risk"
"1480-IVEVR","Male","One year","35","81.6","Bank transfer (automatic)","Low/Medium Risk"
"0621-HJWXJ","Female","Month-to-month","63","81.55","Bank transfer (automatic)","Low/Medium Risk"
"6968-GMKPR","Female","Month-to-month","55","81.55","Electronic check","Low/Medium Risk"
"5930-GBIWP","Male","Two year","69","81.5","Credit card (automatic)","Low/Medium Risk"
"7776-QGYJC","Female","Month-to-month","39","81.5","Bank transfer (automatic)","Low/Medium Risk"
"9050-IKDZA","Female","Month-to-month","2","81.5","Mailed check","High Risk"
"1508-DFXCU","Male","Month-to-month","12","81.45","Electronic check","Low/Medium Risk"
"1599-MMYRQ","Male","One year","62","81.45","Credit card (automatic)","Low/Medium Risk"
"4612-SSVHJ","Female","Month-to-month","20","81.45","Electronic check","Low/Medium Risk"
"0254-KCJGT","Male","One year","52","81.4","Credit card (automatic)","Low/Medium Risk"
"9762-YAQAA","Male","One year","39","81.4","Credit card (automatic)","Low/Medium Risk"
"2826-UWHIS","Male","Month-to-month","45","81.4","Bank transfer (automatic)","Low/Medium Risk"
"0379-DJQHR","Male","Two year","67","81.35","Credit card (automatic)","Low/Medium Risk"
"8050-DVOJX","Male","Two year","49","81.35","Credit card (automatic)","Low/Medium Risk"
"2669-QVCRG","Female","Month-to-month","41","81.3","Credit card (automatic)","Low/Medium Risk"
"1265-ZFOSD","Female","Two year","64","81.3","Mailed check","Low/Medium Risk"
"7925-PNRGI","Female","Month-to-month","45","81.3","Mailed check","Low/Medium Risk"
"5022-KVDQT","Male","Month-to-month","27","81.3","Electronic check","Low/Medium Risk"
"3050-RLLXC","Female","Two year","56","81.25","Credit card (automatic)","Low/Medium Risk"
"4646-QZXTF","Female","Month-to-month","7","81.25","Bank transfer (automatic)","High Risk"
"0083-PIVIK","Male","One year","64","81.25","Electronic check","Low/Medium Risk"
"3115-JPJDD","Female","One year","59","81.25","Credit card (automatic)","Low/Medium Risk"
"7997-EASSD","Female","One year","63","81.2","Credit card (automatic)","Low/Medium Risk"
"6080-TCMYC","Male","Month-to-month","40","81.2","Electronic check","Low/Medium Risk"
"4299-SIMNS","Male","Month-to-month","9","81.15","Electronic check","High Risk"
"5650-YLIBA","Male","Month-to-month","31","81.15","Electronic check","Low/Medium Risk"
"6194-HBGQN","Male","One year","51","81.15","Credit card (automatic)","Low/Medium Risk"
"5297-MDOIR","Female","One year","63","81.15","Credit card (automatic)","Low/Medium Risk"
"6341-JVQGF","Female","One year","31","81.15","Mailed check","Low/Medium Risk"
"6259-WJQLC","Male","Month-to-month","32","81.1","Credit card (automatic)","Low/Medium Risk"
"2018-QKYGT","Male","Month-to-month","1","81.05","Electronic check","High Risk"
"2250-IVBWA","Male","Month-to-month","64","81.05","Electronic check","Low/Medium Risk"
"9548-LIGTA","Male","Two year","61","81.05","Mailed check","Low/Medium Risk"
"6013-BHCAW","Male","Two year","61","81","Bank transfer (automatic)","Low/Medium Risk"
"7929-DMBCV","Female","Month-to-month","20","81","Mailed check","Low/Medium Risk"
"9114-DPSIA","Male","Two year","72","81","Credit card (automatic)","Low/Medium Risk"
"6418-PIQSP","Female","Two year","62","81","Mailed check","Low/Medium Risk"
"4138-NAXED","Male","Month-to-month","51","81","Bank transfer (automatic)","Low/Medium Risk"
"4277-UDIEF","Male","Month-to-month","24","81","Bank transfer (automatic)","Low/Medium Risk"
"3230-IUALN","Female","Two year","45","81","Mailed check","Low/Medium Risk"
"5751-USDBL","Male","Two year","46","81","Mailed check","Low/Medium Risk"
"6516-NKQBO","Male","Two year","38","81","Credit card (automatic)","Low/Medium Risk"
"9541-PWTWO","Female","Two year","52","80.95","Bank transfer (automatic)","Low/Medium Risk"
"7426-WEIJX","Male","Month-to-month","60","80.95","Electronic check","Low/Medium Risk"
"6754-LZUKA","Male","Two year","61","80.9","Bank transfer (automatic)","Low/Medium Risk"
"4869-EPIUS","Male","One year","56","80.9","Electronic check","Low/Medium Risk"
"8200-KLNYW","Female","One year","21","80.9","Mailed check","Low/Medium Risk"
"6551-GNYDG","Female","Month-to-month","14","80.9","Bank transfer (automatic)","Low/Medium Risk"
"9823-EALYC","Male","Two year","72","80.85","Bank transfer (automatic)","Low/Medium Risk"
"0988-AADSA","Female","Two year","72","80.85","Bank transfer (automatic)","Low/Medium Risk"
"1309-XGFSN","Male","One year","52","80.85","Electronic check","Low/Medium Risk"
"7336-RLLRH","Male","One year","27","80.85","Mailed check","Low/Medium Risk"
"6786-OBWQR","Female","Month-to-month","5","80.85","Electronic check","High Risk"
"3633-CDBUW","Male","One year","17","80.85","Electronic check","Low/Medium Risk"
"2896-TBNBE","Male","One year","40","80.8","Electronic check","Low/Medium Risk"
"0909-SELIE","Male","Two year","61","80.8","Bank transfer (automatic)","Low/Medium Risk"
"9957-YODKZ","Male","Month-to-month","6","80.8","Electronic check","High Risk"
"9675-ICXCT","Male","Two year","72","80.8","Electronic check","Low/Medium Risk"
"0942-KOWSM","Female","Two year","30","80.8","Bank transfer (automatic)","Low/Medium Risk"
"7013-PSXHK","Female","One year","40","80.75","Mailed check","Low/Medium Risk"
"3842-QTGDL","Male","Month-to-month","16","80.75","Bank transfer (automatic)","Low/Medium Risk"
"3404-JNXAX","Female","Month-to-month","51","80.75","Electronic check","Low/Medium Risk"
"6103-BOCOU","Female","Month-to-month","26","80.7","Electronic check","Low/Medium Risk"
"6458-CYIDZ","Female","Month-to-month","5","80.7","Electronic check","High Risk"
"3191-CSNMG","Female","Month-to-month","3","80.7","Electronic check","High Risk"
"4513-CXYIX","Female","Two year","71","80.7","Credit card (automatic)","Low/Medium Risk"
"9479-HYNYL","Female","Two year","71","80.7","Credit card (automatic)","Low/Medium Risk"
"6729-GDNGC","Female","Month-to-month","20","80.7","Bank transfer (automatic)","Low/Medium Risk"
"6439-PKTRR","Female","Two year","70","80.7","Electronic check","Low/Medium Risk"
"2200-DSAAL","Female","Two year","68","80.65","Electronic check","Low/Medium Risk"
"5457-COLHT","Male","Two year","69","80.65","Bank transfer (automatic)","Low/Medium Risk"
"7824-PANSQ","Male","Month-to-month","58","80.65","Bank transfer (automatic)","Low/Medium Risk"
"5566-SOEZD","Male","One year","27","80.65","Credit card (automatic)","Low/Medium Risk"
"0454-OKRCT","Male","Two year","33","80.6","Bank transfer (automatic)","Low/Medium Risk"
"5394-MEITZ","Female","Two year","60","80.6","Bank transfer (automatic)","Low/Medium Risk"
"6248-TKCQV","Female","Two year","70","80.6","Bank transfer (automatic)","Low/Medium Risk"
"3956-MGXOG","Female","Month-to-month","28","80.6","Electronic check","Low/Medium Risk"
"8144-DGHXP","Female","Two year","54","80.6","Electronic check","Low/Medium Risk"
"7998-WNZEM","Male","Two year","71","80.6","Bank transfer (automatic)","Low/Medium Risk"
"5206-XZZQI","Male","Month-to-month","53","80.6","Mailed check","Low/Medium Risk"
"0570-BFQHT","Female","Month-to-month","9","80.55","Electronic check","High Risk"
"8490-BXHEO","Male","Month-to-month","18","80.55","Credit card (automatic)","Low/Medium Risk"
"0440-MOGPM","Female","One year","41","80.55","Electronic check","Low/Medium Risk"
"2054-PJOCK","Female","One year","60","80.55","Credit card (automatic)","Low/Medium Risk"
"7439-DKZTW","Male","Month-to-month","1","80.55","Electronic check","High Risk"
"3130-ICDUP","Female","Month-to-month","2","80.55","Credit card (automatic)","High Risk"
"2911-WDXMV","Male","Month-to-month","18","80.55","Credit card (automatic)","Low/Medium Risk"
"1384-RCUXW","Male","Month-to-month","16","80.55","Mailed check","Low/Medium Risk"
"2245-ADZFJ","Female","Two year","31","80.55","Bank transfer (automatic)","Low/Medium Risk"
"5453-AXEPF","Male","Month-to-month","17","80.5","Bank transfer (automatic)","Low/Medium Risk"
"7278-CKDNC","Male","Month-to-month","24","80.5","Electronic check","Low/Medium Risk"
"0928-XUTSN","Female","Month-to-month","13","80.5","Electronic check","Low/Medium Risk"
"6357-JJPQT","Female","Month-to-month","3","80.5","Electronic check","High Risk"
"6923-JHPMP","Female","Month-to-month","2","80.45","Electronic check","High Risk"
"1027-LKKQQ","Female","Two year","72","80.45","Bank transfer (automatic)","Low/Medium Risk"
"8819-IMISP","Male","Month-to-month","31","80.45","Electronic check","Low/Medium Risk"
"3503-TYDAY","Female","Month-to-month","43","80.45","Electronic check","Low/Medium Risk"
"1813-JYWTO","Female","Two year","72","80.45","Bank transfer (automatic)","Low/Medium Risk"
"8198-RKSZG","Female","Month-to-month","14","80.45","Credit card (automatic)","Low/Medium Risk"
"4522-XRWWI","Male","One year","42","80.45","Credit card (automatic)","Low/Medium Risk"
"3865-QBWSJ","Male","Month-to-month","38","80.45","Mailed check","Low/Medium Risk"
"1265-BCFEO","Female","Two year","71","80.45","Bank transfer (automatic)","Low/Medium Risk"
"7898-PDWQE","Male","Two year","71","80.4","Credit card (automatic)","Low/Medium Risk"
"5816-JMLGY","Female","Two year","70","80.4","Bank transfer (automatic)","Low/Medium Risk"
"2363-BJLSL","Male","Month-to-month","62","80.4","Bank transfer (automatic)","Low/Medium Risk"
"1910-FMXJM","Female","Month-to-month","36","80.4","Electronic check","Low/Medium Risk"
"2789-HQBOU","Male","Month-to-month","3","80.35","Electronic check","High Risk"
"9541-ZPSEA","Male","Two year","68","80.35","Credit card (automatic)","Low/Medium Risk"
"5599-HVLTW","Female","Month-to-month","14","80.35","Bank transfer (automatic)","Low/Medium Risk"
"7964-VEXDG","Male","Month-to-month","21","80.35","Electronic check","Low/Medium Risk"
"6952-OMNWB","Male","Month-to-month","68","80.35","Credit card (automatic)","Low/Medium Risk"
"8348-JLBUG","Male","One year","64","80.3","Credit card (automatic)","Low/Medium Risk"
"1206-EHBDD","Female","Two year","56","80.3","Bank transfer (automatic)","Low/Medium Risk"
"6741-QRLUP","Female","Two year","63","80.3","Credit card (automatic)","Low/Medium Risk"
"2674-MIAHT","Female","Month-to-month","4","80.3","Mailed check","High Risk"
"2796-UUZZO","Male","Month-to-month","63","80.3","Credit card (automatic)","Low/Medium Risk"
"1251-STYSZ","Female","Month-to-month","4","80.25","Electronic check","High Risk"
"3481-JHUZH","Male","Month-to-month","41","80.25","Electronic check","Low/Medium Risk"
"9152-AMKAK","Male","Two year","6","80.25","Mailed check","Low/Medium Risk"
"7868-BGSZA","Male","One year","43","80.2","Electronic check","Low/Medium Risk"
"6918-UMQCG","Female","Month-to-month","5","80.2","Electronic check","High Risk"
"4900-MSOMT","Female","Two year","72","80.2","Bank transfer (automatic)","Low/Medium Risk"
"5343-SGUBI","Female","One year","52","80.2","Mailed check","Low/Medium Risk"
"9477-LGWQI","Male","Two year","70","80.15","Credit card (automatic)","Low/Medium Risk"
"4741-WWJQZ","Female","Month-to-month","2","80.15","Electronic check","High Risk"
"0793-TWELN","Female","Month-to-month","4","80.15","Electronic check","High Risk"
"9779-DPNEJ","Female","Month-to-month","22","80.15","Electronic check","Low/Medium Risk"
"7649-SIJJF","Male","Two year","71","80.1","Mailed check","Low/Medium Risk"
"3904-UKFRE","Male","Month-to-month","4","80.1","Electronic check","High Risk"
"3347-YJZZE","Male","Month-to-month","29","80.1","Credit card (automatic)","Low/Medium Risk"
"2242-MFOTG","Male","One year","33","80.1","Bank transfer (automatic)","Low/Medium Risk"
"4759-PXTAN","Female","One year","59","80.1","Electronic check","Low/Medium Risk"
"9696-RMYBA","Male","Month-to-month","5","80.1","Mailed check","High Risk"
"7129-CAKJW","Female","Month-to-month","17","80.05","Bank transfer (automatic)","Low/Medium Risk"
"5073-RZGBK","Female","One year","50","80.05","Bank transfer (automatic)","Low/Medium Risk"
"2402-TAIRZ","Female","One year","37","80.05","Electronic check","Low/Medium Risk"
"9500-LTVBP","Female","Month-to-month","35","80.05","Credit card (automatic)","Low/Medium Risk"
"8544-GOQSH","Female","Month-to-month","14","80.05","Credit card (automatic)","Low/Medium Risk"
"6496-JDSSB","Female","Month-to-month","8","80","Bank transfer (automatic)","Low/Medium Risk"
"7356-IWLFW","Male","Month-to-month","46","80","Bank transfer (automatic)","Low/Medium Risk"
"8212-CRQXP","Female","Month-to-month","22","80","Credit card (automatic)","Low/Medium Risk"
"0585-EGDDA","Male","Month-to-month","40","80","Electronic check","Low/Medium Risk"
"1346-UFHAX","Female","Month-to-month","13","80","Credit card (automatic)","Low/Medium Risk"
"9643-AVVWI","Female","Month-to-month","3","80","Electronic check","Low/Medium Risk"
"1088-CNNKB","Male","One year","63","80","Credit card (automatic)","Low/Medium Risk"
"6950-TWMYB","Male","Two year","54","79.95","Bank transfer (automatic)","Low/Medium Risk"
"4828-FAZPK","Female","Month-to-month","16","79.95","Credit card (automatic)","Low/Medium Risk"
"7674-YTAFD","Female","One year","33","79.95","Bank transfer (automatic)","Low/Medium Risk"
"4234-XTNEA","Male","Month-to-month","2","79.95","Electronic check","Low/Medium Risk"
"2187-PKZAY","Male","Month-to-month","12","79.95","Bank transfer (automatic)","Low/Medium Risk"
"6120-RJKLU","Female","Two year","62","79.95","Credit card (automatic)","Low/Medium Risk"
"3229-USWAR","Female","One year","34","79.95","Bank transfer (automatic)","Low/Medium Risk"
"9003-CPATH","Male","Month-to-month","42","79.9","Electronic check","Low/Medium Risk"
"4671-VJLCL","Female","Two year","63","79.85","Credit card (automatic)","Low/Medium Risk"
"7049-GKVZY","Female","One year","17","79.85","Credit card (automatic)","Low/Medium Risk"
"2890-WFBHU","Female","One year","59","79.85","Credit card (automatic)","Low/Medium Risk"
"8879-ZKJOF","Female","One year","41","79.85","Bank transfer (automatic)","Low/Medium Risk"
"0537-QYZZN","Male","Month-to-month","24","79.85","Electronic check","Low/Medium Risk"
"7567-ECMCM","Male","Month-to-month","24","79.85","Credit card (automatic)","Low/Medium Risk"
"5321-NTRKC","Male","Two year","66","79.85","Bank transfer (automatic)","Low/Medium Risk"
"5243-SAOTC","Male","Month-to-month","54","79.85","Bank transfer (automatic)","Low/Medium Risk"
"9773-PEQBZ","Male","Month-to-month","10","79.85","Electronic check","Low/Medium Risk"
"7410-OIEDU","Male","Month-to-month","10","79.85","Mailed check","Low/Medium Risk"
"4737-HOBAX","Male","Two year","63","79.8","Credit card (automatic)","Low/Medium Risk"
"8104-OSKWT","Female","Month-to-month","12","79.8","Electronic check","Low/Medium Risk"
"1867-TJHTS","Female","Month-to-month","58","79.8","Bank transfer (automatic)","Low/Medium Risk"
"9107-UKCKY","Male","One year","61","79.8","Electronic check","Low/Medium Risk"
"7639-LIAYI","Male","Two year","52","79.75","Credit card (automatic)","Low/Medium Risk"
"3259-KNMRR","Male","Two year","57","79.75","Bank transfer (automatic)","Low/Medium Risk"
"7363-QTBIW","Female","Month-to-month","9","79.75","Electronic check","Low/Medium Risk"
"6229-LSCKB","Male","Month-to-month","6","79.7","Electronic check","Low/Medium Risk"
"3486-HOOGQ","Female","Two year","70","79.7","Bank transfer (automatic)","Low/Medium Risk"
"9199-PWQVC","Female","One year","63","79.7","Credit card (automatic)","Low/Medium Risk"
"2203-GHNWN","Female","Month-to-month","24","79.65","Mailed check","Low/Medium Risk"
"0253-ZTEOB","Female","Two year","48","79.65","Electronic check","Low/Medium Risk"
"0549-CYCQN","Male","One year","51","79.6","Bank transfer (automatic)","Low/Medium Risk"
"6869-FGJJC","Male","One year","68","79.6","Credit card (automatic)","Low/Medium Risk"
"7560-QJAVJ","Female","Two year","70","79.6","Bank transfer (automatic)","Low/Medium Risk"
"4717-GHADL","Female","Two year","50","79.6","Mailed check","Low/Medium Risk"
"9140-CZQZZ","Female","Two year","68","79.6","Bank transfer (automatic)","Low/Medium Risk"
"2694-CIUMO","Female","Month-to-month","12","79.55","Credit card (automatic)","Low/Medium Risk"
"3420-YJLQT","Female","Month-to-month","2","79.55","Electronic check","Low/Medium Risk"
"2688-BHGOG","Male","Month-to-month","9","79.55","Electronic check","Low/Medium Risk"
"2251-PYLPB","Male","Two year","72","79.55","Credit card (automatic)","Low/Medium Risk"
"9488-FVZCC","Female","Two year","72","79.5","Bank transfer (automatic)","Low/Medium Risk"
"8652-YHIYU","Female","One year","16","79.5","Credit card (automatic)","Low/Medium Risk"
"6416-YJTTB","Male","Month-to-month","11","79.5","Bank transfer (automatic)","Low/Medium Risk"
"1730-ZMAME","Female","Month-to-month","32","79.5","Electronic check","Low/Medium Risk"
"8414-OOEEL","Male","Two year","66","79.5","Credit card (automatic)","Low/Medium Risk"
"5736-YEJAX","Male","Two year","69","79.45","Credit card (automatic)","Low/Medium Risk"
"3422-GALYP","Male","Month-to-month","2","79.45","Electronic check","Low/Medium Risk"
"7148-XZPHA","Male","Month-to-month","55","79.4","Electronic check","Low/Medium Risk"
"4293-ETKAP","Female","Two year","65","79.4","Bank transfer (automatic)","Low/Medium Risk"
"8469-SNFFH","Male","One year","70","79.4","Bank transfer (automatic)","Low/Medium Risk"
"9500-IWPXQ","Female","One year","61","79.4","Electronic check","Low/Medium Risk"
"2234-EOFPT","Male","Two year","72","79.35","Bank transfer (automatic)","Low/Medium Risk"
"2070-XYMFH","Female","Month-to-month","23","79.35","Mailed check","Low/Medium Risk"
"1307-TVUFB","Male","Month-to-month","42","79.35","Bank transfer (automatic)","Low/Medium Risk"
"6985-HAYWX","Female","Month-to-month","26","79.3","Bank transfer (automatic)","Low/Medium Risk"
"2486-WYVVE","Male","One year","31","79.3","Mailed check","Low/Medium Risk"
"9029-FEGVJ","Female","Month-to-month","32","79.3","Mailed check","Low/Medium Risk"
"8080-POTJR","Female","One year","30","79.3","Credit card (automatic)","Low/Medium Risk"
"3312-ZWLGF","Male","Month-to-month","29","79.3","Electronic check","Low/Medium Risk"
"6898-RBTLU","Female","Two year","49","79.3","Bank transfer (automatic)","Low/Medium Risk"
"7639-OPLNG","Male","Two year","70","79.25","Bank transfer (automatic)","Low/Medium Risk"
"1422-DGUBX","Male","One year","32","79.25","Electronic check","Low/Medium Risk"
"9592-ERDKV","Male","One year","37","79.25","Mailed check","Low/Medium Risk"
"2933-XEUJM","Female","Two year","46","79.2","Mailed check","Low/Medium Risk"
"6092-QZVPP","Male","Month-to-month","36","79.2","Credit card (automatic)","Low/Medium Risk"
"6670-MFRPK","Male","Two year","69","79.2","Credit card (automatic)","Low/Medium Risk"
"9845-PEEKO","Female","Two year","59","79.2","Credit card (automatic)","Low/Medium Risk"
"4692-NNQRU","Female","One year","21","79.2","Electronic check","Low/Medium Risk"
"3410-YOQBQ","Female","Two year","31","79.2","Mailed check","Low/Medium Risk"
"4415-WNGVR","Female","One year","12","79.2","Electronic check","Low/Medium Risk"
"1960-UOTYM","Male","Two year","52","79.2","Electronic check","Low/Medium Risk"
"2235-EZAIK","Female","Two year","72","79.2","Credit card (automatic)","Low/Medium Risk"
"0233-FTHAV","Female","One year","60","79.2","Bank transfer (automatic)","Low/Medium Risk"
"5271-DBYSJ","Male","Month-to-month","11","79.15","Credit card (automatic)","Low/Medium Risk"
"5318-YKDPV","Male","Two year","43","79.15","Credit card (automatic)","Low/Medium Risk"
"6574-MCOEH","Female","One year","33","79.15","Electronic check","Low/Medium Risk"
"3128-YOVTD","Female","Month-to-month","51","79.15","Bank transfer (automatic)","Low/Medium Risk"
"5915-ANOEI","Male","Two year","70","79.15","Mailed check","Low/Medium Risk"
"2254-DLXRI","Female","Month-to-month","1","79.15","Mailed check","Low/Medium Risk"
"8766-PAFNE","Male","Two year","71","79.1","Credit card (automatic)","Low/Medium Risk"
"6288-LBEAR","Female","Month-to-month","23","79.1","Mailed check","Low/Medium Risk"
"8231-BSWXX","Male","One year","71","79.05","Credit card (automatic)","Low/Medium Risk"
"7564-GHCVB","Female","Two year","72","79.05","Bank transfer (automatic)","Low/Medium Risk"
"1036-GUDCL","Male","Month-to-month","60","79.05","Credit card (automatic)","Low/Medium Risk"
"8782-NUUOL","Male","One year","60","79","Mailed check","Low/Medium Risk"
"4747-LCAQL","Male","Month-to-month","25","79","Mailed check","Low/Medium Risk"
"3088-LHEFH","Female","Month-to-month","11","79","Bank transfer (automatic)","Low/Medium Risk"
"6538-POCHL","Male","Month-to-month","33","79","Credit card (automatic)","Low/Medium Risk"
"2091-GPPIQ","Female","Two year","72","78.95","Electronic check","Low/Medium Risk"
"7129-AZJDE","Male","One year","34","78.95","Bank transfer (automatic)","Low/Medium Risk"
"5760-FXFVO","Male","Month-to-month","6","78.95","Electronic check","Low/Medium Risk"
"4000-VGMQP","Male","One year","38","78.95","Credit card (automatic)","Low/Medium Risk"
"9138-EFSMO","Male","One year","26","78.95","Bank transfer (automatic)","Low/Medium Risk"
"6339-RZCBJ","Male","Two year","48","78.9","Credit card (automatic)","Low/Medium Risk"
"3714-XPXBW","Female","Month-to-month","37","78.9","Credit card (automatic)","Low/Medium Risk"
"7126-RBHSD","Female","Month-to-month","17","78.9","Electronic check","Low/Medium Risk"
"8627-ZYGSZ","Male","One year","47","78.9","Electronic check","Low/Medium Risk"
"3855-ONCAR","Female","Month-to-month","4","78.9","Mailed check","Low/Medium Risk"
"6646-JPPHA","Female","Month-to-month","14","78.85","Electronic check","Low/Medium Risk"
"5175-WLYXL","Male","Month-to-month","22","78.85","Mailed check","Low/Medium Risk"
"9065-ZCPQX","Male","Two year","72","78.85","Bank transfer (automatic)","Low/Medium Risk"
"2190-BCXEC","Female","Month-to-month","40","78.85","Credit card (automatic)","Low/Medium Risk"
"7285-KLOTR","Female","One year","12","78.85","Electronic check","Low/Medium Risk"
"3955-JBZZM","Male","Month-to-month","20","78.8","Electronic check","Low/Medium Risk"
"9355-NPPFS","Female","Month-to-month","26","78.8","Electronic check","Low/Medium Risk"
"7838-LAZFO","Male","One year","45","78.8","Bank transfer (automatic)","Low/Medium Risk"
"9027-TMATR","Female","Two year","43","78.8","Electronic check","Low/Medium Risk"
"4091-TVOCN","Male","One year","48","78.75","Credit card (automatic)","Low/Medium Risk"
"0661-KBKPA","Male","One year","53","78.75","Mailed check","Low/Medium Risk"
"2971-SGAFL","Female","Month-to-month","13","78.75","Electronic check","Low/Medium Risk"
"1226-IENZN","Male","Month-to-month","16","78.75","Electronic check","Low/Medium Risk"
"0607-MVMGC","Male","One year","45","78.75","Credit card (automatic)","Low/Medium Risk"
"6175-IRFIT","Male","Month-to-month","5","78.75","Mailed check","Low/Medium Risk"
"8456-QDAVC","Male","Month-to-month","19","78.7","Bank transfer (automatic)","Low/Medium Risk"
"7163-OCEQI","Male","One year","22","78.65","Mailed check","Low/Medium Risk"
"4626-OZDTJ","Female","One year","51","78.65","Credit card (automatic)","Low/Medium Risk"
"1356-MKYSK","Male","Month-to-month","6","78.65","Credit card (automatic)","Low/Medium Risk"
"6427-FEFIG","Female","Two year","24","78.6","Credit card (automatic)","Low/Medium Risk"
"4059-IIEBK","Female","Month-to-month","7","78.55","Bank transfer (automatic)","Low/Medium Risk"
"7673-LPRNY","Female","One year","23","78.55","Electronic check","Low/Medium Risk"
"7173-TETGO","Female","Two year","72","78.5","Bank transfer (automatic)","Low/Medium Risk"
"2272-UOINI","Female","Month-to-month","7","78.5","Electronic check","Low/Medium Risk"
"5288-AHOUP","Male","Month-to-month","11","78.5","Electronic check","Low/Medium Risk"
"8336-TAVKX","Female","Two year","72","78.45","Bank transfer (automatic)","Low/Medium Risk"
"2516-XSJKX","Female","Two year","41","78.45","Electronic check","Low/Medium Risk"
"1032-MAELW","Female","One year","68","78.45","Electronic check","Low/Medium Risk"
"8434-PNQZX","Female","Two year","42","78.45","Credit card (automatic)","Low/Medium Risk"
"0810-BDHAW","Female","One year","24","78.4","Electronic check","Low/Medium Risk"
"0584-BJQGZ","Female","Month-to-month","25","78.35","Bank transfer (automatic)","Low/Medium Risk"
"9917-KWRBE","Female","One year","41","78.35","Credit card (automatic)","Low/Medium Risk"
"1492-KGETH","Male","One year","70","78.35","Bank transfer (automatic)","Low/Medium Risk"
"7018-WBJNK","Male","Month-to-month","13","78.3","Credit card (automatic)","Low/Medium Risk"
"0068-FIGTF","Female","One year","27","78.2","Mailed check","Low/Medium Risk"
"0365-GXEZS","Male","Month-to-month","18","78.2","Electronic check","Low/Medium Risk"
"5606-AMZBO","Female","Month-to-month","10","78.15","Credit card (automatic)","Low/Medium Risk"
"7072-MBHEV","Female","Month-to-month","11","78.1","Credit card (automatic)","Low/Medium Risk"
"3317-VLGQT","Female","Month-to-month","14","78.1","Electronic check","Low/Medium Risk"
"8981-FJGLA","Male","Month-to-month","11","78","Mailed check","Low/Medium Risk"
"7696-AMHOD","Female","One year","49","78","Credit card (automatic)","Low/Medium Risk"
"5419-JKZNQ","Male","Month-to-month","30","77.9","Mailed check","Low/Medium Risk"
"0813-TAXXS","Male","Two year","55","77.8","Bank transfer (automatic)","Low/Medium Risk"
"4465-VDKIQ","Female","Month-to-month","18","77.8","Electronic check","Low/Medium Risk"
"3537-HPKQT","Female","Month-to-month","55","77.75","Credit card (automatic)","Low/Medium Risk"
"1121-QSIVB","Female","One year","44","77.55","Mailed check","Low/Medium Risk"
"8722-PRFDV","Female","Two year","71","77.55","Credit card (automatic)","Low/Medium Risk"
"7247-XOZPB","Male","One year","53","77.4","Bank transfer (automatic)","Low/Medium Risk"
"8543-MSDMF","Male","Month-to-month","3","77.4","Electronic check","Low/Medium Risk"
"3429-IFLEM","Female","Two year","71","77.35","Credit card (automatic)","Low/Medium Risk"
"5329-KRDTM","Male","Two year","72","77.35","Credit card (automatic)","Low/Medium Risk"
"8205-VSLRB","Male","Two year","70","77.3","Credit card (automatic)","Low/Medium Risk"
"9086-YJYXS","Male","One year","34","77.2","Bank transfer (automatic)","Low/Medium Risk"
"3082-YVEKW","Female","Two year","23","77.15","Bank transfer (automatic)","Low/Medium Risk"
"6586-MYGKD","Male","Two year","70","76.95","Credit card (automatic)","Low/Medium Risk"
"2661-GKBTK","Male","Two year","60","76.95","Bank transfer (automatic)","Low/Medium Risk"
"3442-ZHHCC","Male","One year","68","76.9","Credit card (automatic)","Low/Medium Risk"
"6283-GITPX","Male","Two year","71","76.9","Credit card (automatic)","Low/Medium Risk"
"1219-NNDDO","Female","Month-to-month","9","76.85","Electronic check","Low/Medium Risk"
"8023-QHAIO","Female","Month-to-month","56","76.85","Bank transfer (automatic)","Low/Medium Risk"
"9926-PJHDQ","Female","Two year","72","76.8","Bank transfer (automatic)","Low/Medium Risk"
"8097-OMULG","Male","One year","59","76.75","Credit card (automatic)","Low/Medium Risk"
"8932-CZHRQ","Male","One year","68","76.75","Credit card (automatic)","Low/Medium Risk"
"1689-YQBYY","Female","Month-to-month","12","76.6","Electronic check","Low/Medium Risk"
"2305-MRGLV","Male","Month-to-month","28","76.55","Bank transfer (automatic)","Low/Medium Risk"
"6476-YHMGA","Female","Month-to-month","15","76.5","Bank transfer (automatic)","Low/Medium Risk"
"7901-HXJVA","Male","Month-to-month","14","76.45","Electronic check","Low/Medium Risk"
"8295-KMENE","Female","Two year","59","76.45","Mailed check","Low/Medium Risk"
"3969-GYXEL","Female","Month-to-month","11","76.4","Electronic check","Low/Medium Risk"
"7833-PKIHD","Male","One year","51","76.4","Bank transfer (automatic)","Low/Medium Risk"
"0930-EHUZA","Female","One year","36","76.35","Mailed check","Low/Medium Risk"
"5393-HJZSM","Female","Month-to-month","32","76.3","Bank transfer (automatic)","Low/Medium Risk"
"4135-FRWKJ","Female","One year","55","76.25","Electronic check","Low/Medium Risk"
"5928-QLDHB","Male","Month-to-month","9","76.25","Electronic check","Low/Medium Risk"
"4080-IIARD","Female","Month-to-month","13","76.2","Electronic check","Low/Medium Risk"
"4526-RMTLL","Male","Two year","8","76.15","Credit card (automatic)","Low/Medium Risk"
"7175-NTIXE","Female","Month-to-month","25","76.15","Credit card (automatic)","Low/Medium Risk"
"2649-HWLYB","Male","Two year","65","76.15","Bank transfer (automatic)","Low/Medium Risk"
"4994-OBRSZ","Male","Two year","14","76.1","Bank transfer (automatic)","Low/Medium Risk"
"2523-EWWZL","Female","Month-to-month","27","76.1","Electronic check","Low/Medium Risk"
"3370-HXOPH","Female","Month-to-month","3","76.1","Electronic check","Low/Medium Risk"
"2612-PHGOX","Male","Two year","64","76.1","Bank transfer (automatic)","Low/Medium Risk"
"6870-ZWMNX","Male","Two year","70","76.1","Credit card (automatic)","Low/Medium Risk"
"3780-DDGSE","Male","Month-to-month","35","76.05","Electronic check","Low/Medium Risk"
"8486-AYEQH","Female","Month-to-month","31","76.05","Electronic check","Low/Medium Risk"
"6556-DBKZF","Female","Two year","71","76.05","Electronic check","Low/Medium Risk"
"6202-DYYFX","Female","One year","22","76","Credit card (automatic)","Low/Medium Risk"
"1389-WNUIB","Female","One year","20","76","Bank transfer (automatic)","Low/Medium Risk"
"2476-YGEFM","Female","Month-to-month","29","76","Credit card (automatic)","Low/Medium Risk"
"0604-THJFP","Female","Two year","59","75.95","Credit card (automatic)","Low/Medium Risk"
"6959-GQEGV","Male","Month-to-month","45","75.95","Electronic check","Low/Medium Risk"
"3583-KRKMD","Male","Month-to-month","18","75.9","Bank transfer (automatic)","Low/Medium Risk"
"4700-UBQMV","Male","One year","21","75.9","Bank transfer (automatic)","Low/Medium Risk"
"5448-VWNAM","Female","Month-to-month","19","75.9","Mailed check","Low/Medium Risk"
"5035-BVCXS","Male","Month-to-month","11","75.9","Mailed check","Low/Medium Risk"
"7354-OIJLX","Male","Month-to-month","9","75.85","Electronic check","Low/Medium Risk"
"5022-JNQEQ","Female","Month-to-month","9","75.85","Electronic check","Low/Medium Risk"
"1088-AUUZZ","Male","Two year","56","75.85","Credit card (automatic)","Low/Medium Risk"
"4123-FCVCB","Female","One year","12","75.85","Mailed check","Low/Medium Risk"
"5320-BRKGK","Female","Two year","58","75.8","Mailed check","Low/Medium Risk"
"9800-ONTFE","Female","Month-to-month","22","75.8","Bank transfer (automatic)","Low/Medium Risk"
"2882-WDTBA","Male","Two year","69","75.75","Bank transfer (automatic)","Low/Medium Risk"
"0064-YIJGF","Male","Month-to-month","27","75.75","Bank transfer (automatic)","Low/Medium Risk"
"5652-MSDEY","Female","Month-to-month","10","75.75","Mailed check","Low/Medium Risk"
"4877-TSOFF","Female","One year","55","75.75","Bank transfer (automatic)","Low/Medium Risk"
"4369-NYSCF","Male","One year","56","75.75","Bank transfer (automatic)","Low/Medium Risk"
"5120-ZBLAI","Female","One year","50","75.7","Bank transfer (automatic)","Low/Medium Risk"
"4431-EDMIQ","Female","Month-to-month","7","75.7","Electronic check","Low/Medium Risk"
"9943-VSZUV","Male","Month-to-month","67","75.7","Mailed check","Low/Medium Risk"
"3902-MIVLE","Male","Two year","63","75.7","Mailed check","Low/Medium Risk"
"4749-OJKQU","Female","Month-to-month","4","75.65","Electronic check","Low/Medium Risk"
"5671-RQRLP","Female","Two year","70","75.65","Credit card (automatic)","Low/Medium Risk"
"6034-YMTOB","Female","Month-to-month","5","75.65","Mailed check","Low/Medium Risk"
"8584-KMVXD","Female","Month-to-month","8","75.6","Electronic check","Low/Medium Risk"
"3987-KQDDU","Male","Month-to-month","9","75.6","Electronic check","Low/Medium Risk"
"4360-PNRQB","Male","Month-to-month","18","75.6","Bank transfer (automatic)","Low/Medium Risk"
"6198-ZFIOJ","Female","Month-to-month","5","75.6","Electronic check","Low/Medium Risk"
"1866-NXPSP","Female","One year","36","75.55","Mailed check","Low/Medium Risk"
"3795-GWTRD","Female","Two year","63","75.55","Credit card (automatic)","Low/Medium Risk"
"8695-ARGXZ","Male","Month-to-month","34","75.55","Electronic check","Low/Medium Risk"
"5043-TRZWM","Female","Month-to-month","1","75.55","Electronic check","Low/Medium Risk"
"4115-BNPJY","Male","Two year","29","75.55","Mailed check","Low/Medium Risk"
"3522-CDKHF","Female","Month-to-month","32","75.5","Bank transfer (automatic)","Low/Medium Risk"
"8311-UEUAB","Female","Two year","67","75.5","Electronic check","Low/Medium Risk"
"0679-TDGAK","Male","One year","50","75.5","Electronic check","Low/Medium Risk"
"7020-OZKXZ","Female","Month-to-month","9","75.5","Credit card (automatic)","Low/Medium Risk"
"1216-JWVUX","Male","Month-to-month","25","75.5","Electronic check","Low/Medium Risk"
"4508-OEBEY","Male","One year","31","75.5","Credit card (automatic)","Low/Medium Risk"
"0707-HOVVN","Female","Two year","70","75.5","Bank transfer (automatic)","Low/Medium Risk"
"0817-HSUSE","Male","Month-to-month","1","75.5","Electronic check","Low/Medium Risk"
"9040-KZVWO","Male","One year","26","75.5","Bank transfer (automatic)","Low/Medium Risk"
"2452-SNHFZ","Female","Month-to-month","47","75.45","Credit card (automatic)","Low/Medium Risk"
"3956-CJUST","Female","Month-to-month","23","75.4","Bank transfer (automatic)","Low/Medium Risk"
"2546-KZAAT","Male","One year","52","75.4","Mailed check","Low/Medium Risk"
"4301-VVZKA","Male","Month-to-month","16","75.4","Electronic check","Low/Medium Risk"
"2122-YWVYA","Female","Month-to-month","18","75.4","Electronic check","Low/Medium Risk"
"4751-ERMAN","Male","Two year","72","75.4","Bank transfer (automatic)","Low/Medium Risk"
"2077-MPJQO","Male","Month-to-month","7","75.4","Electronic check","Low/Medium Risk"
"6217-TOWGS","Female","Month-to-month","17","75.4","Bank transfer (automatic)","Low/Medium Risk"
"0840-DFEZH","Female","Month-to-month","7","75.35","Electronic check","Low/Medium Risk"
"5832-TRLPB","Male","One year","29","75.35","Bank transfer (automatic)","Low/Medium Risk"
"1746-TGTWV","Male","Month-to-month","1","75.35","Credit card (automatic)","Low/Medium Risk"
"3733-LSYCE","Female","Month-to-month","15","75.35","Bank transfer (automatic)","Low/Medium Risk"
"2842-BCQGE","Male","Month-to-month","43","75.35","Credit card (automatic)","Low/Medium Risk"
"9068-VPWQQ","Male","Two year","61","75.35","Credit card (automatic)","Low/Medium Risk"
"0221-WMXNQ","Male","Month-to-month","4","75.35","Electronic check","Low/Medium Risk"
"9481-WHGWY","Female","Two year","70","75.35","Credit card (automatic)","Low/Medium Risk"
"5934-TSSAU","Female","Month-to-month","23","75.3","Credit card (automatic)","Low/Medium Risk"
"5122-CYFXA","Female","Month-to-month","3","75.3","Electronic check","Low/Medium Risk"
"9518-XXBXE","Male","Month-to-month","10","75.3","Electronic check","Low/Medium Risk"
"1228-ZLNBX","Male","Month-to-month","21","75.3","Mailed check","Low/Medium Risk"
"3014-WJKSM","Male","Month-to-month","29","75.3","Credit card (automatic)","Low/Medium Risk"
"3199-XGZCY","Female","Month-to-month","8","75.25","Electronic check","Low/Medium Risk"
"5879-SESNB","Female","Month-to-month","11","75.25","Electronic check","Low/Medium Risk"
"6663-JOCQO","Male","One year","31","75.25","Bank transfer (automatic)","Low/Medium Risk"
"6848-YLDFR","Male","One year","58","75.2","Credit card (automatic)","Low/Medium Risk"
"2351-BKRZW","Female","Two year","43","75.2","Bank transfer (automatic)","Low/Medium Risk"
"8630-QSGXK","Male","Two year","51","75.2","Bank transfer (automatic)","Low/Medium Risk"
"2460-NGXBJ","Male","Month-to-month","11","75.2","Credit card (automatic)","Low/Medium Risk"
"0196-JTUQI","Female","Month-to-month","9","75.2","Credit card (automatic)","Low/Medium Risk"
"7779-ORAEL","Male","Two year","45","75.15","Credit card (automatic)","Low/Medium Risk"
"8325-QRPZR","Female","Month-to-month","7","75.15","Electronic check","Low/Medium Risk"
"5176-LDKUH","Female","One year","48","75.15","Electronic check","Low/Medium Risk"
"4304-XUMGI","Male","Two year","50","75.15","Bank transfer (automatic)","Low/Medium Risk"
"0867-LDTTC","Male","Month-to-month","5","75.15","Bank transfer (automatic)","Low/Medium Risk"
"7993-NQLJE","Male","Month-to-month","15","75.1","Mailed check","Low/Medium Risk"
"1676-MQAOA","Male","Two year","72","75.1","Bank transfer (automatic)","Low/Medium Risk"
"3569-VLDHH","Male","One year","66","75.1","Electronic check","Low/Medium Risk"
"5146-CBVOE","Female","Month-to-month","16","75.1","Bank transfer (automatic)","Low/Medium Risk"
"9251-WNSOD","Female","One year","67","75.1","Mailed check","Low/Medium Risk"
"8107-KNCIM","Male","Month-to-month","14","75.1","Electronic check","Low/Medium Risk"
"1452-VOQCH","Male","Month-to-month","1","75.1","Electronic check","Low/Medium Risk"
"3026-ATZYV","Female","One year","37","75.1","Bank transfer (automatic)","Low/Medium Risk"
"9494-MRNYX","Male","Month-to-month","10","75.05","Electronic check","Low/Medium Risk"
"3966-HRMZA","Female","Month-to-month","3","75.05","Mailed check","Low/Medium Risk"
"5906-DVAPM","Female","One year","55","75","Credit card (automatic)","Low/Medium Risk"
"7850-VWJUU","Female","Month-to-month","23","75","Bank transfer (automatic)","Low/Medium Risk"
"9552-TGUZV","Male","Month-to-month","8","75","Mailed check","Low/Medium Risk"
"5049-MUBWG","Male","One year","26","75","Bank transfer (automatic)","Low/Medium Risk"
"7611-YKYTC","Male","Month-to-month","22","75","Bank transfer (automatic)","Low/Medium Risk"
"5233-AOZUF","Female","Month-to-month","29","74.95","Electronic check","Low/Medium Risk"
"2080-GKCWQ","Male","Month-to-month","2","74.95","Electronic check","Low/Medium Risk"
"4090-KPJIP","Female","Month-to-month","3","74.95","Electronic check","Low/Medium Risk"
"1475-VWVDO","Male","Month-to-month","7","74.9","Electronic check","Low/Medium Risk"
"6856-RAURS","Female","Month-to-month","2","74.9","Mailed check","Low/Medium Risk"
"4948-WBBKL","Female","Month-to-month","36","74.9","Bank transfer (automatic)","Low/Medium Risk"
"8778-LMWTJ","Female","Month-to-month","9","74.85","Electronic check","Low/Medium Risk"
"4079-VTGLK","Male","Two year","30","74.85","Electronic check","Low/Medium Risk"
"4667-QONEA","Female","One year","60","74.85","Credit card (automatic)","Low/Medium Risk"
"0134-XWXCE","Female","One year","44","74.85","Bank transfer (automatic)","Low/Medium Risk"
"3030-YDNRM","Male","Month-to-month","8","74.85","Electronic check","Low/Medium Risk"
"9334-GWGOW","Male","Month-to-month","7","74.85","Electronic check","Low/Medium Risk"
"6778-EICRF","Male","One year","24","74.8","Mailed check","Low/Medium Risk"
"6572-ADKRS","Female","Month-to-month","46","74.8","Credit card (automatic)","Low/Medium Risk"
"7401-RUBNK","Female","Month-to-month","18","74.8","Electronic check","Low/Medium Risk"
"4826-TZEVA","Female","Month-to-month","40","74.8","Credit card (automatic)","Low/Medium Risk"
"4654-ULTTN","Male","Two year","70","74.8","Credit card (automatic)","Low/Medium Risk"
"5524-KHNJP","Male","One year","33","74.75","Credit card (automatic)","Low/Medium Risk"
"0191-ZHSKZ","Male","Month-to-month","30","74.75","Electronic check","Low/Medium Risk"
"9169-BSVIN","Male","Month-to-month","12","74.75","Bank transfer (automatic)","Low/Medium Risk"
"5985-TBABQ","Female","One year","32","74.75","Mailed check","Low/Medium Risk"
"4546-FOKWR","Female","Month-to-month","16","74.75","Credit card (automatic)","Low/Medium Risk"
"2800-VEQXM","Female","Month-to-month","3","74.75","Mailed check","Low/Medium Risk"
"4770-UEZOX","Male","Month-to-month","2","74.75","Electronic check","Low/Medium Risk"
"7576-ASEJU","Female","One year","41","74.7","Credit card (automatic)","Low/Medium Risk"
"2424-WVHPL","Male","Month-to-month","1","74.7","Electronic check","Low/Medium Risk"
"0439-IFYUN","Female","Month-to-month","18","74.7","Electronic check","Low/Medium Risk"
"5399-ZIMKF","Male","Month-to-month","5","74.65","Electronic check","Low/Medium Risk"
"4973-RLZVI","Female","One year","30","74.65","Credit card (automatic)","Low/Medium Risk"
"8591-NXRCV","Female","Month-to-month","41","74.65","Bank transfer (automatic)","Low/Medium Risk"
"8659-HDIYE","Female","Month-to-month","64","74.65","Credit card (automatic)","Low/Medium Risk"
"6599-GZWCM","Female","One year","13","74.65","Mailed check","Low/Medium Risk"
"7978-DKUQH","Female","Month-to-month","25","74.6","Electronic check","Low/Medium Risk"
"3452-SRFEG","Male","Month-to-month","49","74.6","Bank transfer (automatic)","Low/Medium Risk"
"3411-WLRSQ","Female","Month-to-month","3","74.6","Bank transfer (automatic)","Low/Medium Risk"
"1866-OBPNR","Male","Month-to-month","1","74.6","Credit card (automatic)","Low/Medium Risk"
"5405-ZMYXQ","Female","Month-to-month","8","74.6","Credit card (automatic)","Low/Medium Risk"
"3585-YNADK","Female","One year","57","74.6","Bank transfer (automatic)","Low/Medium Risk"
"0771-CHWSK","Male","Two year","66","74.6","Credit card (automatic)","Low/Medium Risk"
"7088-FBAWU","Female","Month-to-month","17","74.55","Mailed check","Low/Medium Risk"
"1163-ONYEY","Male","Month-to-month","41","74.55","Credit card (automatic)","Low/Medium Risk"
"2985-JUUBZ","Male","Month-to-month","40","74.55","Electronic check","Low/Medium Risk"
"2325-NBPZG","Female","Month-to-month","3","74.55","Electronic check","Low/Medium Risk"
"5839-SUYVZ","Male","Month-to-month","16","74.55","Credit card (automatic)","Low/Medium Risk"
"0536-ESJEP","Male","Two year","54","74.55","Bank transfer (automatic)","Low/Medium Risk"
"0562-FGDCR","Female","Two year","72","74.55","Mailed check","Low/Medium Risk"
"7860-UXCRM","Male","Two year","63","74.5","Credit card (automatic)","Low/Medium Risk"
"7823-JSOAG","Male","Month-to-month","3","74.5","Electronic check","Low/Medium Risk"
"5232-NXPAY","Female","Two year","47","74.45","Mailed check","Low/Medium Risk"
"9398-MMQTO","Male","Month-to-month","3","74.45","Credit card (automatic)","Low/Medium Risk"
"3703-KBKZP","Male","Month-to-month","16","74.45","Bank transfer (automatic)","Low/Medium Risk"
"1197-BVMVG","Female","Month-to-month","4","74.45","Electronic check","Low/Medium Risk"
"0487-CRLZF","Female","Two year","49","74.45","Bank transfer (automatic)","Low/Medium Risk"
"0496-AHOOK","Male","One year","24","74.4","Bank transfer (automatic)","Low/Medium Risk"
"0187-WZNAB","Female","Month-to-month","27","74.4","Mailed check","Low/Medium Risk"
"0336-PIKEI","Male","Two year","72","74.4","Bank transfer (automatic)","Low/Medium Risk"
"5148-ORICT","Female","Two year","64","74.35","Mailed check","Low/Medium Risk"
"4343-EJVQB","Male","Month-to-month","7","74.35","Mailed check","Low/Medium Risk"
"9840-EFJQB","Female","Month-to-month","1","74.35","Electronic check","Low/Medium Risk"
"1023-BQXZE","Male","Two year","57","74.35","Bank transfer (automatic)","Low/Medium Risk"
"8468-FZTOE","Female","Two year","72","74.35","Electronic check","Low/Medium Risk"
"4450-MDZFX","Male","Month-to-month","60","74.35","Bank transfer (automatic)","Low/Medium Risk"
"5201-FRKKS","Male","Month-to-month","25","74.3","Bank transfer (automatic)","Low/Medium Risk"
"8775-ERLNB","Male","Month-to-month","1","74.3","Electronic check","Low/Medium Risk"
"6169-PGNCD","Female","Two year","57","74.3","Credit card (automatic)","Low/Medium Risk"
"3658-QQJYD","Male","One year","62","74.3","Credit card (automatic)","Low/Medium Risk"
"2468-SJFLM","Male","Month-to-month","1","74.3","Mailed check","Low/Medium Risk"
"8647-SDTWQ","Male","Month-to-month","57","74.3","Electronic check","Low/Medium Risk"
"1096-ADRUX","Female","One year","66","74.25","Bank transfer (automatic)","Low/Medium Risk"
"8728-SKJLR","Male","Month-to-month","41","74.25","Electronic check","Low/Medium Risk"
"3002-WQZWT","Female","Month-to-month","29","74.2","Electronic check","Low/Medium Risk"
"2880-FPNAE","Male","Month-to-month","2","74.2","Electronic check","Low/Medium Risk"
"2753-JMMCV","Male","Two year","65","74.2","Credit card (automatic)","Low/Medium Risk"
"3094-JOJAI","Male","Month-to-month","18","74.15","Mailed check","Low/Medium Risk"
"7077-XJMET","Male","Month-to-month","12","74.15","Electronic check","Low/Medium Risk"
"7801-KICAO","Female","Month-to-month","18","74.15","Electronic check","Low/Medium Risk"
"7524-VRLPL","Male","Two year","69","74.1","Credit card (automatic)","Low/Medium Risk"
"1658-TJVOA","Female","Month-to-month","6","74.1","Electronic check","Low/Medium Risk"
"7619-PLRLP","Female","One year","53","74.1","Bank transfer (automatic)","Low/Medium Risk"
"8985-OOPOS","Female","One year","1","74.1","Credit card (automatic)","Low/Medium Risk"
"3487-EARAT","Female","One year","70","74.1","Credit card (automatic)","Low/Medium Risk"
"8608-OZTLB","Male","One year","38","74.05","Electronic check","Low/Medium Risk"
"3557-HTYWR","Female","Two year","47","74.05","Mailed check","Low/Medium Risk"
"6860-YRJZP","Male","Month-to-month","9","74.05","Electronic check","Low/Medium Risk"
"4480-QQRHC","Female","Month-to-month","8","74.05","Bank transfer (automatic)","Low/Medium Risk"
"5188-HGMLP","Male","Month-to-month","54","74","Bank transfer (automatic)","Low/Medium Risk"
"3470-OBUET","Female","Two year","67","74","Credit card (automatic)","Low/Medium Risk"
"8687-BAFGU","Male","Month-to-month","1","74","Electronic check","Low/Medium Risk"
"0810-DHDBD","Female","One year","52","74","Credit card (automatic)","Low/Medium Risk"
"0531-ZZJWQ","Male","Month-to-month","55","74","Electronic check","Low/Medium Risk"
"4648-YPBTM","Male","Two year","53","73.9","Bank transfer (automatic)","Low/Medium Risk"
"6896-SRVYQ","Male","Month-to-month","44","73.85","Electronic check","Low/Medium Risk"
"1506-YJTYT","Male","Two year","45","73.85","Credit card (automatic)","Low/Medium Risk"
"7445-WMRBW","Female","One year","48","73.85","Bank transfer (automatic)","Low/Medium Risk"
"4854-CIDCF","Female","Month-to-month","3","73.85","Electronic check","Low/Medium Risk"
"8873-GLDMH","Female","Month-to-month","6","73.85","Mailed check","Low/Medium Risk"
"7501-IWUNG","Female","Two year","61","73.8","Bank transfer (automatic)","Low/Medium Risk"
"3055-OYMSE","Female","Month-to-month","53","73.8","Credit card (automatic)","Low/Medium Risk"
"6339-YPSAH","Male","Month-to-month","9","73.8","Electronic check","Low/Medium Risk"
"8970-ANWXO","Female","One year","23","73.75","Mailed check","Low/Medium Risk"
"4860-IJUDE","Male","Month-to-month","13","73.75","Credit card (automatic)","Low/Medium Risk"
"7103-ZGVNT","Female","One year","69","73.7","Credit card (automatic)","Low/Medium Risk"
"0491-KAPQG","Male","Month-to-month","21","73.7","Electronic check","Low/Medium Risk"
"2474-LCNUE","Female","Month-to-month","23","73.65","Credit card (automatic)","Low/Medium Risk"
"2498-XLDZR","Female","Two year","32","73.6","Mailed check","Low/Medium Risk"
"8313-AFGBW","Male","Two year","47","73.6","Electronic check","Low/Medium Risk"
"8617-ENBDS","Male","Month-to-month","3","73.6","Credit card (automatic)","Low/Medium Risk"
"0650-BWOZN","Female","Month-to-month","18","73.55","Electronic check","Low/Medium Risk"
"5921-NGYRH","Male","Month-to-month","64","73.55","Mailed check","Low/Medium Risk"
"3898-BSJYF","Female","One year","10","73.55","Credit card (automatic)","Low/Medium Risk"
"6360-SVNWV","Female","Month-to-month","31","73.55","Credit card (automatic)","Low/Medium Risk"
"2192-OZITF","Female","Two year","45","73.55","Mailed check","Low/Medium Risk"
"5781-RFZRP","Male","Two year","71","73.5","Credit card (automatic)","Low/Medium Risk"
"8541-QVFKM","Female","Month-to-month","8","73.5","Electronic check","Low/Medium Risk"
"4922-CVPDX","Female","Two year","26","73.5","Credit card (automatic)","Low/Medium Risk"
"5327-XOKKY","Male","Two year","72","73.45","Credit card (automatic)","Low/Medium Risk"
"2577-GVSIL","Male","One year","35","73.45","Bank transfer (automatic)","Low/Medium Risk"
"0550-DCXLH","Male","Month-to-month","13","73.35","Mailed check","Low/Medium Risk"
"5676-CFLYY","Male","Two year","71","73.35","Credit card (automatic)","Low/Medium Risk"
"8224-DWCKX","Male","Month-to-month","12","73.3","Credit card (automatic)","Low/Medium Risk"
"7916-VCCPB","Female","Month-to-month","16","73.25","Bank transfer (automatic)","Low/Medium Risk"
"4849-PYRLQ","Female","Two year","56","73.25","Bank transfer (automatic)","Low/Medium Risk"
"8149-AIQCG","Male","Month-to-month","39","73.15","Credit card (automatic)","Low/Medium Risk"
"9903-LYSAB","Male","Month-to-month","18","73.15","Electronic check","Low/Medium Risk"
"5269-NRGDP","Male","One year","42","73.15","Electronic check","Low/Medium Risk"
"2101-RANCD","Female","Month-to-month","55","73.1","Electronic check","Low/Medium Risk"
"7690-KPNCU","Male","One year","64","73.05","Credit card (automatic)","Low/Medium Risk"
"5949-HGVJL","Female","Month-to-month","26","73.05","Electronic check","Low/Medium Risk"
"2851-STERV","Male","One year","35","73","Electronic check","Low/Medium Risk"
"4227-OJHAL","Female","One year","68","73","Credit card (automatic)","Low/Medium Risk"
"6384-VMJHP","Female","Two year","72","73","Credit card (automatic)","Low/Medium Risk"
"7693-QPEFS","Male","Month-to-month","52","72.95","Bank transfer (automatic)","Low/Medium Risk"
"2256-YLYLP","Male","Two year","68","72.95","Bank transfer (automatic)","Low/Medium Risk"
"6953-PBDIN","Male","Two year","70","72.95","Bank transfer (automatic)","Low/Medium Risk"
"7471-MQPOS","Male","One year","71","72.9","Bank transfer (automatic)","Low/Medium Risk"
"1391-UBDAR","Male","Month-to-month","11","72.9","Electronic check","Low/Medium Risk"
"5924-IFQTT","Male","Month-to-month","13","72.8","Electronic check","Low/Medium Risk"
"7128-GGCNO","Male","Month-to-month","46","72.8","Bank transfer (automatic)","Low/Medium Risk"
"9730-DRTMJ","Male","One year","32","72.8","Credit card (automatic)","Low/Medium Risk"
"2616-UUTFK","Male","Month-to-month","33","72.75","Bank transfer (automatic)","Low/Medium Risk"
"0581-BXBUB","Female","Month-to-month","4","72.75","Electronic check","Low/Medium Risk"
"3295-YVUSR","Male","Month-to-month","2","72.6","Mailed check","Low/Medium Risk"
"4295-YURET","Female","Two year","56","72.6","Credit card (automatic)","Low/Medium Risk"
"9518-IMLHK","Male","Month-to-month","31","72.45","Bank transfer (automatic)","Low/Medium Risk"
"9359-UGBTK","Female","One year","67","72.35","Bank transfer (automatic)","Low/Medium Risk"
"9819-FBNSV","Male","Month-to-month","37","72.25","Bank transfer (automatic)","Low/Medium Risk"
"4737-AQCPU","Male","Two year","72","72.1","Credit card (automatic)","Low/Medium Risk"
"2123-VSCOT","Female","Two year","59","72.1","Bank transfer (automatic)","Low/Medium Risk"
"4826-DXMUP","Male","One year","35","72.1","Mailed check","Low/Medium Risk"
"9938-ZREHM","Female","One year","37","72.1","Mailed check","Low/Medium Risk"
"0021-IKXGC","Female","Month-to-month","1","72.1","Electronic check","Low/Medium Risk"
"2453-SAFNS","Female","One year","54","72.1","Mailed check","Low/Medium Risk"
"5130-YPIRV","Female","Two year","62","72","Credit card (automatic)","Low/Medium Risk"
"4931-TRZWN","Female","Month-to-month","13","71.95","Electronic check","Low/Medium Risk"
"0674-GCDXG","Male","Two year","63","71.9","Bank transfer (automatic)","Low/Medium Risk"
"7100-FQPRV","Male","One year","43","71.9","Credit card (automatic)","Low/Medium Risk"
"9822-BIIGN","Male","Month-to-month","53","71.85","Electronic check","Low/Medium Risk"
"5915-DGNVC","Female","One year","49","71.8","Electronic check","Low/Medium Risk"
"3915-ODIYG","Male","One year","60","71.75","Electronic check","Low/Medium Risk"
"7108-DGVUU","Female","One year","21","71.7","Bank transfer (automatic)","Low/Medium Risk"
"0508-OOLTO","Female","Month-to-month","2","71.65","Electronic check","Low/Medium Risk"
"1352-VHKAJ","Male","Month-to-month","27","71.6","Bank transfer (automatic)","Low/Medium Risk"
"7162-WPHPM","Male","Two year","58","71.6","Credit card (automatic)","Low/Medium Risk"
"8910-LEDAG","Male","Month-to-month","34","71.55","Credit card (automatic)","Low/Medium Risk"
"4890-VMUAV","Male","One year","63","71.5","Electronic check","Low/Medium Risk"
"2824-DXNKN","Female","Two year","72","71.45","Bank transfer (automatic)","Low/Medium Risk"
"3420-ZDBMA","Male","Month-to-month","5","71.45","Mailed check","Low/Medium Risk"
"8184-WMOFI","Male","One year","62","71.4","Credit card (automatic)","Low/Medium Risk"
"0106-GHRQR","Male","Month-to-month","16","71.4","Bank transfer (automatic)","Low/Medium Risk"
"1410-RSCMR","Male","Month-to-month","7","71.35","Credit card (automatic)","Low/Medium Risk"
"7136-IHZJA","Female","Month-to-month","40","71.35","Mailed check","Low/Medium Risk"
"4450-DLLMH","Male","Month-to-month","2","71.3","Credit card (automatic)","Low/Medium Risk"
"3878-AVSOQ","Female","Month-to-month","1","71.25","Electronic check","Low/Medium Risk"
"0533-UCAAU","Male","One year","57","71.1","Credit card (automatic)","Low/Medium Risk"
"6253-GNHWH","Female","Two year","71","71.1","Mailed check","Low/Medium Risk"
"8331-ZXFOE","Female","One year","58","71.1","Credit card (automatic)","Low/Medium Risk"
"8040-MNRTF","Female","Month-to-month","1","71.1","Mailed check","Low/Medium Risk"
"2710-WYVXG","Female","Two year","3","71.1","Mailed check","Low/Medium Risk"
"1769-GRUIK","Female","Month-to-month","18","71.1","Electronic check","Low/Medium Risk"
"5136-RGMZO","Male","Month-to-month","31","71.05","Electronic check","Low/Medium Risk"
"8851-RAGOV","Female","Month-to-month","25","71.05","Mailed check","Low/Medium Risk"
"2999-AANRQ","Female","Two year","21","71.05","Credit card (automatic)","Low/Medium Risk"
"1077-HUUJM","Female","Month-to-month","7","71.05","Electronic check","Low/Medium Risk"
"2296-DKZFP","Female","Two year","65","71","Bank transfer (automatic)","Low/Medium Risk"
"9470-YFUYI","Male","One year","71","71","Bank transfer (automatic)","Low/Medium Risk"
"2065-MMKGR","Female","One year","29","71","Credit card (automatic)","Low/Medium Risk"
"1661-CZBAU","Male","One year","48","70.95","Bank transfer (automatic)","Low/Medium Risk"
"5397-TUPSH","Male","One year","65","70.95","Bank transfer (automatic)","Low/Medium Risk"
"4682-BLBUC","Male","One year","44","70.95","Electronic check","Low/Medium Risk"
"3533-UVMOM","Male","Two year","68","70.95","Bank transfer (automatic)","Low/Medium Risk"
"4903-CNOZC","Male","One year","29","70.9","Credit card (automatic)","Low/Medium Risk"
"3200-MNQTF","Male","Two year","67","70.9","Credit card (automatic)","Low/Medium Risk"
"2077-DDHJK","Female","Two year","68","70.9","Credit card (automatic)","Low/Medium Risk"
"5846-NEQVZ","Male","Two year","71","70.85","Credit card (automatic)","Low/Medium Risk"
"8016-ZMGMO","Female","One year","66","70.85","Bank transfer (automatic)","Low/Medium Risk"
"6685-GBWJZ","Male","One year","63","70.8","Credit card (automatic)","Low/Medium Risk"
"3021-VLNRJ","Female","One year","50","70.8","Credit card (automatic)","Low/Medium Risk"
"3500-NSDOA","Male","Two year","68","70.8","Credit card (automatic)","Low/Medium Risk"
"9432-VOFYX","Male","Month-to-month","17","70.8","Electronic check","Low/Medium Risk"
"0654-PQKDW","Female","One year","62","70.75","Bank transfer (automatic)","Low/Medium Risk"
"0635-WKOLD","Male","One year","40","70.75","Credit card (automatic)","Low/Medium Risk"
"5032-MIYKT","Female","Month-to-month","1","70.7","Mailed check","Low/Medium Risk"
"4186-ZBUEW","Female","One year","36","70.7","Mailed check","Low/Medium Risk"
"4906-ZHGPK","Male","One year","54","70.7","Electronic check","Low/Medium Risk"
"3717-OEAUQ","Male","Month-to-month","2","70.7","Mailed check","Low/Medium Risk"
"7967-HYCDE","Male","Month-to-month","8","70.7","Bank transfer (automatic)","Low/Medium Risk"
"0734-OXWBT","Male","Month-to-month","3","70.7","Mailed check","Low/Medium Risk"
"0644-OQMDK","Male","Month-to-month","4","70.65","Electronic check","Low/Medium Risk"
"1996-DBMUS","Female","Month-to-month","48","70.65","Bank transfer (automatic)","Low/Medium Risk"
"0973-KYVNF","Female","Two year","72","70.65","Credit card (automatic)","Low/Medium Risk"
"8309-IEYJD","Female","Month-to-month","1","70.6","Mailed check","Low/Medium Risk"
"9617-INGJY","Male","Month-to-month","1","70.6","Mailed check","Low/Medium Risk"
"2361-UPSND","Female","One year","46","70.6","Mailed check","Low/Medium Risk"
"1154-HYWWO","Male","One year","38","70.6","Mailed check","Low/Medium Risk"
"1047-NNCBF","Male","Month-to-month","20","70.55","Credit card (automatic)","Low/Medium Risk"
"8550-XSXUQ","Male","One year","48","70.55","Credit card (automatic)","Low/Medium Risk"
"9365-SRSZE","Male","Month-to-month","27","70.55","Electronic check","Low/Medium Risk"
"9112-WSNPU","Female","Month-to-month","35","70.55","Electronic check","Low/Medium Risk"
"9620-ENEJV","Female","Month-to-month","6","70.55","Credit card (automatic)","Low/Medium Risk"
"9584-EXCDZ","Female","Month-to-month","17","70.5","Bank transfer (automatic)","Low/Medium Risk"
"6478-HRRCZ","Male","One year","32","70.5","Mailed check","Low/Medium Risk"
"3496-LFSZU","Male","Month-to-month","4","70.5","Electronic check","Low/Medium Risk"
"0263-FJTQO","Male","Two year","50","70.5","Credit card (automatic)","Low/Medium Risk"
"5527-ACHSO","Female","Month-to-month","11","70.5","Mailed check","Low/Medium Risk"
"8270-RKSAP","Male","Month-to-month","9","70.5","Electronic check","Low/Medium Risk"
"2585-KTFRE","Male","Month-to-month","1","70.45","Bank transfer (automatic)","Low/Medium Risk"
"6078-VESFR","Male","Month-to-month","13","70.45","Bank transfer (automatic)","Low/Medium Risk"
"3913-FCUUW","Female","Two year","72","70.45","Bank transfer (automatic)","Low/Medium Risk"
"2294-DMMUS","Female","Month-to-month","62","70.45","Credit card (automatic)","Low/Medium Risk"
"2364-UFROM","Male","One year","30","70.4","Electronic check","Low/Medium Risk"
"2905-KFQUV","Female","Month-to-month","2","70.4","Credit card (automatic)","Low/Medium Risk"
"0369-ZGOVK","Female","One year","28","70.4","Bank transfer (automatic)","Low/Medium Risk"
"4067-HLYQI","Female","Month-to-month","33","70.4","Bank transfer (automatic)","Low/Medium Risk"
"4644-PIZRT","Male","One year","17","70.35","Bank transfer (automatic)","Low/Medium Risk"
"9174-IHETN","Female","Two year","50","70.35","Credit card (automatic)","Low/Medium Risk"
"5442-BHQNG","Female","Month-to-month","2","70.35","Electronic check","Low/Medium Risk"
"7147-AYBAA","Male","Month-to-month","37","70.35","Mailed check","Low/Medium Risk"
"4726-DLWQN","Male","Month-to-month","50","70.35","Bank transfer (automatic)","Low/Medium Risk"
"4188-PCPIG","Female","Two year","57","70.35","Credit card (automatic)","Low/Medium Risk"
"7321-VGNKU","Female","Month-to-month","2","70.35","Electronic check","Low/Medium Risk"
"7465-ZZRVX","Male","Month-to-month","1","70.35","Electronic check","Low/Medium Risk"
"9717-QEBGU","Male","Month-to-month","2","70.3","Electronic check","Low/Medium Risk"
"7217-JYHOQ","Male","Month-to-month","24","70.3","Credit card (automatic)","Low/Medium Risk"
"4029-HPFVY","Male","Month-to-month","3","70.3","Mailed check","Low/Medium Risk"
"3468-DRVQJ","Female","One year","10","70.3","Electronic check","Low/Medium Risk"
"3234-VKACU","Male","Month-to-month","2","70.3","Electronic check","Low/Medium Risk"
"9633-XQABV","Female","Month-to-month","3","70.25","Electronic check","Low/Medium Risk"
"1137-DGOWI","Female","One year","30","70.25","Bank transfer (automatic)","Low/Medium Risk"
"1640-PLFMP","Female","Month-to-month","1","70.25","Electronic check","Low/Medium Risk"
"7206-PQBBZ","Male","Month-to-month","11","70.2","Electronic check","Low/Medium Risk"
"9605-WGJVW","Female","Month-to-month","1","70.2","Electronic check","Low/Medium Risk"
"7044-YAACC","Male","Month-to-month","4","70.2","Electronic check","Low/Medium Risk"
"6061-GWWAV","Male","One year","41","70.2","Mailed check","Low/Medium Risk"
"2501-XWWTZ","Male","Month-to-month","11","70.2","Electronic check","Low/Medium Risk"
"7296-PIXQY","Female","Month-to-month","14","70.2","Electronic check","Low/Medium Risk"
"7394-LWLYN","Female","Month-to-month","2","70.15","Electronic check","Low/Medium Risk"
"7562-UXTPG","Female","Month-to-month","13","70.15","Mailed check","Low/Medium Risk"
"6077-BDPXA","Female","Month-to-month","3","70.15","Electronic check","Low/Medium Risk"
"9289-LBQVU","Male","One year","64","70.15","Mailed check","Low/Medium Risk"
"7581-EBBOU","Female","One year","60","70.15","Credit card (automatic)","Low/Medium Risk"
"9506-UXUSK","Male","Month-to-month","13","70.15","Electronic check","Low/Medium Risk"
"9272-LSVYH","Male","Month-to-month","10","70.15","Mailed check","Low/Medium Risk"
"2262-SLNVK","Female","Month-to-month","1","70.1","Electronic check","Low/Medium Risk"
"5119-NZPTV","Male","Month-to-month","2","70.1","Electronic check","Low/Medium Risk"
"5696-JVVQY","Female","Two year","48","70.1","Credit card (automatic)","Low/Medium Risk"
"0556-FJEGU","Male","Two year","58","70.1","Bank transfer (automatic)","Low/Medium Risk"
"9603-OAIHC","Male","Month-to-month","1","70.05","Electronic check","Low/Medium Risk"
"6705-LXORM","Female","Month-to-month","5","70.05","Electronic check","Low/Medium Risk"
"5895-QSXOD","Male","Month-to-month","9","70.05","Mailed check","Low/Medium Risk"
"1768-HNVGJ","Female","Month-to-month","45","70.05","Electronic check","Low/Medium Risk"
"1304-BCCFO","Male","Month-to-month","9","70.05","Mailed check","Low/Medium Risk"
"3509-GWQGF","Male","Month-to-month","24","70","Credit card (automatic)","Low/Medium Risk"
"6288-CHQJB","Female","Two year","54","69.95","Bank transfer (automatic)","Low/Medium Risk"
"9796-BPKIW","Male","Month-to-month","8","69.95","Credit card (automatic)","Low/Medium Risk"
"9389-ACWBI","Female","Month-to-month","5","69.95","Credit card (automatic)","Low/Medium Risk"
"2988-PLAHS","Female","One year","3","69.95","Electronic check","Low/Medium Risk"
"5600-KTXFM","Male","Month-to-month","2","69.95","Mailed check","Low/Medium Risk"
"6692-YQHXC","Male","Month-to-month","16","69.95","Credit card (automatic)","Low/Medium Risk"
"7459-IMVYU","Male","Month-to-month","38","69.95","Electronic check","Low/Medium Risk"
"2920-RNCEZ","Male","Month-to-month","1","69.95","Credit card (automatic)","Low/Medium Risk"
"0916-KNFAJ","Male","Two year","61","69.9","Mailed check","Low/Medium Risk"
"5996-EBTKM","Female","Two year","67","69.9","Bank transfer (automatic)","Low/Medium Risk"
"5542-TBBWB","Male","Month-to-month","1","69.9","Electronic check","Low/Medium Risk"
"0958-YHXGP","Female","Month-to-month","7","69.9","Mailed check","Low/Medium Risk"
"8097-VBQTZ","Male","Month-to-month","54","69.9","Mailed check","Low/Medium Risk"
"0270-THENM","Male","Two year","72","69.85","Bank transfer (automatic)","Low/Medium Risk"
"7245-NIIWQ","Female","Month-to-month","3","69.85","Electronic check","Low/Medium Risk"
"5605-IYGFG","Female","Month-to-month","7","69.85","Bank transfer (automatic)","Low/Medium Risk"
"0603-OLQDC","Male","Month-to-month","12","69.85","Mailed check","Low/Medium Risk"
"6463-MVYRY","Female","Two year","57","69.85","Bank transfer (automatic)","Low/Medium Risk"
"7326-RIGQZ","Male","Month-to-month","6","69.8","Electronic check","Low/Medium Risk"
"2897-DOVND","Male","Month-to-month","2","69.8","Electronic check","Low/Medium Risk"
"8630-FJLIB","Female","Month-to-month","18","69.8","Electronic check","Low/Medium Risk"
"0599-XNYDO","Female","Month-to-month","20","69.8","Bank transfer (automatic)","Low/Medium Risk"
"5760-WRAHC","Female","Month-to-month","22","69.75","Mailed check","Low/Medium Risk"
"0743-HNPFG","Female","One year","51","69.75","Credit card (automatic)","Low/Medium Risk"
"8329-GWVPJ","Female","Month-to-month","50","69.75","Bank transfer (automatic)","Low/Medium Risk"
"7504-UWHNB","Male","Month-to-month","25","69.75","Electronic check","Low/Medium Risk"
"0602-DDUML","Female","Two year","57","69.75","Mailed check","Low/Medium Risk"
"5707-ZMDJP","Male","Two year","53","69.7","Mailed check","Low/Medium Risk"
"1172-VIYBP","Male","Two year","53","69.7","Bank transfer (automatic)","Low/Medium Risk"
"3701-SFMUH","Male","Month-to-month","7","69.7","Credit card (automatic)","Low/Medium Risk"
"2178-PMGCJ","Male","Month-to-month","22","69.7","Mailed check","Low/Medium Risk"
"1016-DJTSV","Male","Month-to-month","8","69.7","Electronic check","Low/Medium Risk"
"4482-EWFMI","Female","Month-to-month","2","69.7","Electronic check","Low/Medium Risk"
"4342-HFXWS","Female","One year","48","69.7","Bank transfer (automatic)","Low/Medium Risk"
"0229-LFJAF","Male","Two year","72","69.65","Bank transfer (automatic)","Low/Medium Risk"
"2391-IPLOP","Male","One year","50","69.65","Electronic check","Low/Medium Risk"
"6557-BZXLQ","Male","Month-to-month","16","69.65","Electronic check","Low/Medium Risk"
"7798-JVXYM","Female","Month-to-month","14","69.65","Electronic check","Low/Medium Risk"
"6429-SHBCB","Male","Month-to-month","19","69.6","Mailed check","Low/Medium Risk"
"4983-CCWMC","Male","Month-to-month","3","69.6","Mailed check","Low/Medium Risk"
"0667-NSRGI","Female","One year","48","69.55","Mailed check","Low/Medium Risk"
"8120-JDCAM","Male","Month-to-month","4","69.55","Mailed check","Low/Medium Risk"
"4291-SHSBH","Male","Month-to-month","7","69.55","Electronic check","Low/Medium Risk"
"0455-XFASS","Female","Month-to-month","3","69.55","Electronic check","Low/Medium Risk"
"9565-FLVCG","Male","Two year","65","69.55","Mailed check","Low/Medium Risk"
"6575-SUVOI","Female","Month-to-month","25","69.5","Credit card (automatic)","Low/Medium Risk"
"7138-GIRSH","Male","Two year","50","69.5","Bank transfer (automatic)","Low/Medium Risk"
"3466-BYAVD","Male","Month-to-month","15","69.5","Mailed check","Low/Medium Risk"
"8663-UPDGF","Female","Month-to-month","26","69.5","Bank transfer (automatic)","Low/Medium Risk"
"9767-FFLEM","Male","Month-to-month","38","69.5","Credit card (automatic)","Low/Medium Risk"
"6890-PFRQX","Male","Month-to-month","18","69.5","Mailed check","Low/Medium Risk"
"1684-FLBGS","Female","Month-to-month","23","69.5","Credit card (automatic)","Low/Medium Risk"
"5186-EJEGL","Male","Month-to-month","9","69.5","Mailed check","Low/Medium Risk"
"2969-WGHQO","Female","One year","7","69.45","Electronic check","Low/Medium Risk"
"6614-VBEGU","Female","Month-to-month","24","69.45","Bank transfer (automatic)","Low/Medium Risk"
"8401-EMUWF","Male","Month-to-month","42","69.4","Bank transfer (automatic)","Low/Medium Risk"
"0885-HMGPY","Male","Two year","62","69.4","Bank transfer (automatic)","Low/Medium Risk"
"0013-MHZWF","Female","Month-to-month","9","69.4","Credit card (automatic)","Low/Medium Risk"
"3223-DWFIO","Male","Month-to-month","4","69.35","Electronic check","Low/Medium Risk"
"1399-UBQIU","Male","Month-to-month","11","69.35","Electronic check","Low/Medium Risk"
"1544-JJMYL","Male","One year","27","69.35","Credit card (automatic)","Low/Medium Risk"
"6332-FBZRI","Male","One year","67","69.35","Credit card (automatic)","Low/Medium Risk"
"2799-ARNLO","Female","Month-to-month","5","69.35","Electronic check","Low/Medium Risk"
"7924-GJZFI","Female","Month-to-month","25","69.3","Electronic check","Low/Medium Risk"
"9799-CAYJJ","Female","Month-to-month","2","69.3","Electronic check","Low/Medium Risk"
"9091-WTUUY","Male","Two year","64","69.25","Mailed check","Low/Medium Risk"
"8760-ZRHKE","Female","One year","71","69.2","Electronic check","Low/Medium Risk"
"5044-LRQAQ","Female","Month-to-month","7","69.2","Bank transfer (automatic)","Low/Medium Risk"
"9489-DEDVP","Female","Two year","70","69.2","Credit card (automatic)","Low/Medium Risk"
"3059-NGMXB","Male","Month-to-month","14","69.2","Mailed check","Low/Medium Risk"
"7197-VOJMM","Male","Two year","67","69.2","Credit card (automatic)","Low/Medium Risk"
"8993-IZEUX","Male","Month-to-month","7","69.15","Bank transfer (automatic)","Low/Medium Risk"
"7594-LZNWR","Male","Month-to-month","34","69.15","Credit card (automatic)","Low/Medium Risk"
"8221-HVAYI","Male","Two year","35","69.15","Credit card (automatic)","Low/Medium Risk"
"9701-CDXHR","Female","Month-to-month","51","69.15","Mailed check","Low/Medium Risk"
"7159-FVYPK","Female","Month-to-month","3","69.15","Bank transfer (automatic)","Low/Medium Risk"
"7502-BNYGS","Female","Month-to-month","46","69.1","Credit card (automatic)","Low/Medium Risk"
"3466-WAESX","Male","Month-to-month","16","69.1","Electronic check","Low/Medium Risk"
"3453-RTHJQ","Male","Month-to-month","6","69.1","Electronic check","Low/Medium Risk"
"4501-UYKBC","Female","One year","46","69.1","Credit card (automatic)","Low/Medium Risk"
"0872-CASZJ","Male","One year","59","69.1","Mailed check","Low/Medium Risk"
"3280-MRDOF","Male","Two year","30","69.1","Credit card (automatic)","Low/Medium Risk"
"1303-SRDOK","Female","Two year","55","69.05","Credit card (automatic)","Low/Medium Risk"
"8990-ZXLSU","Female","Month-to-month","9","69.05","Electronic check","Low/Medium Risk"
"8690-UPCZI","Male","One year","29","69.05","Bank transfer (automatic)","Low/Medium Risk"
"9643-YBLUR","Male","Month-to-month","9","69.05","Credit card (automatic)","Low/Medium Risk"
"1025-FALIX","Female","Month-to-month","26","69.05","Credit card (automatic)","Low/Medium Risk"
"8725-JEDFD","Male","Month-to-month","27","69.05","Mailed check","Low/Medium Risk"
"9609-BENEA","Male","One year","35","69","Electronic check","Low/Medium Risk"
"6992-TKNYO","Male","One year","38","69","Credit card (automatic)","Low/Medium Risk"
"1703-MGIAB","Female","Month-to-month","17","69","Mailed check","Low/Medium Risk"
"5916-QEWPT","Female","Month-to-month","2","69","Credit card (automatic)","Low/Medium Risk"
"2925-MXLSX","Female","One year","30","68.95","Credit card (automatic)","Low/Medium Risk"
"4915-BFSXL","Male","Two year","70","68.95","Credit card (automatic)","Low/Medium Risk"
"6439-LAJXL","Male","Month-to-month","9","68.95","Mailed check","Low/Medium Risk"
"0018-NYROU","Female","Month-to-month","5","68.95","Electronic check","Low/Medium Risk"
"8263-OKETD","Female","Month-to-month","20","68.9","Credit card (automatic)","Low/Medium Risk"
"9142-KZXOP","Male","Month-to-month","44","68.85","Credit card (automatic)","Low/Medium Risk"
"9968-FFVVH","Male","One year","63","68.8","Bank transfer (automatic)","Low/Medium Risk"
"4578-PHJYZ","Male","One year","52","68.75","Electronic check","Low/Medium Risk"
"5829-NVSQN","Female","One year","23","68.75","Bank transfer (automatic)","Low/Medium Risk"
"3948-KXDUF","Male","Two year","66","68.75","Bank transfer (automatic)","Low/Medium Risk"
"8039-ACLPL","Female","Two year","72","68.75","Credit card (automatic)","Low/Medium Risk"
"5791-KAJFD","Female","One year","56","68.75","Bank transfer (automatic)","Low/Medium Risk"
"4114-QMKVN","Female","One year","56","68.75","Bank transfer (automatic)","Low/Medium Risk"
"1840-BIUOG","Male","One year","20","68.7","Electronic check","Low/Medium Risk"
"4560-WQAQW","Female","One year","59","68.7","Bank transfer (automatic)","Low/Medium Risk"
"7855-DIWPO","Female","Month-to-month","21","68.65","Electronic check","Low/Medium Risk"
"7718-RXDGG","Male","Month-to-month","15","68.6","Bank transfer (automatic)","Low/Medium Risk"
"1921-KYSAY","Female","One year","41","68.6","Electronic check","Low/Medium Risk"
"3780-YVMFA","Female","Month-to-month","8","68.55","Electronic check","Low/Medium Risk"
"1338-CECEE","Male","One year","41","68.5","Bank transfer (automatic)","Low/Medium Risk"
"5820-PTRYM","Female","One year","56","68.45","Credit card (automatic)","Low/Medium Risk"
"1474-JUWSM","Female","One year","58","68.4","Electronic check","Low/Medium Risk"
"7169-YWAMK","Male","Two year","72","68.4","Bank transfer (automatic)","Low/Medium Risk"
"7799-DSEWS","Male","Month-to-month","18","68.35","Electronic check","Low/Medium Risk"
"2845-KDHVX","Female","Two year","64","68.3","Mailed check","Low/Medium Risk"
"0701-TJSEF","Male","Month-to-month","9","68.25","Bank transfer (automatic)","Low/Medium Risk"
"5840-NVDCG","Female","Two year","16","68.25","Bank transfer (automatic)","Low/Medium Risk"
"6368-NWMCE","Female","Month-to-month","38","68.15","Credit card (automatic)","Low/Medium Risk"
"6087-YPWHO","Male","Two year","72","68.15","Mailed check","Low/Medium Risk"
"6252-DFGTK","Female","One year","37","68.1","Credit card (automatic)","Low/Medium Risk"
"6897-RWMUB","Male","Two year","61","68.05","Bank transfer (automatic)","Low/Medium Risk"
"5208-FVQKB","Male","Two year","70","67.95","Mailed check","Low/Medium Risk"
"9993-LHIEB","Male","Two year","67","67.85","Mailed check","Low/Medium Risk"
"5803-NQJZO","Male","Two year","72","67.8","Bank transfer (automatic)","Low/Medium Risk"
"1436-ZMJAN","Female","Month-to-month","10","67.8","Credit card (automatic)","Low/Medium Risk"
"8474-UMLNT","Female","Month-to-month","13","67.8","Bank transfer (automatic)","Low/Medium Risk"
"8738-JOKAR","Female","One year","42","67.7","Mailed check","Low/Medium Risk"
"9871-ELEYA","Female","Two year","34","67.65","Credit card (automatic)","Low/Medium Risk"
"1810-MVMAI","Male","Month-to-month","30","67.6","Electronic check","Low/Medium Risk"
"6873-UDNLD","Male","Month-to-month","40","67.45","Electronic check","Low/Medium Risk"
"3537-RYBHH","Female","Month-to-month","47","67.45","Credit card (automatic)","Low/Medium Risk"
"9207-ZPANB","Male","One year","37","67.45","Electronic check","Low/Medium Risk"
"7520-HQWJU","Female","Month-to-month","66","67.45","Bank transfer (automatic)","Low/Medium Risk"
"2038-YSEZE","Female","Month-to-month","29","67.45","Mailed check","Low/Medium Risk"
"9755-JHNMN","Female","Two year","49","67.4","Bank transfer (automatic)","Low/Medium Risk"
"4672-FOTSD","Male","Month-to-month","12","67.25","Electronic check","Low/Medium Risk"
"3796-ENZGF","Male","Two year","63","67.25","Mailed check","Low/Medium Risk"
"5115-GZDEL","Male","Two year","72","67.2","Credit card (automatic)","Low/Medium Risk"
"9253-VIFJQ","Male","One year","65","67.05","Credit card (automatic)","Low/Medium Risk"
"8990-YOZLV","Female","Two year","69","66.9","Mailed check","Low/Medium Risk"
"5176-OLSKT","Female","Two year","66","66.9","Bank transfer (automatic)","Low/Medium Risk"
"9803-FTJCG","Male","One year","71","66.85","Credit card (automatic)","Low/Medium Risk"
"8160-HOWOX","Female","Month-to-month","7","66.85","Electronic check","Low/Medium Risk"
"1266-NZYUI","Female","Two year","72","66.85","Bank transfer (automatic)","Low/Medium Risk"
"1697-BCSHV","Female","Month-to-month","58","66.8","Bank transfer (automatic)","Low/Medium Risk"
"1866-DIOQZ","Female","One year","71","66.8","Bank transfer (automatic)","Low/Medium Risk"
"7399-QHBJS","Female","Two year","72","66.75","Credit card (automatic)","Low/Medium Risk"
"0820-FNRNX","Male","Month-to-month","17","66.7","Mailed check","Low/Medium Risk"
"1907-YLNYW","Male","Month-to-month","8","66.7","Electronic check","Low/Medium Risk"
"4226-KKDON","Male","Month-to-month","8","66.65","Electronic check","Low/Medium Risk"
"2257-BOVXD","Male","Month-to-month","14","66.6","Credit card (automatic)","Low/Medium Risk"
"4615-PIVVU","Female","Two year","42","66.5","Credit card (automatic)","Low/Medium Risk"
"8338-QIUNR","Male","Two year","72","66.5","Credit card (automatic)","Low/Medium Risk"
"9351-LZYGF","Female","Month-to-month","42","66.4","Credit card (automatic)","Low/Medium Risk"
"7036-ZZKBD","Male","Month-to-month","31","66.4","Credit card (automatic)","Low/Medium Risk"
"5951-AOFIH","Male","Month-to-month","33","66.4","Credit card (automatic)","Low/Medium Risk"
"6507-DTJZV","Male","Month-to-month","13","66.4","Credit card (automatic)","Low/Medium Risk"
"1697-NVVGY","Male","Month-to-month","19","66.4","Bank transfer (automatic)","Low/Medium Risk"
"1265-HVPZB","Male","One year","59","66.4","Credit card (automatic)","Low/Medium Risk"
"7964-YESJC","Female","Month-to-month","24","66.3","Mailed check","Low/Medium Risk"
"5018-LXQQG","Female","Month-to-month","30","66.3","Bank transfer (automatic)","Low/Medium Risk"
"2373-NTKOD","Male","Month-to-month","8","66.25","Electronic check","Low/Medium Risk"
"4254-QPEDE","Female","Two year","52","66.25","Credit card (automatic)","Low/Medium Risk"
"9330-DHBFL","Female","One year","23","66.25","Mailed check","Low/Medium Risk"
"6171-ZTVYB","Male","Month-to-month","43","66.25","Bank transfer (automatic)","Low/Medium Risk"
"3850-OKINF","Male","One year","71","66.2","Electronic check","Low/Medium Risk"
"4942-VZZOM","Male","One year","64","66.15","Credit card (automatic)","Low/Medium Risk"
"2676-SSLTO","Male","Two year","49","66.15","Bank transfer (automatic)","Low/Medium Risk"
"3038-PQIUY","Female","Month-to-month","38","66.15","Bank transfer (automatic)","Low/Medium Risk"
"6827-IEAUQ","Female","One year","27","66.15","Mailed check","Low/Medium Risk"
"3301-LSLWQ","Female","Month-to-month","29","66.1","Electronic check","Low/Medium Risk"
"0420-TXVSG","Male","Two year","66","66.1","Credit card (automatic)","Low/Medium Risk"
"0334-ZFJSR","Female","One year","55","66.05","Credit card (automatic)","Low/Medium Risk"
"8623-ULFNQ","Female","Month-to-month","26","66.05","Electronic check","Low/Medium Risk"
"5499-ECUTN","Female","One year","47","66.05","Credit card (automatic)","Low/Medium Risk"
"7797-EJMDP","Female","Month-to-month","8","66.05","Bank transfer (automatic)","Low/Medium Risk"
"9769-TSBZE","Female","Two year","70","66","Electronic check","Low/Medium Risk"
"7919-ZODZZ","Female","One year","10","65.9","Mailed check","Low/Medium Risk"
"3161-ONRWK","Male","One year","60","65.85","Bank transfer (automatic)","Low/Medium Risk"
"7113-HIPFI","Male","Two year","66","65.85","Mailed check","Low/Medium Risk"
"0708-LGSMF","Male","Month-to-month","13","65.85","Electronic check","Low/Medium Risk"
"9055-MOJJJ","Female","One year","64","65.8","Mailed check","Low/Medium Risk"
"4923-ADWXJ","Female","Month-to-month","25","65.8","Bank transfer (automatic)","Low/Medium Risk"
"0872-JCPIB","Male","Month-to-month","17","65.75","Bank transfer (automatic)","Low/Medium Risk"
"0769-MURVM","Female","Two year","72","65.7","Bank transfer (automatic)","Low/Medium Risk"
"0531-XBKMM","Male","Two year","66","65.7","Bank transfer (automatic)","Low/Medium Risk"
"4102-HLENU","Female","Two year","67","65.65","Mailed check","Low/Medium Risk"
"6374-AFWOX","Male","Two year","46","65.65","Mailed check","Low/Medium Risk"
"2160-GPFXD","Male","Two year","54","65.65","Credit card (automatic)","Low/Medium Risk"
"9114-AAFQH","Female","One year","48","65.65","Electronic check","Low/Medium Risk"
"5360-XGYAZ","Male","Two year","72","65.65","Bank transfer (automatic)","Low/Medium Risk"
"8404-GFGCZ","Male","Month-to-month","4","65.6","Electronic check","Low/Medium Risk"
"0002-ORFBO","Female","One year","9","65.6","Mailed check","Low/Medium Risk"
"9761-XUJWD","Male","Month-to-month","5","65.6","Bank transfer (automatic)","Low/Medium Risk"
"7349-ALMUX","Male","Two year","37","65.6","Bank transfer (automatic)","Low/Medium Risk"
"4957-TIALW","Female","One year","15","65.6","Credit card (automatic)","Low/Medium Risk"
"8908-NMQTX","Male","Two year","72","65.6","Bank transfer (automatic)","Low/Medium Risk"
"5172-MIGPM","Male","Month-to-month","4","65.55","Mailed check","Low/Medium Risk"
"6625-IUTTT","Male","Two year","67","65.55","Bank transfer (automatic)","Low/Medium Risk"
"4079-WWQQQ","Male","Two year","72","65.55","Bank transfer (automatic)","Low/Medium Risk"
"2581-VKIRT","Female","One year","59","65.5","Mailed check","Low/Medium Risk"
"9700-ISPUP","Female","Month-to-month","10","65.5","Electronic check","Low/Medium Risk"
"6854-EXGSF","Female","Month-to-month","8","65.5","Bank transfer (automatic)","Low/Medium Risk"
"8792-AOROI","Female","Two year","8","65.5","Mailed check","Low/Medium Risk"
"6115-ZTBFQ","Female","Two year","72","65.5","Bank transfer (automatic)","Low/Medium Risk"
"5568-DMXZS","Female","Month-to-month","8","65.45","Electronic check","Low/Medium Risk"
"9209-NWPGU","Male","One year","44","65.4","Electronic check","Low/Medium Risk"
"0297-RBCSG","Male","One year","19","65.35","Bank transfer (automatic)","Low/Medium Risk"
"3703-TTEPD","Male","Month-to-month","21","65.35","Bank transfer (automatic)","Low/Medium Risk"
"7054-DMVAS","Male","Two year","54","65.3","Bank transfer (automatic)","Low/Medium Risk"
"7184-LRUUR","Female","One year","22","65.25","Bank transfer (automatic)","Low/Medium Risk"
"9443-JUBUO","Male","Two year","72","65.25","Credit card (automatic)","Low/Medium Risk"
"7994-XIRTR","Male","One year","54","65.25","Bank transfer (automatic)","Low/Medium Risk"
"1230-QAJDW","Male","Month-to-month","3","65.25","Mailed check","Low/Medium Risk"
"3969-JQABI","Female","Month-to-month","58","65.25","Credit card (automatic)","Low/Medium Risk"
"3957-HHLMR","Female","One year","70","65.2","Bank transfer (automatic)","Low/Medium Risk"
"4981-FLTMF","Female","Month-to-month","57","65.2","Bank transfer (automatic)","Low/Medium Risk"
"5127-BZENZ","Female","One year","56","65.2","Bank transfer (automatic)","Low/Medium Risk"
"5446-DKWYW","Female","One year","61","65.2","Electronic check","Low/Medium Risk"
"7781-HVGMK","Female","Two year","72","65.2","Credit card (automatic)","Low/Medium Risk"
"2176-OSJUV","Male","Two year","71","65.15","Bank transfer (automatic)","Low/Medium Risk"
"0774-IFUVM","Male","Month-to-month","11","65.15","Bank transfer (automatic)","Low/Medium Risk"
"1221-GHZEP","Female","Two year","62","65.1","Mailed check","Low/Medium Risk"
"4795-WRNVT","Female","Month-to-month","40","65.1","Mailed check","Low/Medium Risk"
"9242-TKFSV","Male","Two year","72","65.1","Credit card (automatic)","Low/Medium Risk"
"1852-XEMDW","Male","Month-to-month","22","65.05","Mailed check","Low/Medium Risk"
"0303-UNCIP","Male","One year","41","65","Mailed check","Low/Medium Risk"
"7691-KGKGP","Male","Month-to-month","53","65","Credit card (automatic)","Low/Medium Risk"
"0708-SJDIS","Female","Month-to-month","34","65","Mailed check","Low/Medium Risk"
"4381-MHQDC","Female","Two year","47","65","Mailed check","Low/Medium Risk"
"4283-IVYCI","Male","Month-to-month","9","64.95","Mailed check","Low/Medium Risk"
"8590-YFFQO","Male","Two year","70","64.95","Credit card (automatic)","Low/Medium Risk"
"8597-CTXVJ","Male","One year","70","64.95","Bank transfer (automatic)","Low/Medium Risk"
"4334-HOWRP","Male","Two year","72","64.95","Credit card (automatic)","Low/Medium Risk"
"3179-GBRWV","Male","Month-to-month","21","64.95","Bank transfer (automatic)","Low/Medium Risk"
"7351-KYHQH","Female","Month-to-month","7","64.95","Electronic check","Low/Medium Risk"
"5081-NWSUP","Female","One year","10","64.9","Mailed check","Low/Medium Risk"
"6652-YFFJO","Female","Month-to-month","11","64.9","Electronic check","Low/Medium Risk"
"5614-DNZCE","Female","Two year","58","64.9","Credit card (automatic)","Low/Medium Risk"
"0895-LMRSF","Male","One year","23","64.9","Bank transfer (automatic)","Low/Medium Risk"
"5756-JYOJT","Female","One year","11","64.9","Credit card (automatic)","Low/Medium Risk"
"4223-BKEOR","Female","One year","21","64.85","Mailed check","Low/Medium Risk"
"7105-BENQF","Male","One year","15","64.85","Mailed check","Low/Medium Risk"
"0484-FFVBJ","Male","One year","32","64.85","Bank transfer (automatic)","Low/Medium Risk"
"6718-BDGHG","Female","One year","43","64.85","Bank transfer (automatic)","Low/Medium Risk"
"3137-NYQQI","Male","One year","17","64.8","Mailed check","Low/Medium Risk"
"8204-YJCLA","Male","Two year","72","64.8","Bank transfer (automatic)","Low/Medium Risk"
"5275-PMFUT","Male","Two year","72","64.8","Credit card (automatic)","Low/Medium Risk"
"2937-FTHUR","Female","Month-to-month","18","64.8","Electronic check","Low/Medium Risk"
"7945-HLKEA","Female","One year","60","64.75","Electronic check","Low/Medium Risk"
"6253-WRFHY","Male","One year","13","64.75","Electronic check","Low/Medium Risk"
"9018-PCIOK","Female","Two year","55","64.75","Mailed check","Low/Medium Risk"
"9499-XPZXM","Female","Two year","72","64.75","Bank transfer (automatic)","Low/Medium Risk"
"6166-YIPFO","Male","Two year","72","64.7","Electronic check","Low/Medium Risk"
"7032-LMBHI","Female","One year","37","64.65","Bank transfer (automatic)","Low/Medium Risk"
"3863-QSTYI","Male","Month-to-month","59","64.65","Electronic check","Low/Medium Risk"
"4872-VXRIL","Male","One year","56","64.65","Bank transfer (automatic)","Low/Medium Risk"
"5356-CSVSQ","Female","Month-to-month","3","64.6","Electronic check","Low/Medium Risk"
"2451-YMUXS","Male","Two year","67","64.55","Bank transfer (automatic)","Low/Medium Risk"
"2535-PBCGC","Female","Two year","70","64.55","Bank transfer (automatic)","Low/Medium Risk"
"0096-FCPUF","Male","Month-to-month","30","64.5","Mailed check","Low/Medium Risk"
"5630-AHZIL","Female","Month-to-month","3","64.5","Bank transfer (automatic)","Low/Medium Risk"
"8845-LWKGE","Female","One year","30","64.5","Electronic check","Low/Medium Risk"
"6440-DKQGE","Male","One year","30","64.5","Credit card (automatic)","Low/Medium Risk"
"4139-DETXS","Female","Two year","72","64.45","Bank transfer (automatic)","Low/Medium Risk"
"5456-ITGIC","Male","Two year","72","64.45","Credit card (automatic)","Low/Medium Risk"
"7361-YPXFS","Female","Month-to-month","28","64.45","Bank transfer (automatic)","Low/Medium Risk"
"7860-KSUGX","Male","Two year","72","64.45","Credit card (automatic)","Low/Medium Risk"
"1465-LNTLJ","Male","Month-to-month","8","64.4","Credit card (automatic)","Low/Medium Risk"
"0384-RVBPI","Male","Month-to-month","20","64.4","Credit card (automatic)","Low/Medium Risk"
"5825-XJOCM","Male","One year","48","64.4","Bank transfer (automatic)","Low/Medium Risk"
"4710-NKCAW","Male","Month-to-month","5","64.4","Credit card (automatic)","Low/Medium Risk"
"4957-TREIR","Male","Month-to-month","3","64.4","Credit card (automatic)","Low/Medium Risk"
"1104-FEJAM","Male","Month-to-month","28","64.4","Electronic check","Low/Medium Risk"
"3137-LUPIX","Female","Month-to-month","4","64.4","Mailed check","Low/Medium Risk"
"0361-HJRDX","Female","Two year","68","64.35","Credit card (automatic)","Low/Medium Risk"
"5203-XEHAX","Female","One year","34","64.35","Electronic check","Low/Medium Risk"
"1904-WAJAA","Female","Two year","24","64.35","Electronic check","Low/Medium Risk"
"7905-TVXTA","Female","Month-to-month","5","64.35","Electronic check","Low/Medium Risk"
"8777-PVYGU","Female","One year","52","64.3","Mailed check","Low/Medium Risk"
"7319-VENRZ","Male","Month-to-month","7","64.3","Bank transfer (automatic)","Low/Medium Risk"
"6371-NZYEG","Male","Two year","16","64.25","Mailed check","Low/Medium Risk"
"3174-AKMAS","Female","Two year","46","64.2","Credit card (automatic)","Low/Medium Risk"
"7905-NJMXS","Male","Month-to-month","7","64.2","Electronic check","Low/Medium Risk"
"5173-WXOQV","Male","Month-to-month","2","64.2","Mailed check","Low/Medium Risk"
"7753-USQYQ","Male","One year","55","64.2","Electronic check","Low/Medium Risk"
"2522-WLNSF","Female","One year","34","64.2","Bank transfer (automatic)","Low/Medium Risk"
"5815-HGGHV","Male","One year","20","64.15","Mailed check","Low/Medium Risk"
"1177-XZBJL","Male","One year","53","64.15","Bank transfer (automatic)","Low/Medium Risk"
"2954-PIBKO","Female","Two year","69","64.15","Credit card (automatic)","Low/Medium Risk"
"9281-CEDRU","Female","Two year","68","64.1","Bank transfer (automatic)","Low/Medium Risk"
"9362-MWODR","Female","Month-to-month","40","64.1","Credit card (automatic)","Low/Medium Risk"
"3629-WEAAM","Female","Month-to-month","8","64.1","Mailed check","Low/Medium Risk"
"3308-JSGML","Male","Two year","59","64.05","Credit card (automatic)","Low/Medium Risk"
"5756-OZRIO","Male","One year","61","64.05","Bank transfer (automatic)","Low/Medium Risk"
"2458-EOMRE","Female","Month-to-month","11","64.05","Bank transfer (automatic)","Low/Medium Risk"
"8619-IJNDK","Female","Two year","71","64.05","Credit card (automatic)","Low/Medium Risk"
"4003-OCTMP","Female","One year","31","64","Electronic check","Low/Medium Risk"
"2041-JIJCI","Female","Month-to-month","5","64","Electronic check","Low/Medium Risk"
"8100-HZZLJ","Female","Month-to-month","43","63.95","Electronic check","Low/Medium Risk"
"0295-QVKPB","Male","Month-to-month","5","63.95","Credit card (automatic)","Low/Medium Risk"
"6203-HBZPA","Male","Two year","52","63.9","Credit card (automatic)","Low/Medium Risk"
"2150-WLKUW","Female","One year","40","63.9","Bank transfer (automatic)","Low/Medium Risk"
"5387-ASZNZ","Female","One year","66","63.85","Credit card (automatic)","Low/Medium Risk"
"8548-AWOFC","Male","Month-to-month","66","63.85","Electronic check","Low/Medium Risk"
"0301-FIDRB","Female","Two year","72","63.8","Bank transfer (automatic)","Low/Medium Risk"
"7771-CFQRQ","Female","Two year","47","63.8","Bank transfer (automatic)","Low/Medium Risk"
"1564-HJUVY","Male","Month-to-month","4","63.75","Bank transfer (automatic)","Low/Medium Risk"
"2541-YGPKE","Male","One year","42","63.7","Credit card (automatic)","Low/Medium Risk"
"4967-WPNCF","Male","Two year","72","63.7","Bank transfer (automatic)","Low/Medium Risk"
"5975-BAICR","Male","One year","36","63.7","Credit card (automatic)","Low/Medium Risk"
"3402-XRIUO","Female","Month-to-month","22","63.55","Mailed check","Low/Medium Risk"
"9786-YWNHU","Female","Two year","63","63.55","Mailed check","Low/Medium Risk"
"6505-OZNPG","Female","Two year","6","63.4","Mailed check","Low/Medium Risk"
"0757-WCUUZ","Male","Two year","54","63.35","Credit card (automatic)","Low/Medium Risk"
"1525-LNLOJ","Male","Two year","66","63.3","Bank transfer (automatic)","Low/Medium Risk"
"4568-KNYWR","Male","Two year","52","63.25","Credit card (automatic)","Low/Medium Risk"
"6366-XIVKZ","Female","Month-to-month","13","63.15","Mailed check","Low/Medium Risk"
"2274-XUATA","Male","Two year","72","63.1","Bank transfer (automatic)","Low/Medium Risk"
"3688-FTHLT","Female","Month-to-month","16","63.05","Bank transfer (automatic)","Low/Medium Risk"
"4632-XJMEX","Male","One year","53","62.85","Credit card (automatic)","Low/Medium Risk"
"6260-ONULR","Male","Month-to-month","1","62.8","Mailed check","Low/Medium Risk"
"0513-RBGPE","Male","Two year","37","62.8","Credit card (automatic)","Low/Medium Risk"
"5309-TAIKL","Female","Month-to-month","7","62.8","Bank transfer (automatic)","Low/Medium Risk"
"3563-SVYLG","Male","Two year","68","62.65","Credit card (automatic)","Low/Medium Risk"
"9670-BPNXF","Female","One year","45","62.55","Credit card (automatic)","Low/Medium Risk"
"8404-VIOMB","Female","Two year","66","62.5","Bank transfer (automatic)","Low/Medium Risk"
"0257-KXZGU","Female","Month-to-month","32","62.45","Bank transfer (automatic)","Low/Medium Risk"
"7143-BQIBA","Male","Month-to-month","10","62.25","Bank transfer (automatic)","Low/Medium Risk"
"1194-BHJYC","Male","Two year","61","62.15","Mailed check","Low/Medium Risk"
"4808-YNLEU","Female","One year","35","62.15","Bank transfer (automatic)","Low/Medium Risk"
"0541-FITGH","Female","Month-to-month","2","62.15","Mailed check","Low/Medium Risk"
"1536-YHDOE","Male","One year","17","62.1","Mailed check","Low/Medium Risk"
"8980-WQFWL","Female","Month-to-month","35","62.1","Electronic check","Low/Medium Risk"
"0384-LPITE","Male","One year","40","62.05","Credit card (automatic)","Low/Medium Risk"
"9798-DRYDS","Female","One year","17","61.95","Mailed check","Low/Medium Risk"
"2408-PSJVE","Male","Month-to-month","44","61.9","Mailed check","Low/Medium Risk"
"7707-PYBBH","Male","Month-to-month","40","61.9","Mailed check","Low/Medium Risk"
"4418-LZMSV","Male","Month-to-month","13","61.8","Bank transfer (automatic)","Low/Medium Risk"
"9782-LGXMC","Female","Month-to-month","49","61.75","Bank transfer (automatic)","Low/Medium Risk"
"8992-OBVDG","Male","Month-to-month","21","61.65","Mailed check","Low/Medium Risk"
"0074-HDKDG","Male","One year","25","61.6","Bank transfer (automatic)","Low/Medium Risk"
"9052-DHNKM","Male","One year","26","61.55","Electronic check","Low/Medium Risk"
"4003-FUSHP","Male","Month-to-month","19","61.55","Credit card (automatic)","Low/Medium Risk"
"1402-PTHGN","Female","One year","18","61.5","Mailed check","Low/Medium Risk"
"2348-KCJLT","Female","One year","44","61.5","Mailed check","Low/Medium Risk"
"6023-GSSXW","Female","Two year","69","61.45","Credit card (automatic)","Low/Medium Risk"
"5338-YHWYT","Male","Two year","37","61.45","Credit card (automatic)","Low/Medium Risk"
"4891-NLUBA","Female","Two year","61","61.45","Bank transfer (automatic)","Low/Medium Risk"
"9715-SBVSU","Male","Two year","14","61.4","Bank transfer (automatic)","Low/Medium Risk"
"9220-CXRSC","Female","Two year","69","61.4","Credit card (automatic)","Low/Medium Risk"
"0567-GGCAC","Female","Month-to-month","7","61.4","Electronic check","Low/Medium Risk"
"5061-PBXFW","Female","Month-to-month","32","61.4","Bank transfer (automatic)","Low/Medium Risk"
"3911-RSNHI","Female","Two year","71","61.4","Credit card (automatic)","Low/Medium Risk"
"1699-UOTXU","Male","Two year","60","61.4","Electronic check","Low/Medium Risk"
"2580-ATZSQ","Female","One year","65","61.35","Bank transfer (automatic)","Low/Medium Risk"
"8788-DOXSU","Male","One year","59","61.35","Bank transfer (automatic)","Low/Medium Risk"
"1702-CCFNJ","Male","Month-to-month","52","61.35","Bank transfer (automatic)","Low/Medium Risk"
"5317-FLPJF","Female","Two year","66","61.35","Bank transfer (automatic)","Low/Medium Risk"
"4012-YCFAI","Male","Two year","60","61.35","Mailed check","Low/Medium Risk"
"5181-OABFK","Female","Two year","56","61.3","Credit card (automatic)","Low/Medium Risk"
"8313-KTIHG","Male","Month-to-month","4","61.3","Electronic check","Low/Medium Risk"
"0020-JDNXP","Female","One year","34","61.25","Mailed check","Low/Medium Risk"
"9314-QDMDW","Male","One year","11","61.25","Electronic check","Low/Medium Risk"
"0336-KXKFK","Male","Two year","72","61.2","Credit card (automatic)","Low/Medium Risk"
"3727-OWVYD","Male","One year","35","61.2","Mailed check","Low/Medium Risk"
"1791-PQHBB","Female","Month-to-month","2","61.2","Credit card (automatic)","Low/Medium Risk"
"1928-BXYIV","Male","Month-to-month","1","61.15","Electronic check","Low/Medium Risk"
"5993-JSUWV","Female","Two year","66","61.15","Bank transfer (automatic)","Low/Medium Risk"
"7470-DYNOE","Male","One year","53","61.1","Electronic check","Low/Medium Risk"
"6603-YRDCJ","Male","Two year","33","61.05","Mailed check","Low/Medium Risk"
"7670-ZBPOQ","Female","One year","58","61.05","Bank transfer (automatic)","Low/Medium Risk"
"6402-SSEJG","Female","One year","25","61.05","Electronic check","Low/Medium Risk"
"4636-OLWOE","Male","One year","54","61","Electronic check","Low/Medium Risk"
"8221-EQDGL","Male","Month-to-month","35","61","Mailed check","Low/Medium Risk"
"3090-LETTY","Male","Month-to-month","2","60.95","Bank transfer (automatic)","Low/Medium Risk"
"7722-VJRQD","Male","Two year","72","60.95","Bank transfer (automatic)","Low/Medium Risk"
"7766-CLTIC","Female","Month-to-month","10","60.95","Mailed check","Low/Medium Risk"
"3740-RLMVT","Male","One year","67","60.95","Bank transfer (automatic)","Low/Medium Risk"
"5478-JJVZK","Female","Month-to-month","33","60.9","Mailed check","Low/Medium Risk"
"1353-LJWEM","Male","Month-to-month","11","60.9","Electronic check","Low/Medium Risk"
"4134-BSXLX","Male","Month-to-month","28","60.9","Mailed check","Low/Medium Risk"
"9489-UTFKA","Male","Month-to-month","8","60.9","Bank transfer (automatic)","Low/Medium Risk"
"0856-NAOES","Male","Month-to-month","6","60.9","Mailed check","Low/Medium Risk"
"3995-WFCSM","Female","Month-to-month","2","60.85","Electronic check","Low/Medium Risk"
"2202-OUTMO","Female","Month-to-month","34","60.85","Bank transfer (automatic)","Low/Medium Risk"
"4086-ATNFV","Female","One year","34","60.8","Mailed check","Low/Medium Risk"
"9955-QOPOY","Male","One year","69","60.8","Credit card (automatic)","Low/Medium Risk"
"6549-BTYPG","Female","Two year","60","60.8","Credit card (automatic)","Low/Medium Risk"
"5862-BRIXZ","Male","Two year","46","60.75","Bank transfer (automatic)","Low/Medium Risk"
"7105-MXJLL","Female","One year","26","60.7","Mailed check","Low/Medium Risk"
"4730-AWNAU","Male","One year","36","60.7","Credit card (automatic)","Low/Medium Risk"
"0993-OSGPT","Female","One year","68","60.65","Bank transfer (automatic)","Low/Medium Risk"
"3043-TYBNO","Male","Month-to-month","3","60.65","Mailed check","Low/Medium Risk"
"7750-EYXWZ","Female","One year","12","60.65","Electronic check","Low/Medium Risk"
"9640-ZSLDC","Female","One year","53","60.6","Credit card (automatic)","Low/Medium Risk"
"3639-XJHKQ","Female","Month-to-month","19","60.6","Electronic check","Low/Medium Risk"
"0657-DOGUM","Female","One year","48","60.6","Bank transfer (automatic)","Low/Medium Risk"
"6620-JDYNW","Female","Month-to-month","18","60.6","Mailed check","Low/Medium Risk"
"0289-IVARM","Female","Month-to-month","35","60.55","Electronic check","Low/Medium Risk"
"2969-VAPYH","Female","One year","67","60.5","Credit card (automatic)","Low/Medium Risk"
"2239-CGBUZ","Female","One year","51","60.5","Bank transfer (automatic)","Low/Medium Risk"
"7139-JZFVG","Male","Two year","60","60.5","Bank transfer (automatic)","Low/Medium Risk"
"3399-BMLVW","Male","Two year","51","60.5","Credit card (automatic)","Low/Medium Risk"
"6620-HVDUJ","Male","Month-to-month","24","60.45","Bank transfer (automatic)","Low/Medium Risk"
"3441-CGZJH","Female","One year","43","60.4","Credit card (automatic)","Low/Medium Risk"
"6695-FRVEC","Male","Two year","67","60.4","Bank transfer (automatic)","Low/Medium Risk"
"8201-AAXCB","Male","Month-to-month","25","60.35","Electronic check","Low/Medium Risk"
"7781-EWARA","Male","One year","70","60.35","Electronic check","Low/Medium Risk"
"2292-XQWSV","Male","One year","40","60.3","Mailed check","Low/Medium Risk"
"9720-JJJOR","Male","One year","41","60.3","Bank transfer (automatic)","Low/Medium Risk"
"8181-YHCMF","Female","Two year","68","60.3","Credit card (automatic)","Low/Medium Risk"
"8039-EQPIM","Male","Two year","69","60.25","Bank transfer (automatic)","Low/Medium Risk"
"0411-EZJZE","Female","Month-to-month","3","60.25","Electronic check","Low/Medium Risk"
"3489-VSFRD","Female","One year","56","60.25","Credit card (automatic)","Low/Medium Risk"
"7446-YPODE","Male","Month-to-month","11","60.25","Bank transfer (automatic)","Low/Medium Risk"
"8220-OCUFY","Female","One year","21","60.25","Electronic check","Low/Medium Risk"
"5832-EXGTT","Male","Month-to-month","29","60.2","Mailed check","Low/Medium Risk"
"8049-WJCLQ","Male","Month-to-month","10","60.2","Mailed check","Low/Medium Risk"
"8847-GEOOQ","Male","Month-to-month","60","60.2","Bank transfer (automatic)","Low/Medium Risk"
"0440-EKDCF","Male","Two year","62","60.15","Credit card (automatic)","Low/Medium Risk"
"4445-KWOKW","Female","One year","42","60.15","Bank transfer (automatic)","Low/Medium Risk"
"7876-AEHIG","Female","One year","51","60.15","Bank transfer (automatic)","Low/Medium Risk"
"8626-PTQGE","Male","Two year","69","60.05","Bank transfer (automatic)","Low/Medium Risk"
"5196-WPYOW","Male","One year","67","60.05","Mailed check","Low/Medium Risk"
"9888-ZCUMM","Male","Two year","64","60.05","Bank transfer (automatic)","Low/Medium Risk"
"8571-ZCMCX","Female","Two year","47","60","Credit card (automatic)","Low/Medium Risk"
"4468-KAZHE","Female","Month-to-month","20","60","Electronic check","Low/Medium Risk"
"9880-TDQAC","Female","Two year","72","60","Electronic check","Low/Medium Risk"
"1183-CANVH","Female","One year","23","60","Bank transfer (automatic)","Low/Medium Risk"
"1849-RJYIG","Female","Month-to-month","8","60","Electronic check","Low/Medium Risk"
"3397-AVTKU","Male","Two year","43","60","Electronic check","Low/Medium Risk"
"3605-JISKB","Male","One year","55","60","Credit card (automatic)","Low/Medium Risk"
"3275-RHRNE","Male","One year","28","60","Credit card (automatic)","Low/Medium Risk"
"4194-FJARJ","Female","Two year","54","60","Bank transfer (automatic)","Low/Medium Risk"
"8106-GWQOK","Male","Two year","38","60","Bank transfer (automatic)","Low/Medium Risk"
"6933-VLYFX","Male","One year","31","59.95","Electronic check","Low/Medium Risk"
"9069-LGEUL","Male","Month-to-month","23","59.95","Bank transfer (automatic)","Low/Medium Risk"
"8316-BBQAY","Female","Two year","65","59.95","Credit card (automatic)","Low/Medium Risk"
"2931-FSOHN","Male","Month-to-month","13","59.9","Electronic check","Low/Medium Risk"
"3401-URHDA","Male","One year","51","59.9","Credit card (automatic)","Low/Medium Risk"
"5753-QQWPW","Female","One year","28","59.9","Electronic check","Low/Medium Risk"
"0003-MKNFE","Male","Month-to-month","9","59.9","Mailed check","Low/Medium Risk"
"8250-ZNGGW","Female","Month-to-month","5","59.9","Credit card (automatic)","Low/Medium Risk"
"3638-WEABW","Female","Two year","58","59.9","Credit card (automatic)","Low/Medium Risk"
"8033-ATFAS","Female","Month-to-month","39","59.85","Mailed check","Low/Medium Risk"
"7131-ZQZNK","Female","Two year","60","59.85","Credit card (automatic)","Low/Medium Risk"
"9372-TXXPS","Female","Two year","60","59.85","Bank transfer (automatic)","Low/Medium Risk"
"5792-JALQC","Female","Two year","52","59.85","Bank transfer (automatic)","Low/Medium Risk"
"9127-QRZMH","Male","One year","44","59.85","Bank transfer (automatic)","Low/Medium Risk"
"6047-SUHPR","Male","One year","39","59.8","Electronic check","Low/Medium Risk"
"7018-FPXHH","Male","Two year","56","59.8","Bank transfer (automatic)","Low/Medium Risk"
"8510-TMWYB","Female","Two year","54","59.8","Bank transfer (automatic)","Low/Medium Risk"
"7839-NUIAA","Female","Month-to-month","61","59.8","Electronic check","Low/Medium Risk"
"9481-SFCQY","Female","Month-to-month","14","59.8","Credit card (automatic)","Low/Medium Risk"
"5438-QMDDL","Female","Month-to-month","19","59.8","Mailed check","Low/Medium Risk"
"1972-XMUWV","Female","Two year","65","59.8","Credit card (automatic)","Low/Medium Risk"
"1752-OZXFY","Male","One year","60","59.8","Mailed check","Low/Medium Risk"
"7921-BEPCI","Female","Two year","72","59.75","Bank transfer (automatic)","Low/Medium Risk"
"1353-GHZOS","Male","One year","22","59.75","Bank transfer (automatic)","Low/Medium Risk"
"7306-YDSOI","Male","Two year","69","59.75","Bank transfer (automatic)","Low/Medium Risk"
"8232-CTLKO","Female","Two year","66","59.75","Electronic check","Low/Medium Risk"
"7633-MVPUY","Male","Two year","57","59.75","Electronic check","Low/Medium Risk"
"6762-QVYJO","Female","Two year","58","59.75","Mailed check","Low/Medium Risk"
"4500-HKANN","Male","Two year","23","59.7","Mailed check","Low/Medium Risk"
"8734-FNWVH","Male","Month-to-month","31","59.7","Bank transfer (automatic)","Low/Medium Risk"
"0774-RMNUW","Female","Two year","71","59.7","Bank transfer (automatic)","Low/Medium Risk"
"1794-SWWKL","Male","Month-to-month","15","59.65","Bank transfer (automatic)","Low/Medium Risk"
"5236-XMZJY","Female","Month-to-month","42","59.65","Bank transfer (automatic)","Low/Medium Risk"
"1357-MVDOZ","Male","Month-to-month","11","59.65","Bank transfer (automatic)","Low/Medium Risk"
"5424-RLQLC","Male","Month-to-month","10","59.65","Mailed check","Low/Medium Risk"
"7025-WCBNE","Male","Two year","47","59.6","Bank transfer (automatic)","Low/Medium Risk"
"6322-HRPFA","Male","Month-to-month","49","59.6","Credit card (automatic)","Low/Medium Risk"
"3950-VPYJB","Male","One year","57","59.6","Mailed check","Low/Medium Risk"
"7596-ZYWBB","Female","Two year","65","59.6","Mailed check","Low/Medium Risk"
"6131-FOYAS","Male","Month-to-month","35","59.6","Electronic check","Low/Medium Risk"
"4664-NJCMS","Female","Two year","33","59.55","Bank transfer (automatic)","Low/Medium Risk"
"2853-CWQFQ","Male","Month-to-month","1","59.55","Mailed check","Low/Medium Risk"
"4945-RVMTE","Female","Month-to-month","28","59.55","Bank transfer (automatic)","Low/Medium Risk"
"0228-MAUWC","Male","Month-to-month","19","59.55","Electronic check","Low/Medium Risk"
"4111-BNXIF","Female","Two year","67","59.55","Electronic check","Low/Medium Risk"
"1459-QNFQT","Male","Two year","70","59.5","Bank transfer (automatic)","Low/Medium Risk"
"6681-ZSEXG","Male","Two year","56","59.5","Credit card (automatic)","Low/Medium Risk"
"4854-SSLTN","Male","Two year","2","59.5","Mailed check","Low/Medium Risk"
"5778-BVOFB","Female","Month-to-month","9","59.5","Bank transfer (automatic)","Low/Medium Risk"
"4504-YOULA","Female","Month-to-month","35","59.45","Credit card (automatic)","Low/Medium Risk"
"6502-KUGLL","Female","Month-to-month","14","59.45","Bank transfer (automatic)","Low/Medium Risk"
"8878-RYUKI","Female","Month-to-month","52","59.45","Electronic check","Low/Medium Risk"
"4547-FZJWE","Male","One year","55","59.45","Credit card (automatic)","Low/Medium Risk"
"3205-MXZRA","Male","One year","26","59.45","Credit card (automatic)","Low/Medium Risk"
"6218-KNUBD","Male","Month-to-month","6","59.45","Electronic check","Low/Medium Risk"
"4939-KYYPY","Male","Month-to-month","27","59.45","Electronic check","Low/Medium Risk"
"2045-BMBTJ","Female","Month-to-month","33","59.45","Bank transfer (automatic)","Low/Medium Risk"
"8383-SGHJU","Female","One year","33","59.4","Electronic check","Low/Medium Risk"
"4328-VUFWD","Female","One year","39","59.3","Electronic check","Low/Medium Risk"
"7153-CHRBV","Female","One year","57","59.3","Mailed check","Low/Medium Risk"
"7318-EIVKO","Male","Month-to-month","8","59.25","Electronic check","Low/Medium Risk"
"9504-DSHWM","Male","Month-to-month","20","59.2","Bank transfer (automatic)","Low/Medium Risk"
"0412-UCCNP","Male","Two year","55","59.2","Electronic check","Low/Medium Risk"
"9780-FKVVF","Male","Month-to-month","6","59.15","Bank transfer (automatic)","Low/Medium Risk"
"7228-PAQPD","Female","One year","14","59.1","Credit card (automatic)","Low/Medium Risk"
"7629-WIXZF","Female","One year","7","59.1","Electronic check","Low/Medium Risk"
"2195-VVRJF","Male","Month-to-month","18","59.1","Credit card (automatic)","Low/Medium Risk"
"5795-BKOYE","Female","One year","69","59.1","Bank transfer (automatic)","Low/Medium Risk"
"2978-XXSOG","Female","Month-to-month","22","59.05","Mailed check","Low/Medium Risk"
"7869-ZYDST","Male","Month-to-month","31","59.05","Credit card (automatic)","Low/Medium Risk"
"6778-YSNIH","Female","Month-to-month","2","59","Electronic check","Low/Medium Risk"
"9995-HOTOH","Male","Two year","63","59","Electronic check","Low/Medium Risk"
"9473-CBZOP","Female","One year","28","59","Mailed check","Low/Medium Risk"
"2782-LFZVW","Female","Month-to-month","11","58.95","Mailed check","Low/Medium Risk"
"0851-DFJKB","Female","Month-to-month","15","58.95","Electronic check","Low/Medium Risk"
"6941-KXRRV","Female","One year","48","58.95","Bank transfer (automatic)","Low/Medium Risk"
"9359-JANWS","Female","Two year","65","58.9","Credit card (automatic)","Low/Medium Risk"
"4565-EVZMJ","Female","One year","47","58.9","Mailed check","Low/Medium Risk"
"5837-LXSDN","Female","One year","21","58.85","Credit card (automatic)","Low/Medium Risk"
"0274-JKUJR","Male","Month-to-month","7","58.85","Mailed check","Low/Medium Risk"
"5762-TJXGK","Female","Two year","52","58.75","Bank transfer (automatic)","Low/Medium Risk"
"0699-NDKJM","Female","Month-to-month","57","58.75","Bank transfer (automatic)","Low/Medium Risk"
"2027-DNKIV","Male","One year","37","58.75","Mailed check","Low/Medium Risk"
"8680-CGLTP","Male","One year","29","58.75","Electronic check","Low/Medium Risk"
"0319-QZTCO","Female","Month-to-month","3","58.7","Credit card (automatic)","Low/Medium Risk"
"6614-YOLAC","Female","Two year","71","58.65","Mailed check","Low/Medium Risk"
"6504-VBLFL","Male","Two year","55","58.6","Electronic check","Low/Medium Risk"
"9633-DENPU","Female","Month-to-month","47","58.6","Bank transfer (automatic)","Low/Medium Risk"
"1898-JSNDC","Female","One year","39","58.6","Credit card (automatic)","Low/Medium Risk"
"2186-QZEYA","Female","Month-to-month","29","58.55","Bank transfer (automatic)","Low/Medium Risk"
"3055-VTCGS","Female","One year","63","58.55","Credit card (automatic)","Low/Medium Risk"
"1548-ARAGG","Female","Month-to-month","4","58.5","Mailed check","Low/Medium Risk"
"5844-QVTAT","Female","One year","33","58.45","Mailed check","Low/Medium Risk"
"8821-KVZKQ","Female","One year","70","58.4","Bank transfer (automatic)","Low/Medium Risk"
"1986-PHGZF","Male","Month-to-month","18","58.4","Credit card (automatic)","Low/Medium Risk"
"9357-UJRUN","Male","One year","24","58.35","Electronic check","Low/Medium Risk"
"1837-YQUCE","Female","Two year","70","58.35","Bank transfer (automatic)","Low/Medium Risk"
"6872-HXFNF","Female","One year","64","58.35","Bank transfer (automatic)","Low/Medium Risk"
"9089-UOWJG","Female","Month-to-month","12","58.35","Credit card (automatic)","Low/Medium Risk"
"6152-ONASV","Female","One year","68","58.25","Bank transfer (automatic)","Low/Medium Risk"
"0114-IGABW","Female","Two year","71","58.25","Bank transfer (automatic)","Low/Medium Risk"
"2680-XKKNJ","Female","One year","8","58.2","Bank transfer (automatic)","Low/Medium Risk"
"9795-SHUHB","Female","Two year","66","58.2","Credit card (automatic)","Low/Medium Risk"
"6296-DDOOR","Female","One year","19","58.2","Electronic check","Low/Medium Risk"
"2282-YGNOR","Female","One year","29","58","Credit card (automatic)","Low/Medium Risk"
"0377-JBKKT","Male","Month-to-month","22","57.95","Mailed check","Low/Medium Risk"
"4549-ZDQYY","Female","One year","52","57.95","Credit card (automatic)","Low/Medium Risk"
"0214-JHPFW","Female","Two year","70","57.8","Bank transfer (automatic)","Low/Medium Risk"
"6543-JXSOO","Female","One year","23","57.75","Mailed check","Low/Medium Risk"
"4495-LHSSK","Female","Month-to-month","18","57.65","Mailed check","Low/Medium Risk"
"5989-OMNJE","Female","One year","24","57.6","Electronic check","Low/Medium Risk"
"7404-JLKQG","Female","Month-to-month","3","57.55","Electronic check","Low/Medium Risk"
"3474-BAFSJ","Male","Two year","57","57.5","Bank transfer (automatic)","Low/Medium Risk"
"6064-PUPMC","Male","One year","23","57.2","Credit card (automatic)","Low/Medium Risk"
"9842-EFSYY","Female","Month-to-month","4","57.2","Mailed check","Low/Medium Risk"
"5575-GNVDE","Male","One year","34","56.95","Mailed check","Low/Medium Risk"
"2725-IWWBA","Male","One year","46","56.9","Mailed check","Low/Medium Risk"
"9853-JFZDU","Female","Month-to-month","35","56.85","Electronic check","Low/Medium Risk"
"2446-ZKVAF","Male","Month-to-month","18","56.8","Credit card (automatic)","Low/Medium Risk"
"5095-ETBRJ","Female","Two year","55","56.8","Mailed check","Low/Medium Risk"
"7771-ZONAT","Male","Two year","22","56.75","Bank transfer (automatic)","Low/Medium Risk"
"8388-FYNPZ","Male","Month-to-month","4","56.75","Electronic check","Low/Medium Risk"
"0463-ZSDNT","Male","Month-to-month","10","56.75","Bank transfer (automatic)","Low/Medium Risk"
"8165-CBKXO","Male","Two year","66","56.75","Credit card (automatic)","Low/Medium Risk"
"8224-IVVPA","Female","Month-to-month","27","56.7","Mailed check","Low/Medium Risk"
"8017-UVSZU","Female","Month-to-month","40","56.6","Credit card (automatic)","Low/Medium Risk"
"0230-WEQUW","Male","Two year","66","56.6","Bank transfer (automatic)","Low/Medium Risk"
"6048-QBXKL","Female","Month-to-month","2","56.55","Credit card (automatic)","Low/Medium Risk"
"8169-SAEJD","Male","Two year","69","56.55","Credit card (automatic)","Low/Medium Risk"
"2639-UGMAZ","Male","One year","71","56.45","Electronic check","Low/Medium Risk"
"5543-QDCRY","Male","Month-to-month","4","56.4","Electronic check","Low/Medium Risk"
"1209-VFFOC","Male","Two year","68","56.4","Mailed check","Low/Medium Risk"
"9060-HJJRW","Female","One year","51","56.4","Credit card (automatic)","Low/Medium Risk"
"6968-URWQU","Male","One year","43","56.35","Mailed check","Low/Medium Risk"
"5092-STPKP","Female","Month-to-month","24","56.35","Credit card (automatic)","Low/Medium Risk"
"7669-LCRSD","Male","Month-to-month","12","56.3","Mailed check","Low/Medium Risk"
"2746-DIJLO","Female","One year","41","56.3","Credit card (automatic)","Low/Medium Risk"
"3272-VUHPV","Female","Month-to-month","8","56.3","Bank transfer (automatic)","Low/Medium Risk"
"1264-FUHCX","Female","One year","49","56.3","Credit card (automatic)","Low/Medium Risk"
"0661-WCQNQ","Male","One year","22","56.25","Credit card (automatic)","Low/Medium Risk"
"7508-KBIMB","Male","One year","24","56.25","Credit card (automatic)","Low/Medium Risk"
"9522-BNTHX","Female","Month-to-month","34","56.25","Electronic check","Low/Medium Risk"
"6103-QCKFX","Female","Month-to-month","44","56.25","Bank transfer (automatic)","Low/Medium Risk"
"4929-ROART","Male","Month-to-month","18","56.25","Mailed check","Low/Medium Risk"
"6584-VQMYT","Male","One year","27","56.2","Mailed check","Low/Medium Risk"
"8096-LOIST","Female","Month-to-month","19","56.2","Electronic check","Low/Medium Risk"
"0743-HRVFF","Female","One year","51","56.15","Electronic check","Low/Medium Risk"
"6728-CZFEI","Female","One year","15","56.15","Mailed check","Low/Medium Risk"
"2851-MMUTZ","Female","Month-to-month","27","56.15","Mailed check","Low/Medium Risk"
"4482-FTFFX","Male","Month-to-month","5","56.15","Electronic check","Low/Medium Risk"
"6388-TABGU","Male","One year","62","56.15","Bank transfer (automatic)","Low/Medium Risk"
"7995-ZHHNZ","Male","One year","42","56.1","Credit card (automatic)","Low/Medium Risk"
"8109-YUOHE","Male","One year","17","56.1","Mailed check","Low/Medium Risk"
"5939-XAIXZ","Female","Month-to-month","19","56.1","Mailed check","Low/Medium Risk"
"5353-WILCI","Female","Month-to-month","28","56.05","Electronic check","Low/Medium Risk"
"6933-FHBZC","Female","One year","26","56.05","Mailed check","Low/Medium Risk"
"8992-VONJD","Female","Month-to-month","13","56","Electronic check","Low/Medium Risk"
"8930-XOTDP","Female","Month-to-month","18","55.95","Mailed check","Low/Medium Risk"
"3067-SVMTC","Female","One year","68","55.9","Bank transfer (automatic)","Low/Medium Risk"
"6994-KERXL","Male","Month-to-month","4","55.9","Electronic check","Low/Medium Risk"
"8963-JLGJT","Male","Month-to-month","3","55.9","Mailed check","Low/Medium Risk"
"7746-QYVCO","Male","One year","16","55.85","Mailed check","Low/Medium Risk"
"9894-QMIMJ","Female","One year","23","55.8","Bank transfer (automatic)","Low/Medium Risk"
"7055-HNEOJ","Male","Month-to-month","3","55.8","Mailed check","Low/Medium Risk"
"3113-IWHLC","Male","Month-to-month","5","55.8","Mailed check","Low/Medium Risk"
"1371-WEPDS","Male","One year","40","55.8","Electronic check","Low/Medium Risk"
"4324-AHJKS","Female","Month-to-month","5","55.8","Credit card (automatic)","Low/Medium Risk"
"6784-XYJAE","Female","One year","36","55.8","Electronic check","Low/Medium Risk"
"5306-BVTKJ","Male","One year","48","55.8","Credit card (automatic)","Low/Medium Risk"
"8217-QYOHV","Male","Month-to-month","5","55.75","Mailed check","Low/Medium Risk"
"9415-TPKRV","Female","Month-to-month","8","55.75","Electronic check","Low/Medium Risk"
"2676-OXPPQ","Male","Month-to-month","6","55.7","Bank transfer (automatic)","Low/Medium Risk"
"6921-OZMFH","Male","Month-to-month","5","55.7","Mailed check","Low/Medium Risk"
"8400-WZICQ","Female","Month-to-month","55","55.7","Electronic check","Low/Medium Risk"
"3800-LYTRK","Female","One year","14","55.7","Mailed check","Low/Medium Risk"
"2043-WVTQJ","Male","Month-to-month","1","55.7","Mailed check","Low/Medium Risk"
"3413-CSSTH","Male","Month-to-month","41","55.7","Bank transfer (automatic)","Low/Medium Risk"
"7672-VFMXZ","Male","Month-to-month","57","55.7","Electronic check","Low/Medium Risk"
"6416-JNVRK","Female","One year","46","55.65","Credit card (automatic)","Low/Medium Risk"
"1821-BUCWY","Male","Two year","30","55.65","Mailed check","Low/Medium Risk"
"2314-TNDJQ","Female","Two year","72","55.65","Credit card (automatic)","Low/Medium Risk"
"8495-PRWFH","Female","Month-to-month","42","55.65","Electronic check","Low/Medium Risk"
"4680-KUTAJ","Female","Month-to-month","11","55.6","Electronic check","Low/Medium Risk"
"6693-DJWTY","Female","One year","35","55.6","Credit card (automatic)","Low/Medium Risk"
"4727-MCYZG","Male","Month-to-month","1","55.55","Mailed check","Low/Medium Risk"
"4324-BZCKL","Female","Month-to-month","10","55.55","Mailed check","Low/Medium Risk"
"2108-GLPQB","Male","Month-to-month","25","55.55","Credit card (automatic)","Low/Medium Risk"
"5206-HPJKM","Male","Month-to-month","17","55.5","Credit card (automatic)","Low/Medium Risk"
"4859-ZSRDZ","Female","Two year","58","55.5","Credit card (automatic)","Low/Medium Risk"
"6177-PEVRA","Female","Two year","48","55.5","Credit card (automatic)","Low/Medium Risk"
"3873-NFTGI","Male","Month-to-month","14","55.5","Credit card (automatic)","Low/Medium Risk"
"3446-QDSZF","Female","Month-to-month","4","55.5","Credit card (automatic)","Low/Medium Risk"
"9822-OAOVB","Female","Month-to-month","1","55.45","Electronic check","Low/Medium Risk"
"2039-JONDJ","Male","One year","27","55.45","Bank transfer (automatic)","Low/Medium Risk"
"6008-NAIXK","Male","One year","54","55.45","Electronic check","Low/Medium Risk"
"9619-GSATL","Female","One year","43","55.45","Electronic check","Low/Medium Risk"
"6348-SNFUS","Male","Two year","72","55.45","Credit card (automatic)","Low/Medium Risk"
"5084-OOVCJ","Female","Month-to-month","17","55.35","Credit card (automatic)","Low/Medium Risk"
"1301-LOPVR","Male","One year","29","55.35","Credit card (automatic)","Low/Medium Risk"
"5724-BIDBU","Male","One year","49","55.35","Electronic check","Low/Medium Risk"
"8903-XEBGX","Male","Month-to-month","2","55.3","Electronic check","Low/Medium Risk"
"6865-JZNKO","Female","Month-to-month","30","55.3","Bank transfer (automatic)","Low/Medium Risk"
"0396-UKGAI","Male","Month-to-month","23","55.3","Bank transfer (automatic)","Low/Medium Risk"
"9308-ANMVE","Male","Month-to-month","47","55.3","Electronic check","Low/Medium Risk"
"4992-LTJNE","Male","Two year","72","55.3","Bank transfer (automatic)","Low/Medium Risk"
"3173-NVMPX","Female","Month-to-month","9","55.3","Mailed check","Low/Medium Risk"
"5402-HTOTQ","Male","Month-to-month","16","55.3","Electronic check","Low/Medium Risk"
"6402-EJMWF","Male","Month-to-month","4","55.3","Mailed check","Low/Medium Risk"
"3518-PZXZQ","Female","Month-to-month","1","55.3","Mailed check","Low/Medium Risk"
"1335-MXCSE","Male","Two year","55","55.25","Credit card (automatic)","Low/Medium Risk"
"5501-TVMGM","Male","Month-to-month","1","55.25","Electronic check","Low/Medium Risk"
"6303-KFWSL","Female","One year","29","55.25","Electronic check","Low/Medium Risk"
"3057-VJJQE","Male","Two year","35","55.25","Mailed check","Low/Medium Risk"
"7382-DFJTU","Male","Month-to-month","18","55.2","Credit card (automatic)","Low/Medium Risk"
"1575-KRZZE","Female","Month-to-month","4","55.2","Electronic check","Low/Medium Risk"
"6586-PSJOX","Male","One year","15","55.2","Credit card (automatic)","Low/Medium Risk"
"0314-TKOSI","Female","Month-to-month","6","55.15","Mailed check","Low/Medium Risk"
"8498-XXGWA","Female","Month-to-month","65","55.15","Mailed check","Low/Medium Risk"
"9143-CANJF","Female","Month-to-month","24","55.15","Electronic check","Low/Medium Risk"
"9987-LUTYD","Female","One year","13","55.15","Mailed check","Low/Medium Risk"
"8467-WYNSR","Male","Month-to-month","22","55.1","Mailed check","Low/Medium Risk"
"2519-TWKFS","Male","One year","25","55.1","Mailed check","Low/Medium Risk"
"3577-AMVUX","Male","Month-to-month","1","55.05","Mailed check","Low/Medium Risk"
"6859-RKMZJ","Male","Month-to-month","11","55.05","Bank transfer (automatic)","Low/Medium Risk"
"5151-HQRDG","Male","Month-to-month","37","55.05","Mailed check","Low/Medium Risk"
"7395-XWZOY","Male","Month-to-month","20","55","Credit card (automatic)","Low/Medium Risk"
"9931-KGHOA","Female","Month-to-month","46","55","Bank transfer (automatic)","Low/Medium Risk"
"2188-SXWVT","Female","One year","34","55","Mailed check","Low/Medium Risk"
"7733-UDMTP","Female","Month-to-month","57","55","Electronic check","Low/Medium Risk"
"6599-SFQVE","Female","Month-to-month","6","55","Electronic check","Low/Medium Risk"
"8645-KWHJO","Male","Month-to-month","14","55","Electronic check","Low/Medium Risk"
"8735-DCXNF","Male","Month-to-month","10","54.95","Credit card (automatic)","Low/Medium Risk"
"6461-PPAXN","Female","One year","35","54.95","Bank transfer (automatic)","Low/Medium Risk"
"2801-NISEI","Male","Month-to-month","24","54.95","Electronic check","Low/Medium Risk"
"6522-OIQSX","Female","Two year","69","54.95","Credit card (automatic)","Low/Medium Risk"
"4385-ZKVNW","Male","Month-to-month","44","54.9","Bank transfer (automatic)","Low/Medium Risk"
"2511-MORQY","Male","One year","50","54.9","Bank transfer (automatic)","Low/Medium Risk"
"5944-UGLLK","Male","One year","53","54.9","Credit card (automatic)","Low/Medium Risk"
"7872-RDDLZ","Female","Month-to-month","67","54.9","Electronic check","Low/Medium Risk"
"2155-AMQRX","Female","Month-to-month","28","54.9","Credit card (automatic)","Low/Medium Risk"
"4320-QMLLA","Male","Month-to-month","7","54.85","Mailed check","Low/Medium Risk"
"2724-FJDYW","Male","One year","39","54.85","Bank transfer (automatic)","Low/Medium Risk"
"8208-EUMTE","Male","Two year","16","54.85","Mailed check","Low/Medium Risk"
"9332-GYWLO","Female","Month-to-month","6","54.85","Electronic check","Low/Medium Risk"
"2430-RRYUW","Male","One year","66","54.8","Mailed check","Low/Medium Risk"
"3723-BFBGR","Male","Month-to-month","24","54.8","Credit card (automatic)","Low/Medium Risk"
"3948-FVVRP","Male","Month-to-month","9","54.8","Mailed check","Low/Medium Risk"
"4522-AKYLR","Female","Month-to-month","13","54.8","Electronic check","Low/Medium Risk"
"4280-DLSHD","Male","Month-to-month","8","54.75","Mailed check","Low/Medium Risk"
"0285-INHLN","Male","Month-to-month","27","54.75","Credit card (automatic)","Low/Medium Risk"
"8050-XGRVL","Female","One year","62","54.75","Credit card (automatic)","Low/Medium Risk"
"1708-PBBOA","Female","One year","42","54.75","Electronic check","Low/Medium Risk"
"6261-LHRTG","Female","Month-to-month","26","54.75","Credit card (automatic)","Low/Medium Risk"
"5515-RUGKN","Male","Month-to-month","8","54.75","Credit card (automatic)","Low/Medium Risk"
"1042-HFUCW","Female","One year","25","54.75","Credit card (automatic)","Low/Medium Risk"
"5542-DHSXL","Female","Month-to-month","4","54.7","Mailed check","Low/Medium Risk"
"2087-QAREY","Female","Month-to-month","22","54.7","Mailed check","Low/Medium Risk"
"6035-BXTTY","Female","Month-to-month","32","54.65","Bank transfer (automatic)","Low/Medium Risk"
"0674-EYYZV","Female","Month-to-month","1","54.65","Electronic check","Low/Medium Risk"
"5590-ZSKRV","Female","Month-to-month","8","54.65","Mailed check","Low/Medium Risk"
"1716-LSAMB","Male","Two year","45","54.65","Bank transfer (automatic)","Low/Medium Risk"
"6195-MELTI","Male","One year","57","54.65","Mailed check","Low/Medium Risk"
"3745-HRPHI","Male","Two year","66","54.65","Bank transfer (automatic)","Low/Medium Risk"
"9342-VNIMQ","Male","Month-to-month","33","54.65","Bank transfer (automatic)","Low/Medium Risk"
"9972-NKTFD","Female","Month-to-month","28","54.65","Bank transfer (automatic)","Low/Medium Risk"
"9261-WDCAF","Male","Month-to-month","3","54.65","Mailed check","Low/Medium Risk"
"4338-EYCER","Male","Month-to-month","21","54.6","Bank transfer (automatic)","Low/Medium Risk"
"5256-SKJGO","Female","Two year","64","54.6","Electronic check","Low/Medium Risk"
"7901-IIDQV","Male","One year","24","54.6","Bank transfer (automatic)","Low/Medium Risk"
"2519-ERQOJ","Male","Month-to-month","33","54.6","Electronic check","Low/Medium Risk"
"6576-FBXOJ","Male","One year","17","54.6","Electronic check","Low/Medium Risk"
"1877-HKBQX","Female","One year","11","54.6","Mailed check","Low/Medium Risk"
"7130-CTCUS","Male","Month-to-month","16","54.55","Bank transfer (automatic)","Low/Medium Risk"
"1089-HDMKP","Male","Month-to-month","11","54.55","Electronic check","Low/Medium Risk"
"2812-ENYMO","Male","One year","26","54.55","Credit card (automatic)","Low/Medium Risk"
"9411-TPQQV","Female","One year","40","54.55","Bank transfer (automatic)","Low/Medium Risk"
"1097-FSPVW","Female","Month-to-month","42","54.55","Credit card (automatic)","Low/Medium Risk"
"7688-AWMDX","Male","Two year","71","54.5","Bank transfer (automatic)","Low/Medium Risk"
"9555-SAHUZ","Female","Month-to-month","38","54.5","Electronic check","Low/Medium Risk"
"7246-ZGQDF","Female","Month-to-month","1","54.5","Electronic check","Low/Medium Risk"
"6752-APNJL","Male","Month-to-month","42","54.5","Mailed check","Low/Medium Risk"
"7966-YOTQW","Male","Month-to-month","10","54.5","Credit card (automatic)","Low/Medium Risk"
"6094-ZIVKX","Female","One year","68","54.45","Credit card (automatic)","Low/Medium Risk"
"8570-KLJYJ","Female","One year","36","54.45","Mailed check","Low/Medium Risk"
"9554-DFKIC","Male","Month-to-month","30","54.45","Bank transfer (automatic)","Low/Medium Risk"
"3620-MWJNE","Male","Month-to-month","2","54.45","Mailed check","Low/Medium Risk"
"9577-WJVCQ","Female","Month-to-month","68","54.45","Mailed check","Low/Medium Risk"
"9931-DCEZH","Male","One year","28","54.4","Credit card (automatic)","Low/Medium Risk"
"0557-ASKVU","Female","One year","18","54.4","Credit card (automatic)","Low/Medium Risk"
"0277-BKSQP","Male","Month-to-month","8","54.4","Electronic check","Low/Medium Risk"
"9099-FTUHS","Female","Month-to-month","23","54.4","Electronic check","Low/Medium Risk"
"1099-BTKWT","Female","One year","68","54.4","Electronic check","Low/Medium Risk"
"5012-YSPJJ","Male","Month-to-month","31","54.35","Mailed check","Low/Medium Risk"
"3422-WJOYD","Male","One year","28","54.35","Mailed check","Low/Medium Risk"
"9667-TKTVZ","Female","Month-to-month","2","54.35","Mailed check","Low/Medium Risk"
"6907-FLBER","Male","Month-to-month","1","54.3","Electronic check","Low/Medium Risk"
"6981-TDRFT","Male","One year","44","54.3","Electronic check","Low/Medium Risk"
"7191-ADRGF","Male","Two year","44","54.3","Bank transfer (automatic)","Low/Medium Risk"
"1803-BGNBD","Female","Month-to-month","12","54.3","Electronic check","Low/Medium Risk"
"3099-OONVS","Male","Month-to-month","25","54.3","Electronic check","Low/Medium Risk"
"3482-ABPKK","Female","One year","28","54.3","Mailed check","Low/Medium Risk"
"3209-ZPKFI","Male","Month-to-month","47","54.25","Electronic check","Low/Medium Risk"
"6475-VHUIZ","Female","Month-to-month","23","54.25","Electronic check","Low/Medium Risk"
"6994-ORCWG","Female","One year","14","54.25","Mailed check","Low/Medium Risk"
"3354-OADJP","Female","One year","8","54.25","Bank transfer (automatic)","Low/Medium Risk"
"3604-WLABM","Female","Month-to-month","10","54.25","Electronic check","Low/Medium Risk"
"0988-JRWWP","Female","Month-to-month","3","54.2","Electronic check","Low/Medium Risk"
"8409-WQJUX","Female","One year","25","54.2","Electronic check","Low/Medium Risk"
"5010-IPEAQ","Female","Two year","67","54.2","Credit card (automatic)","Low/Medium Risk"
"5067-WJEUN","Male","Two year","67","54.2","Bank transfer (automatic)","Low/Medium Risk"
"5423-BHIXO","Female","Month-to-month","32","54.2","Electronic check","Low/Medium Risk"
"1202-KKGFU","Female","Month-to-month","12","54.2","Bank transfer (automatic)","Low/Medium Risk"
"9102-OXKFY","Male","Two year","59","54.15","Credit card (automatic)","Low/Medium Risk"
"9705-ZJBCG","Female","One year","13","54.15","Bank transfer (automatic)","Low/Medium Risk"
"0696-UKTOX","Male","Month-to-month","23","54.15","Electronic check","Low/Medium Risk"
"8654-DHAOW","Female","Month-to-month","2","54.15","Mailed check","Low/Medium Risk"
"3351-NGXYI","Female","Month-to-month","16","54.1","Electronic check","Low/Medium Risk"
"3340-QBBFM","Male","One year","36","54.1","Credit card (automatic)","Low/Medium Risk"
"8819-WFGGJ","Male","Two year","68","54.1","Bank transfer (automatic)","Low/Medium Risk"
"9881-VCZEP","Female","Month-to-month","25","54.1","Electronic check","Low/Medium Risk"
"9200-NLNPD","Male","One year","56","54.05","Bank transfer (automatic)","Low/Medium Risk"
"5583-EJXRD","Male","Two year","44","54.05","Credit card (automatic)","Low/Medium Risk"
"8883-GRDWQ","Male","One year","20","54","Mailed check","Low/Medium Risk"
"6738-ISCBM","Male","One year","44","54","Electronic check","Low/Medium Risk"
"6128-AQBMT","Male","Month-to-month","41","53.95","Electronic check","Low/Medium Risk"
"6164-HAQTX","Male","Two year","71","53.95","Bank transfer (automatic)","Low/Medium Risk"
"1271-UODNO","Male","Two year","39","53.85","Credit card (automatic)","Low/Medium Risk"
"8259-DZLIZ","Female","One year","64","53.85","Bank transfer (automatic)","Low/Medium Risk"
"0739-UUAJR","Female","Two year","72","53.8","Credit card (automatic)","Low/Medium Risk"
"1134-YWTYF","Male","Month-to-month","27","53.8","Electronic check","Low/Medium Risk"
"7129-ACFOG","Female","Month-to-month","5","53.8","Electronic check","Low/Medium Risk"
"2450-ZKEED","Female","One year","11","53.8","Bank transfer (automatic)","Low/Medium Risk"
"8668-KNZTI","Male","One year","52","53.75","Electronic check","Low/Medium Risk"
"7841-FCRQD","Female","One year","33","53.75","Credit card (automatic)","Low/Medium Risk"
"6898-MDLZW","Male","Month-to-month","12","53.75","Mailed check","Low/Medium Risk"
"3164-YAXFY","Male","Month-to-month","57","53.75","Electronic check","Low/Medium Risk"
"6434-TTGJP","Male","Two year","10","53.7","Credit card (automatic)","Low/Medium Risk"
"2703-AMTUL","Male","One year","36","53.65","Mailed check","Low/Medium Risk"
"1122-YJBCS","Male","One year","69","53.65","Credit card (automatic)","Low/Medium Risk"
"6135-OZQVA","Female","Month-to-month","7","53.65","Electronic check","Low/Medium Risk"
"5062-CJJKH","Male","One year","25","53.65","Mailed check","Low/Medium Risk"
"3704-IEAXF","Female","Two year","72","53.65","Credit card (automatic)","Low/Medium Risk"
"4598-ZADCK","Female","One year","53","53.6","Electronic check","Low/Medium Risk"
"5110-CHOPY","Female","Two year","60","53.6","Electronic check","Low/Medium Risk"
"4104-PVRPS","Male","Month-to-month","24","53.6","Mailed check","Low/Medium Risk"
"9108-EJFJP","Female","Month-to-month","1","53.55","Mailed check","Low/Medium Risk"
"9906-NHHVC","Female","Two year","65","53.5","Bank transfer (automatic)","Low/Medium Risk"
"8996-ZROXE","Male","One year","57","53.5","Electronic check","Low/Medium Risk"
"0939-EREMR","Female","Month-to-month","13","53.45","Mailed check","Low/Medium Risk"
"5447-VYTKW","Male","Month-to-month","27","53.45","Mailed check","Low/Medium Risk"
"2181-UAESM","Male","Month-to-month","2","53.45","Electronic check","Low/Medium Risk"
"2550-AEVRU","Female","One year","57","53.45","Electronic check","Low/Medium Risk"
"3896-RCYYE","Female","Month-to-month","67","53.4","Credit card (automatic)","Low/Medium Risk"
"1139-WUOAH","Male","Two year","57","53.35","Credit card (automatic)","Low/Medium Risk"
"7284-ZZLOH","Male","Two year","45","53.3","Credit card (automatic)","Low/Medium Risk"
"9867-XOBQA","Female","Two year","21","53.15","Mailed check","Low/Medium Risk"
"8318-LCNBW","Male","One year","35","53.15","Credit card (automatic)","Low/Medium Risk"
"2773-MADBQ","Female","Two year","36","53.1","Mailed check","Low/Medium Risk"
"5619-PTMIK","Female","Month-to-month","46","53.1","Electronic check","Low/Medium Risk"
"2197-OMWGI","Female","Two year","68","53","Electronic check","Low/Medium Risk"
"6064-ZATLR","Female","Two year","27","52.85","Bank transfer (automatic)","Low/Medium Risk"
"9150-HEPMB","Male","One year","56","52.7","Mailed check","Low/Medium Risk"
"6867-ACCZI","Female","Two year","24","52.5","Mailed check","Low/Medium Risk"
"3528-HFRIQ","Male","Month-to-month","71","52.3","Bank transfer (automatic)","Low/Medium Risk"
"3126-WQMGH","Female","Month-to-month","49","52.15","Credit card (automatic)","Low/Medium Risk"
"5639-NTUPK","Male","Month-to-month","13","52.1","Credit card (automatic)","Low/Medium Risk"
"6229-UOLQL","Male","One year","56","52","Mailed check","Low/Medium Risk"
"4827-USJHP","Male","Month-to-month","20","51.8","Mailed check","Low/Medium Risk"
"9501-UKKNL","Male","Month-to-month","59","51.7","Electronic check","Low/Medium Risk"
"2709-UQGNP","Male","Month-to-month","10","51.65","Mailed check","Low/Medium Risk"
"2055-SIFSS","Female","Month-to-month","55","51.65","Bank transfer (automatic)","Low/Medium Risk"
"4109-CYRBD","Male","Month-to-month","29","51.6","Electronic check","Low/Medium Risk"
"7501-VTYLJ","Female","Month-to-month","2","51.55","Mailed check","Low/Medium Risk"
"4189-NAKJS","Male","One year","26","51.55","Credit card (automatic)","Low/Medium Risk"
"0983-TATYJ","Female","One year","33","51.45","Mailed check","Low/Medium Risk"
"0080-EMYVY","Female","One year","14","51.45","Credit card (automatic)","Low/Medium Risk"
"2969-QWUBZ","Female","Month-to-month","2","51.4","Electronic check","Low/Medium Risk"
"5404-GGUKR","Male","Month-to-month","5","51.35","Electronic check","Low/Medium Risk"
"6701-DHKWQ","Female","Two year","61","51.35","Credit card (automatic)","Low/Medium Risk"
"8190-ZTQFB","Male","One year","41","51.35","Electronic check","Low/Medium Risk"
"5816-SCGFC","Female","Month-to-month","7","51.3","Mailed check","Low/Medium Risk"
"6483-OATDN","Male","Month-to-month","8","51.3","Credit card (automatic)","Low/Medium Risk"
"6682-VCIXC","Female","One year","43","51.25","Bank transfer (automatic)","Low/Medium Risk"
"6625-UTXEW","Female","Month-to-month","12","51.25","Electronic check","Low/Medium Risk"
"8695-WDYEA","Male","Month-to-month","1","51.25","Mailed check","Low/Medium Risk"
"8229-MYEJZ","Female","Month-to-month","10","51.2","Electronic check","Low/Medium Risk"
"9537-VHDTA","Female","Month-to-month","1","51.2","Mailed check","Low/Medium Risk"
"9828-QHFBK","Male","Month-to-month","24","51.15","Electronic check","Low/Medium Risk"
"9115-YQHGA","Male","Month-to-month","40","51.1","Electronic check","Low/Medium Risk"
"3221-CJMSG","Male","Month-to-month","24","51.1","Credit card (automatic)","Low/Medium Risk"
"3733-ZEECP","Male","Month-to-month","22","51.1","Electronic check","Low/Medium Risk"
"1101-SSWAG","Female","Month-to-month","15","51.1","Electronic check","Low/Medium Risk"
"1596-OQSPS","Female","Month-to-month","11","51.1","Electronic check","Low/Medium Risk"
"1452-XRSJV","Female","Month-to-month","39","51.05","Credit card (automatic)","Low/Medium Risk"
"3181-VTHOE","Male","One year","70","51.05","Bank transfer (automatic)","Low/Medium Risk"
"4072-IPYLT","Female","Month-to-month","36","51.05","Credit card (automatic)","Low/Medium Risk"
"5315-CKEQK","Male","One year","28","51","Electronic check","Low/Medium Risk"
"4256-ZWTZI","Female","Month-to-month","5","51","Mailed check","Low/Medium Risk"
"9496-IVVRP","Female","Month-to-month","11","51","Bank transfer (automatic)","Low/Medium Risk"
"1094-BKOSX","Female","One year","45","51","Bank transfer (automatic)","Low/Medium Risk"
"7284-BUYEC","Female","Month-to-month","5","50.95","Credit card (automatic)","Low/Medium Risk"
"7351-MHQVU","Female","Month-to-month","6","50.95","Credit card (automatic)","Low/Medium Risk"
"1636-NTNCO","Male","Month-to-month","4","50.95","Credit card (automatic)","Low/Medium Risk"
"1834-ABKHQ","Female","One year","52","50.95","Bank transfer (automatic)","Low/Medium Risk"
"6629-LADHQ","Female","Month-to-month","2","50.95","Mailed check","Low/Medium Risk"
"3813-DHBBB","Male","Two year","67","50.95","Bank transfer (automatic)","Low/Medium Risk"
"5311-IHLEI","Male","Month-to-month","12","50.95","Bank transfer (automatic)","Low/Medium Risk"
"2959-EEXWB","Female","Month-to-month","45","50.9","Bank transfer (automatic)","Low/Medium Risk"
"5397-NSKQG","Male","Two year","67","50.9","Credit card (automatic)","Low/Medium Risk"
"5382-TEMLV","Male","Month-to-month","45","50.9","Bank transfer (automatic)","Low/Medium Risk"
"7054-ENNGU","Female","Month-to-month","9","50.85","Mailed check","Low/Medium Risk"
"0980-PVMRC","Female","Month-to-month","40","50.85","Electronic check","Low/Medium Risk"
"3315-IKYZQ","Male","One year","28","50.8","Mailed check","Low/Medium Risk"
"6257-RJOHI","Male","Month-to-month","4","50.8","Mailed check","Low/Medium Risk"
"8314-DPQHL","Male","One year","9","50.8","Mailed check","Low/Medium Risk"
"7794-JASDG","Male","Month-to-month","1","50.75","Mailed check","Low/Medium Risk"
"6537-OTKMY","Male","One year","15","50.75","Electronic check","Low/Medium Risk"
"2103-ZRXFN","Male","Month-to-month","1","50.75","Mailed check","Low/Medium Risk"
"6497-TILVL","Female","Month-to-month","7","50.7","Mailed check","Low/Medium Risk"
"6888-SBYAI","Male","Month-to-month","1","50.7","Mailed check","Low/Medium Risk"
"7339-POGZN","Female","Month-to-month","4","50.7","Electronic check","Low/Medium Risk"
"2405-LBMUW","Female","One year","61","50.7","Bank transfer (automatic)","Low/Medium Risk"
"5135-RDDQL","Female","Two year","63","50.65","Bank transfer (automatic)","Low/Medium Risk"
"4450-YOOHP","Female","Month-to-month","39","50.65","Credit card (automatic)","Low/Medium Risk"
"2582-FFFZR","Female","Month-to-month","22","50.6","Electronic check","Low/Medium Risk"
"7595-EHCDL","Male","Month-to-month","32","50.6","Credit card (automatic)","Low/Medium Risk"
"6778-JFCMK","Male","One year","24","50.6","Mailed check","Low/Medium Risk"
"0277-ORXQS","Male","Two year","66","50.55","Bank transfer (automatic)","Low/Medium Risk"
"0254-WWRKD","Female","One year","67","50.55","Credit card (automatic)","Low/Medium Risk"
"2338-BQEZT","Female","Month-to-month","55","50.55","Credit card (automatic)","Low/Medium Risk"
"8108-UXRQN","Female","Month-to-month","11","50.55","Electronic check","Low/Medium Risk"
"8587-XYZSF","Male","Two year","67","50.55","Bank transfer (automatic)","Low/Medium Risk"
"4130-MZLCC","Female","Month-to-month","5","50.55","Bank transfer (automatic)","Low/Medium Risk"
"7009-LGECI","Female","Month-to-month","4","50.55","Bank transfer (automatic)","Low/Medium Risk"
"5701-ZIKJE","Male","Month-to-month","13","50.55","Mailed check","Low/Medium Risk"
"1763-WQFUK","Male","Month-to-month","3","50.5","Mailed check","Low/Medium Risk"
"0523-VNGTF","Female","Month-to-month","52","50.5","Electronic check","Low/Medium Risk"
"8967-SZQAS","Female","Month-to-month","14","50.45","Electronic check","Low/Medium Risk"
"4023-RTIQM","Female","One year","31","50.4","Credit card (automatic)","Low/Medium Risk"
"9631-XEYKE","Male","Month-to-month","3","50.4","Bank transfer (automatic)","Low/Medium Risk"
"0980-FEXWF","Male","One year","26","50.35","Mailed check","Low/Medium Risk"
"0212-ISBBF","Female","Month-to-month","22","50.35","Electronic check","Low/Medium Risk"
"4011-ARPHK","Male","Month-to-month","27","50.35","Mailed check","Low/Medium Risk"
"0096-BXERS","Female","Month-to-month","6","50.35","Electronic check","Low/Medium Risk"
"1853-ARAAQ","Female","Month-to-month","26","50.35","Credit card (automatic)","Low/Medium Risk"
"0104-PPXDV","Male","One year","58","50.3","Credit card (automatic)","Low/Medium Risk"
"4316-XCSLJ","Male","Month-to-month","17","50.3","Mailed check","Low/Medium Risk"
"1848-LBZHY","Female","Month-to-month","7","50.3","Bank transfer (automatic)","Low/Medium Risk"
"5071-FBJFS","Female","Month-to-month","4","50.3","Electronic check","Low/Medium Risk"
"1310-QRITU","Female","Month-to-month","18","50.3","Electronic check","Low/Medium Risk"
"9992-UJOEL","Male","Month-to-month","2","50.3","Mailed check","Low/Medium Risk"
"5366-OBVMR","Female","Month-to-month","18","50.3","Mailed check","Low/Medium Risk"
"9693-XMUOB","Male","Month-to-month","59","50.25","Electronic check","Low/Medium Risk"
"5777-KJIRB","Female","One year","40","50.25","Mailed check","Low/Medium Risk"
"4026-SKKHW","Male","Month-to-month","3","50.25","Mailed check","Low/Medium Risk"
"7605-SNLQG","Female","Month-to-month","45","50.25","Credit card (automatic)","Low/Medium Risk"
"6844-DZKRF","Male","Month-to-month","2","50.2","Credit card (automatic)","Low/Medium Risk"
"1730-VFMWO","Female","Month-to-month","34","50.2","Bank transfer (automatic)","Low/Medium Risk"
"0298-XACET","Male","Two year","52","50.2","Mailed check","Low/Medium Risk"
"1247-QBVSH","Female","Month-to-month","43","50.2","Mailed check","Low/Medium Risk"
"8735-IJJEG","Male","Month-to-month","14","50.2","Credit card (automatic)","Low/Medium Risk"
"1845-ZLLIG","Male","Month-to-month","1","50.15","Mailed check","Low/Medium Risk"
"4422-QVIJA","Female","Month-to-month","35","50.15","Mailed check","Low/Medium Risk"
"3391-JSQEW","Male","Month-to-month","40","50.15","Mailed check","Low/Medium Risk"
"0440-QEXBZ","Female","Month-to-month","44","50.15","Mailed check","Low/Medium Risk"
"0374-AACSZ","Female","Month-to-month","1","50.15","Electronic check","Low/Medium Risk"
"2740-TVLFN","Male","Month-to-month","1","50.15","Electronic check","Low/Medium Risk"
"0929-HYQEW","Male","Month-to-month","3","50.15","Mailed check","Low/Medium Risk"
"1629-DQQVB","Female","Month-to-month","14","50.1","Bank transfer (automatic)","Low/Medium Risk"
"8344-WFMFH","Male","Month-to-month","9","50.1","Electronic check","Low/Medium Risk"
"0248-IPDFW","Female","Month-to-month","1","50.1","Electronic check","Low/Medium Risk"
"3097-IDVPU","Male","Month-to-month","19","50.1","Credit card (automatic)","Low/Medium Risk"
"3926-YZVVX","Female","One year","41","50.05","Bank transfer (automatic)","Low/Medium Risk"
"3606-SBKRY","Male","One year","31","50.05","Electronic check","Low/Medium Risk"
"1925-LFCZZ","Male","One year","55","50.05","Bank transfer (automatic)","Low/Medium Risk"
"8445-DNBAE","Male","Month-to-month","1","50.05","Electronic check","Low/Medium Risk"
"9375-MHRRS","Male","Month-to-month","6","50.05","Mailed check","Low/Medium Risk"
"4611-ANLQC","Female","One year","60","50.05","Electronic check","Low/Medium Risk"
"3794-NFNCH","Male","Month-to-month","30","50","Mailed check","Low/Medium Risk"
"9373-WSLOY","Male","Month-to-month","33","50","Electronic check","Low/Medium Risk"
"9830-ECLEN","Male","One year","58","50","Mailed check","Low/Medium Risk"
"5843-TTHGI","Female","Month-to-month","18","50","Mailed check","Low/Medium Risk"
"6705-LNMDD","Male","Month-to-month","20","50","Mailed check","Low/Medium Risk"
"1471-GIQKQ","Female","Month-to-month","1","49.95","Electronic check","Low/Medium Risk"
"4223-WOZCM","Male","Month-to-month","2","49.95","Mailed check","Low/Medium Risk"
"9763-GRSKD","Male","Month-to-month","13","49.95","Mailed check","Low/Medium Risk"
"5155-AZQPB","Female","Month-to-month","28","49.9","Mailed check","Low/Medium Risk"
"1453-RZFON","Female","Month-to-month","1","49.9","Mailed check","Low/Medium Risk"
"1536-HBSWP","Female","Month-to-month","1","49.9","Electronic check","Low/Medium Risk"
"1406-PUQVY","Male","Month-to-month","1","49.9","Electronic check","Low/Medium Risk"
"3621-CHYVB","Female","Month-to-month","57","49.9","Bank transfer (automatic)","Low/Medium Risk"
"1958-RNRKS","Male","Month-to-month","30","49.9","Electronic check","Low/Medium Risk"
"5651-WYIPH","Female","Month-to-month","18","49.85","Credit card (automatic)","Low/Medium Risk"
"7605-BDWDC","Female","Two year","31","49.85","Bank transfer (automatic)","Low/Medium Risk"
"9928-BZVLZ","Female","Two year","12","49.85","Mailed check","Low/Medium Risk"
"4353-HYOJD","Female","Month-to-month","27","49.85","Mailed check","Low/Medium Risk"
"7176-WIONM","Female","Month-to-month","12","49.85","Bank transfer (automatic)","Low/Medium Risk"
"8064-RAVOH","Male","Month-to-month","1","49.85","Electronic check","Low/Medium Risk"
"4312-GVYNH","Female","Two year","70","49.85","Bank transfer (automatic)","Low/Medium Risk"
"3566-CAAYU","Female","Two year","64","49.85","Electronic check","Low/Medium Risk"
"1100-DDVRV","Male","Month-to-month","17","49.8","Mailed check","Low/Medium Risk"
"4835-YSJMR","Male","Two year","39","49.8","Bank transfer (automatic)","Low/Medium Risk"
"8757-TFHHJ","Male","Month-to-month","1","49.8","Credit card (automatic)","Low/Medium Risk"
"4039-PIMHX","Male","Two year","49","49.8","Mailed check","Low/Medium Risk"
"7442-YGZFK","Male","Month-to-month","1","49.8","Credit card (automatic)","Low/Medium Risk"
"8148-BPLZQ","Male","Month-to-month","34","49.8","Electronic check","Low/Medium Risk"
"5445-GLVOT","Female","Month-to-month","22","49.8","Electronic check","Low/Medium Risk"
"7312-XSBAT","Male","Month-to-month","1","49.75","Electronic check","Low/Medium Risk"
"6075-QMNRR","Female","Month-to-month","52","49.75","Bank transfer (automatic)","Low/Medium Risk"
"3999-WRNGR","Female","Month-to-month","60","49.75","Electronic check","Low/Medium Risk"
"2843-CQMEG","Male","Month-to-month","24","49.7","Mailed check","Low/Medium Risk"
"1534-OULXE","Female","One year","61","49.7","Bank transfer (automatic)","Low/Medium Risk"
"7811-JIVPF","Female","Month-to-month","23","49.7","Credit card (automatic)","Low/Medium Risk"
"3521-MNKLV","Male","Month-to-month","24","49.7","Mailed check","Low/Medium Risk"
"2625-TRCZQ","Female","Month-to-month","51","49.65","Electronic check","Low/Medium Risk"
"7021-XSNYE","Male","Two year","7","49.65","Credit card (automatic)","Low/Medium Risk"
"1936-CZAKF","Male","Two year","49","49.65","Credit card (automatic)","Low/Medium Risk"
"4456-RHSNB","Female","Month-to-month","19","49.6","Bank transfer (automatic)","Low/Medium Risk"
"1208-NBVFH","Male","Month-to-month","20","49.6","Electronic check","Low/Medium Risk"
"3570-YUEKJ","Female","Month-to-month","42","49.55","Electronic check","Low/Medium Risk"
"8885-QSQBX","Female","Month-to-month","1","49.55","Bank transfer (automatic)","Low/Medium Risk"
"8865-TNMNX","Male","One year","10","49.55","Mailed check","Low/Medium Risk"
"3345-PBBFH","Male","Month-to-month","8","49.55","Bank transfer (automatic)","Low/Medium Risk"
"5600-PDUJF","Male","Month-to-month","6","49.5","Credit card (automatic)","Low/Medium Risk"
"3920-HIHMQ","Female","Month-to-month","26","49.5","Mailed check","Low/Medium Risk"
"4065-JJAVA","Female","Month-to-month","1","49.5","Electronic check","Low/Medium Risk"
"9000-PLFUZ","Female","Two year","60","49.45","Credit card (automatic)","Low/Medium Risk"
"3890-RTCMS","Male","Month-to-month","16","49.45","Mailed check","Low/Medium Risk"
"8050-WYBND","Female","One year","22","49.45","Credit card (automatic)","Low/Medium Risk"
"0489-WMEMG","Female","One year","23","49.45","Electronic check","Low/Medium Risk"
"0311-QYWSS","Female","Month-to-month","6","49.45","Electronic check","Low/Medium Risk"
"5498-IBWPI","Female","One year","66","49.4","Credit card (automatic)","Low/Medium Risk"
"5780-INQIK","Female","Month-to-month","8","49.4","Electronic check","Low/Medium Risk"
"2075-RMJIK","Female","Month-to-month","5","49.4","Mailed check","Low/Medium Risk"
"6789-HJBWG","Female","Month-to-month","12","49.4","Electronic check","Low/Medium Risk"
"4702-HDRKD","Male","One year","67","49.35","Bank transfer (automatic)","Low/Medium Risk"
"3716-UVSPD","Male","Month-to-month","1","49.3","Electronic check","Low/Medium Risk"
"2229-VWQJH","Female","Month-to-month","24","49.3","Credit card (automatic)","Low/Medium Risk"
"1456-TWCGB","Male","Month-to-month","4","49.25","Mailed check","Low/Medium Risk"
"5948-UJZLF","Male","Month-to-month","2","49.25","Mailed check","Low/Medium Risk"
"8124-NZVGJ","Female","One year","6","49.25","Mailed check","Low/Medium Risk"
"0423-UDIJQ","Male","Month-to-month","9","49.2","Mailed check","Low/Medium Risk"
"4926-UMJZD","Female","Month-to-month","31","49.2","Mailed check","Low/Medium Risk"
"8205-MQUGY","Male","Month-to-month","12","49.2","Electronic check","Low/Medium Risk"
"4950-BDEUX","Male","Month-to-month","35","49.2","Electronic check","Low/Medium Risk"
"2192-CKRLV","Female","Two year","72","49.2","Electronic check","Low/Medium Risk"
"8805-JNRAZ","Female","Month-to-month","2","49.2","Mailed check","Low/Medium Risk"
"9644-UMGQA","Male","Month-to-month","6","49.15","Electronic check","Low/Medium Risk"
"4429-WYGFR","Male","Month-to-month","26","49.15","Bank transfer (automatic)","Low/Medium Risk"
"4581-LNWUM","Female","Month-to-month","13","49.15","Electronic check","Low/Medium Risk"
"8791-GFXLZ","Male","Month-to-month","12","49.05","Bank transfer (automatic)","Low/Medium Risk"
"2273-QCKXA","Male","Month-to-month","1","49.05","Mailed check","Low/Medium Risk"
"6281-FKEWS","Female","One year","44","49.05","Electronic check","Low/Medium Risk"
"0430-IHCDJ","Male","Month-to-month","15","49","Electronic check","Low/Medium Risk"
"2607-FBDFF","Male","Month-to-month","1","49","Credit card (automatic)","Low/Medium Risk"
"1666-JZPZT","Male","Month-to-month","27","49","Mailed check","Low/Medium Risk"
"6937-GCDGQ","Male","One year","19","48.95","Bank transfer (automatic)","Low/Medium Risk"
"2720-FVBQP","Female","Month-to-month","6","48.95","Credit card (automatic)","Low/Medium Risk"
"0655-YDGFJ","Male","Month-to-month","29","48.95","Bank transfer (automatic)","Low/Medium Risk"
"1814-WFGVS","Male","Two year","72","48.9","Mailed check","Low/Medium Risk"
"9396-ZSFLL","Female","Month-to-month","15","48.85","Mailed check","Low/Medium Risk"
"9163-GHAYE","Female","Month-to-month","15","48.85","Electronic check","Low/Medium Risk"
"7742-MYPGI","Female","Month-to-month","6","48.8","Mailed check","Low/Medium Risk"
"7876-BEUTG","Female","Month-to-month","15","48.8","Mailed check","Low/Medium Risk"
"1376-HHBDV","Female","Month-to-month","30","48.8","Mailed check","Low/Medium Risk"
"1355-KUSBG","Female","Month-to-month","7","48.8","Electronic check","Low/Medium Risk"
"0997-YTLNY","Female","Month-to-month","19","48.8","Mailed check","Low/Medium Risk"
"0222-CNVPT","Male","Month-to-month","52","48.8","Credit card (automatic)","Low/Medium Risk"
"9097-ZUBYC","Male","Month-to-month","14","48.8","Bank transfer (automatic)","Low/Medium Risk"
"5207-PLSTK","Male","Month-to-month","1","48.75","Mailed check","Low/Medium Risk"
"2277-VWCNI","Female","Month-to-month","4","48.75","Mailed check","Low/Medium Risk"
"7599-NTMDP","Female","Two year","62","48.7","Bank transfer (automatic)","Low/Medium Risk"
"7801-CEDNV","Male","One year","27","48.7","Credit card (automatic)","Low/Medium Risk"
"5307-UVGNB","Female","Month-to-month","53","48.7","Bank transfer (automatic)","Low/Medium Risk"
"4468-YDOVK","Male","Month-to-month","5","48.65","Bank transfer (automatic)","Low/Medium Risk"
"7102-JJVTX","Female","One year","9","48.6","Mailed check","Low/Medium Risk"
"9752-ZNQUT","Female","Month-to-month","1","48.6","Electronic check","Low/Medium Risk"
"0623-GDISB","Female","Month-to-month","1","48.45","Bank transfer (automatic)","Low/Medium Risk"
"0848-SOMKO","Male","Two year","70","48.4","Bank transfer (automatic)","Low/Medium Risk"
"1215-VFYVK","Female","Month-to-month","4","48.25","Mailed check","Low/Medium Risk"
"7895-VONWT","Female","Month-to-month","25","48.25","Electronic check","Low/Medium Risk"
"0015-UOCOJ","Female","Month-to-month","7","48.2","Electronic check","Low/Medium Risk"
"5656-MJEFC","Male","Two year","42","48.15","Credit card (automatic)","Low/Medium Risk"
"8286-AFUYI","Male","Month-to-month","1","47.95","Electronic check","Low/Medium Risk"
"8672-OAUPW","Male","One year","51","47.85","Credit card (automatic)","Low/Medium Risk"
"9139-TWBAS","Female","One year","26","47.85","Bank transfer (automatic)","Low/Medium Risk"
"2483-XSSMZ","Female","One year","39","47.85","Electronic check","Low/Medium Risk"
"4872-JCVCA","Female","Two year","71","47.6","Bank transfer (automatic)","Low/Medium Risk"
"8780-YRMTT","Female","Two year","66","47.4","Mailed check","Low/Medium Risk"
"7110-BDTWG","Female","Two year","71","47.05","Electronic check","Low/Medium Risk"
"5968-VXZLG","Male","Month-to-month","2","46.6","Bank transfer (automatic)","Low/Medium Risk"
"1337-BOZWO","Male","One year","18","46.4","Credit card (automatic)","Low/Medium Risk"
"8648-PFRMP","Female","Month-to-month","14","46.35","Electronic check","Low/Medium Risk"
"9885-MFVSU","Female","Two year","35","46.35","Credit card (automatic)","Low/Medium Risk"
"5227-JSCFE","Male","Two year","71","46.35","Credit card (automatic)","Low/Medium Risk"
"6185-TASNN","Male","Month-to-month","1","46.3","Electronic check","Low/Medium Risk"
"3160-TYXLT","Male","Month-to-month","53","46.3","Bank transfer (automatic)","Low/Medium Risk"
"0799-DDIHE","Female","Month-to-month","15","46.3","Electronic check","Low/Medium Risk"
"2253-KPMNB","Female","Two year","69","46.25","Bank transfer (automatic)","Low/Medium Risk"
"4676-WLUHT","Male","Two year","54","46.2","Bank transfer (automatic)","Low/Medium Risk"
"2637-FKFSY","Female","Month-to-month","3","46.1","Mailed check","Low/Medium Risk"
"5126-RCXYW","Male","Two year","54","46","Credit card (automatic)","Low/Medium Risk"
"5651-CPDND","Male","Month-to-month","10","46","Mailed check","Low/Medium Risk"
"6704-UTUKK","Male","Month-to-month","29","45.9","Electronic check","Low/Medium Risk"
"2831-EBWRN","Male","Month-to-month","4","45.9","Electronic check","Low/Medium Risk"
"3566-VVORZ","Female","Month-to-month","12","45.9","Bank transfer (automatic)","Low/Medium Risk"
"0356-ERHVT","Male","Month-to-month","11","45.9","Bank transfer (automatic)","Low/Medium Risk"
"2834-JKOOW","Female","One year","15","45.9","Mailed check","Low/Medium Risk"
"2212-LYASK","Male","One year","27","45.85","Credit card (automatic)","Low/Medium Risk"
"6127-IYJOZ","Male","Month-to-month","1","45.85","Mailed check","Low/Medium Risk"
"5365-LLFYV","Female","Month-to-month","2","45.85","Mailed check","Low/Medium Risk"
"6143-JQKEA","Male","Month-to-month","10","45.8","Credit card (automatic)","Low/Medium Risk"
"0128-MKWSG","Female","Month-to-month","26","45.8","Mailed check","Low/Medium Risk"
"5133-POWUA","Male","Month-to-month","1","45.8","Mailed check","Low/Medium Risk"
"0999-QXNSA","Male","Month-to-month","7","45.75","Mailed check","Low/Medium Risk"
"3470-BTGQO","Male","Month-to-month","21","45.65","Mailed check","Low/Medium Risk"
"7554-AKDQF","Female","Month-to-month","6","45.65","Mailed check","Low/Medium Risk"
"3255-GRXMG","Male","Month-to-month","18","45.65","Credit card (automatic)","Low/Medium Risk"
"9244-ZVAPM","Male","Month-to-month","1","45.6","Mailed check","Low/Medium Risk"
"3566-HJGPK","Male","Month-to-month","1","45.55","Mailed check","Low/Medium Risk"
"8671-KKKOS","Female","Month-to-month","46","45.55","Electronic check","Low/Medium Risk"
"5386-THSLQ","Female","One year","66","45.55","Bank transfer (automatic)","Low/Medium Risk"
"9013-AQORL","Female","Month-to-month","48","45.55","Credit card (automatic)","Low/Medium Risk"
"4537-DKTAL","Female","Month-to-month","2","45.55","Electronic check","Low/Medium Risk"
"4647-XXZAM","Female","Month-to-month","6","45.5","Mailed check","Low/Medium Risk"
"7109-MFBYV","Male","Month-to-month","26","45.45","Electronic check","Low/Medium Risk"
"1767-TGTKO","Female","Month-to-month","8","45.45","Electronic check","Low/Medium Risk"
"4061-UKJWL","Male","Month-to-month","3","45.45","Mailed check","Low/Medium Risk"
"2275-RBYQS","Female","Month-to-month","1","45.4","Mailed check","Low/Medium Risk"
"6519-CFDBX","Female","Month-to-month","2","45.4","Electronic check","Low/Medium Risk"
"9708-HPXWZ","Male","Month-to-month","5","45.4","Credit card (automatic)","Low/Medium Risk"
"2580-ASVVY","Female","Two year","37","45.4","Electronic check","Low/Medium Risk"
"8224-UAXBZ","Female","One year","58","45.35","Electronic check","Low/Medium Risk"
"7754-IXRMC","Female","Month-to-month","1","45.35","Mailed check","Low/Medium Risk"
"6582-OIVSP","Female","Month-to-month","1","45.3","Mailed check","Low/Medium Risk"
"0749-IRGQE","Female","Month-to-month","13","45.3","Electronic check","Low/Medium Risk"
"9286-BHDQG","Male","Two year","72","45.25","Credit card (automatic)","Low/Medium Risk"
"3413-BMNZE","Male","Month-to-month","1","45.25","Bank transfer (automatic)","Low/Medium Risk"
"3278-FSIXX","Female","Month-to-month","2","45.25","Mailed check","Low/Medium Risk"
"6723-CEGQI","Female","Two year","65","45.25","Mailed check","Low/Medium Risk"
"7396-VJUZB","Male","Month-to-month","4","45.25","Mailed check","Low/Medium Risk"
"8095-WANWK","Female","Month-to-month","10","45.25","Mailed check","Low/Medium Risk"
"1685-VAYJF","Male","Month-to-month","11","45.2","Credit card (automatic)","Low/Medium Risk"
"0017-DINOC","Male","Two year","54","45.2","Credit card (automatic)","Low/Medium Risk"
"3450-WXOAT","Male","Month-to-month","46","45.2","Credit card (automatic)","Low/Medium Risk"
"2887-JPYLU","Female","Month-to-month","41","45.2","Bank transfer (automatic)","Low/Medium Risk"
"4706-DGAHW","Male","Month-to-month","1","45.2","Electronic check","Low/Medium Risk"
"7252-NTGSS","Female","Month-to-month","1","45.15","Mailed check","Low/Medium Risk"
"3941-XTSKM","Male","One year","42","45.1","Credit card (automatic)","Low/Medium Risk"
"7338-ERIVA","Male","One year","39","45.05","Bank transfer (automatic)","Low/Medium Risk"
"5392-AKEMH","Female","Month-to-month","12","45.05","Electronic check","Low/Medium Risk"
"0019-GFNTW","Female","Two year","56","45.05","Bank transfer (automatic)","Low/Medium Risk"
"7269-JISCY","Female","One year","55","45.05","Bank transfer (automatic)","Low/Medium Risk"
"0076-LVEPS","Male","Month-to-month","29","45","Mailed check","Low/Medium Risk"
"0234-TEVTT","Female","One year","48","45","Credit card (automatic)","Low/Medium Risk"
"5046-NUHWD","Female","Month-to-month","29","45","Electronic check","Low/Medium Risk"
"9588-OZDMQ","Female","Month-to-month","2","45","Electronic check","Low/Medium Risk"
"6968-MHOMU","Male","One year","58","45","Credit card (automatic)","Low/Medium Risk"
"8356-WUAOJ","Female","Month-to-month","1","45","Electronic check","Low/Medium Risk"
"4257-GAESD","Female","Month-to-month","6","45","Credit card (automatic)","Low/Medium Risk"
"2828-SLQPF","Male","Month-to-month","19","45","Bank transfer (automatic)","Low/Medium Risk"
"1600-DILPE","Female","Month-to-month","12","45","Bank transfer (automatic)","Low/Medium Risk"
"4012-ZTHBR","Female","Month-to-month","21","44.95","Electronic check","Low/Medium Risk"
"6243-OZGFH","Female","Month-to-month","23","44.95","Electronic check","Low/Medium Risk"
"8756-RDDLT","Female","Month-to-month","68","44.95","Electronic check","Low/Medium Risk"
"8950-MTZNV","Male","Month-to-month","1","44.95","Mailed check","Low/Medium Risk"
"0842-IWYCP","Female","Month-to-month","46","44.95","Bank transfer (automatic)","Low/Medium Risk"
"8710-YGLWG","Male","Month-to-month","1","44.9","Mailed check","Low/Medium Risk"
"6817-WTYHE","Male","Month-to-month","2","44.9","Bank transfer (automatic)","Low/Medium Risk"
"7883-ROJOC","Female","Month-to-month","19","44.9","Mailed check","Low/Medium Risk"
"9591-YVTEB","Male","Month-to-month","55","44.85","Electronic check","Low/Medium Risk"
"5337-IIWKZ","Male","Month-to-month","34","44.85","Electronic check","Low/Medium Risk"
"6128-DAFVY","Female","Month-to-month","56","44.85","Credit card (automatic)","Low/Medium Risk"
"7521-AFHAB","Female","Month-to-month","5","44.8","Mailed check","Low/Medium Risk"
"8705-WZCYL","Male","Month-to-month","1","44.8","Electronic check","Low/Medium Risk"
"2137-DQMEV","Male","One year","68","44.8","Mailed check","Low/Medium Risk"
"6137-MFAJN","Female","Month-to-month","48","44.8","Electronic check","Low/Medium Risk"
"9348-YVOMK","Male","Month-to-month","4","44.8","Credit card (automatic)","Low/Medium Risk"
"3640-JQGJG","Male","Month-to-month","13","44.8","Bank transfer (automatic)","Low/Medium Risk"
"9702-AIUJO","Male","One year","50","44.8","Bank transfer (automatic)","Low/Medium Risk"
"2480-SQIOB","Male","Month-to-month","4","44.8","Electronic check","Low/Medium Risk"
"4373-VVHQL","Male","Month-to-month","1","44.75","Electronic check","Low/Medium Risk"
"8660-BUETV","Female","Month-to-month","3","44.75","Mailed check","Low/Medium Risk"
"2672-OJQZP","Female","Month-to-month","1","44.75","Mailed check","Low/Medium Risk"
"1919-RTPQD","Male","Month-to-month","7","44.75","Electronic check","Low/Medium Risk"
"3258-SANFR","Male","Month-to-month","6","44.7","Credit card (automatic)","Low/Medium Risk"
"4608-LCIMN","Male","Month-to-month","8","44.65","Bank transfer (automatic)","Low/Medium Risk"
"4524-QCSSM","Male","Month-to-month","26","44.65","Bank transfer (automatic)","Low/Medium Risk"
"8242-JSVBO","Male","Month-to-month","7","44.65","Bank transfer (automatic)","Low/Medium Risk"
"9873-MNDKV","Female","Month-to-month","11","44.65","Mailed check","Low/Medium Risk"
"0562-KBDVM","Female","Two year","70","44.6","Bank transfer (automatic)","Low/Medium Risk"
"4146-SVFUD","Male","Month-to-month","1","44.6","Mailed check","Low/Medium Risk"
"5160-UXJED","Male","One year","17","44.6","Mailed check","Low/Medium Risk"
"0374-IOEGQ","Female","Month-to-month","3","44.6","Electronic check","Low/Medium Risk"
"2599-CZABP","Male","One year","14","44.6","Electronic check","Low/Medium Risk"
"7878-JGDKK","Male","Month-to-month","4","44.55","Mailed check","Low/Medium Risk"
"8180-AKMJV","Female","Month-to-month","1","44.55","Credit card (automatic)","Low/Medium Risk"
"1518-OMDIK","Male","Month-to-month","33","44.55","Credit card (automatic)","Low/Medium Risk"
"2903-YYTBW","Male","Month-to-month","1","44.55","Electronic check","Low/Medium Risk"
"0895-UADGO","Male","Two year","8","44.55","Mailed check","Low/Medium Risk"
"7729-JTEEC","Male","Month-to-month","2","44.5","Electronic check","Low/Medium Risk"
"4459-BBGHE","Male","Month-to-month","30","44.5","Electronic check","Low/Medium Risk"
"5872-OEQNH","Female","One year","60","44.45","Electronic check","Low/Medium Risk"
"2233-TXSIU","Male","One year","17","44.45","Credit card (automatic)","Low/Medium Risk"
"5858-EAFCZ","Male","Month-to-month","1","44.45","Mailed check","Low/Medium Risk"
"4139-JPIAM","Male","Month-to-month","51","44.45","Credit card (automatic)","Low/Medium Risk"
"8455-HIRAQ","Female","Month-to-month","8","44.45","Mailed check","Low/Medium Risk"
"7244-QWYHG","Male","One year","50","44.45","Bank transfer (automatic)","Low/Medium Risk"
"2320-SLKMB","Female","Month-to-month","26","44.45","Credit card (automatic)","Low/Medium Risk"
"1728-BQDMA","Female","Month-to-month","2","44.45","Electronic check","Low/Medium Risk"
"2235-DWLJU","Female","Month-to-month","6","44.4","Electronic check","Low/Medium Risk"
"3589-PPVKW","Male","Month-to-month","9","44.4","Mailed check","Low/Medium Risk"
"5533-NHFRF","Male","Month-to-month","7","44.4","Electronic check","Low/Medium Risk"
"3808-HFKDE","Female","Month-to-month","20","44.35","Electronic check","Low/Medium Risk"
"6954-OOYZZ","Male","Month-to-month","18","44.35","Bank transfer (automatic)","Low/Medium Risk"
"0224-RLWWD","Female","Month-to-month","2","44.3","Electronic check","Low/Medium Risk"
"0082-LDZUE","Male","Month-to-month","1","44.3","Mailed check","Low/Medium Risk"
"2478-EEWWM","Male","Month-to-month","59","44.3","Electronic check","Low/Medium Risk"
"8887-IPQNC","Female","Month-to-month","7","44.25","Mailed check","Low/Medium Risk"
"9746-YKGXB","Male","One year","52","44.25","Bank transfer (automatic)","Low/Medium Risk"
"6145-NNPNO","Female","Month-to-month","1","44.15","Bank transfer (automatic)","Low/Medium Risk"
"9388-ZEYVT","Male","One year","43","44.15","Electronic check","Low/Medium Risk"
"7636-PEPNS","Female","One year","58","44.1","Mailed check","Low/Medium Risk"
"7029-IJEJK","Female","One year","54","44.1","Bank transfer (automatic)","Low/Medium Risk"
"1282-IHQAC","Male","One year","70","44.05","Credit card (automatic)","Low/Medium Risk"
"3961-SXAXY","Male","Month-to-month","1","44.05","Bank transfer (automatic)","Low/Medium Risk"
"1635-FJFCC","Female","Month-to-month","5","44.05","Credit card (automatic)","Low/Medium Risk"
"9214-EKVXR","Female","Month-to-month","1","44","Mailed check","Low/Medium Risk"
"8720-RQSBJ","Male","Month-to-month","1","44","Electronic check","Low/Medium Risk"
"5522-JBWMO","Male","Month-to-month","1","44","Electronic check","Low/Medium Risk"
"8082-GHXOP","Male","Month-to-month","13","44","Mailed check","Low/Medium Risk"
"1942-OQFRW","Male","Month-to-month","1","44","Electronic check","Low/Medium Risk"
"1895-QTKDO","Female","Month-to-month","1","43.95","Credit card (automatic)","Low/Medium Risk"
"3798-EPWRR","Female","Month-to-month","2","43.95","Electronic check","Low/Medium Risk"
"0567-XRHCU","Female","Two year","69","43.95","Credit card (automatic)","Low/Medium Risk"
"9281-PKKZE","Female","Month-to-month","46","43.95","Electronic check","Low/Medium Risk"
"4452-QIIEB","Male","Month-to-month","7","43.9","Mailed check","Low/Medium Risk"
"9610-WCESF","Male","Two year","67","43.9","Electronic check","Low/Medium Risk"
"6650-VJONK","Male","Month-to-month","1","43.85","Bank transfer (automatic)","Low/Medium Risk"
"6211-WHMYA","Female","Month-to-month","64","43.85","Electronic check","Low/Medium Risk"
"1125-SNVCK","Female","Month-to-month","49","43.8","Mailed check","Low/Medium Risk"
"3638-DIMPH","Female","One year","13","43.8","Electronic check","Low/Medium Risk"
"2604-XVDAM","Female","Month-to-month","12","43.8","Bank transfer (automatic)","Low/Medium Risk"
"1478-VPOAD","Female","Month-to-month","1","43.8","Electronic check","Low/Medium Risk"
"4570-QHXHL","Female","Month-to-month","9","43.75","Electronic check","Low/Medium Risk"
"4825-XJGDM","Female","One year","61","43.7","Credit card (automatic)","Low/Medium Risk"
"7274-CGTOD","Male","Two year","62","43.7","Bank transfer (automatic)","Low/Medium Risk"
"3249-VHRIP","Female","Two year","62","43.6","Credit card (automatic)","Low/Medium Risk"
"8706-HRADD","Male","Month-to-month","21","43.55","Mailed check","Low/Medium Risk"
"9327-QSDED","Male","Month-to-month","8","43.55","Mailed check","Low/Medium Risk"
"4544-RXFMG","Male","One year","8","43.45","Mailed check","Low/Medium Risk"
"2761-XECQW","Male","Month-to-month","8","43.35","Mailed check","Low/Medium Risk"
"6598-KELSS","Male","One year","50","43.05","Bank transfer (automatic)","Low/Medium Risk"
"7880-XSOJX","Male","Month-to-month","4","42.4","Mailed check","Low/Medium Risk"
"7795-CFOCW","Male","One year","45","42.3","Bank transfer (automatic)","Low/Medium Risk"
"0526-SXDJP","Male","Two year","72","42.1","Bank transfer (automatic)","Low/Medium Risk"
"3908-MKIMJ","Male","Two year","68","41.95","Electronic check","Low/Medium Risk"
"4837-PZTIC","Female","Two year","47","41.9","Mailed check","Low/Medium Risk"
"6351-SCJKT","Male","Month-to-month","3","41.35","Mailed check","Low/Medium Risk"
"8292-FRFZQ","Female","One year","39","41.15","Bank transfer (automatic)","Low/Medium Risk"
"8350-NYMVI","Female","Month-to-month","39","41.1","Bank transfer (automatic)","Low/Medium Risk"
"8745-PVESG","Female","One year","57","41.1","Credit card (automatic)","Low/Medium Risk"
"2877-VDUER","Female","One year","35","40.9","Mailed check","Low/Medium Risk"
"9026-LHEVG","Female","Month-to-month","9","40.75","Electronic check","Low/Medium Risk"
"8111-BKVDS","Female","Month-to-month","10","40.7","Bank transfer (automatic)","Low/Medium Risk"
"7665-NKLAV","Female","Two year","36","40.65","Credit card (automatic)","Low/Medium Risk"
"8328-SKJNO","Male","One year","23","40.65","Bank transfer (automatic)","Low/Medium Risk"
"1530-ZTDOZ","Female","Month-to-month","49","40.65","Bank transfer (automatic)","Low/Medium Risk"
"9495-REDIY","Male","One year","25","40.65","Credit card (automatic)","Low/Medium Risk"
"5125-CNDSP","Male","One year","63","40.6","Bank transfer (automatic)","Low/Medium Risk"
"7074-STDCN","Male","Month-to-month","39","40.6","Electronic check","Low/Medium Risk"
"7816-VGHTO","Female","Two year","6","40.55","Mailed check","Low/Medium Risk"
"7758-UJWYS","Male","Two year","34","40.55","Electronic check","Low/Medium Risk"
"3891-NLXJB","Male","Two year","37","40.55","Mailed check","Low/Medium Risk"
"7321-ZNSLA","Male","Two year","13","40.55","Mailed check","Low/Medium Risk"
"9839-ETQOE","Male","Month-to-month","43","40.45","Electronic check","Low/Medium Risk"
"9674-EHPPG","Male","Two year","46","40.4","Credit card (automatic)","Low/Medium Risk"
"0308-IVGOK","Female","One year","11","40.4","Credit card (automatic)","Low/Medium Risk"
"5640-CAXOA","Female","One year","30","40.35","Credit card (automatic)","Low/Medium Risk"
"8807-ARQET","Female","Month-to-month","41","40.35","Electronic check","Low/Medium Risk"
"1929-ZCBHE","Male","One year","47","40.3","Electronic check","Low/Medium Risk"
"9505-SQFSW","Female","Month-to-month","3","40.3","Mailed check","Low/Medium Risk"
"7325-ENZFI","Female","One year","39","40.3","Bank transfer (automatic)","Low/Medium Risk"
"2606-PKWJB","Male","One year","40","40.25","Mailed check","Low/Medium Risk"
"1729-VLAZJ","Female","One year","10","40.25","Mailed check","Low/Medium Risk"
"7041-TXQJH","Female","Month-to-month","37","40.2","Credit card (automatic)","Low/Medium Risk"
"6967-PEJLL","Male","One year","37","40.2","Electronic check","Low/Medium Risk"
"4654-GGUII","Female","One year","18","40.2","Mailed check","Low/Medium Risk"
"8644-XYTSV","Male","Month-to-month","42","40.15","Bank transfer (automatic)","Low/Medium Risk"
"2335-GSODA","Male","Two year","23","40.1","Mailed check","Low/Medium Risk"
"3748-FVMZZ","Male","Month-to-month","4","40.05","Electronic check","Low/Medium Risk"
"2996-XAUVF","Male","Two year","70","40.05","Mailed check","Low/Medium Risk"
"8319-QBEHW","Male","One year","26","39.95","Bank transfer (automatic)","Low/Medium Risk"
"4132-POCZS","Male","Month-to-month","52","39.9","Electronic check","Low/Medium Risk"
"3893-JRNFS","Male","Month-to-month","68","39.9","Bank transfer (automatic)","Low/Medium Risk"
"8450-UYIBU","Female","Month-to-month","35","39.85","Electronic check","Low/Medium Risk"
"9796-MVYXX","Female","Two year","14","39.7","Mailed check","Low/Medium Risk"
"3933-DQPWX","Female","Two year","50","39.7","Credit card (automatic)","Low/Medium Risk"
"3665-JATSN","Female","Month-to-month","19","39.7","Electronic check","Low/Medium Risk"
"6810-VCAEX","Female","One year","47","39.65","Credit card (automatic)","Low/Medium Risk"
"0343-QLUZP","Male","Two year","60","39.6","Bank transfer (automatic)","Low/Medium Risk"
"0373-AIVNJ","Male","One year","9","39.55","Mailed check","Low/Medium Risk"
"6114-TCFID","Female","One year","29","39.5","Credit card (automatic)","Low/Medium Risk"
"9074-KGVOX","Male","Month-to-month","50","39.45","Credit card (automatic)","Low/Medium Risk"
"0056-EPFBG","Male","Two year","20","39.4","Credit card (automatic)","Low/Medium Risk"
"1116-FRYVH","Female","Two year","48","39.4","Mailed check","Low/Medium Risk"
"2162-FRZAA","Male","Two year","63","39.35","Bank transfer (automatic)","Low/Medium Risk"
"2436-QBZFP","Female","Month-to-month","22","39.2","Electronic check","Low/Medium Risk"
"7989-AWGEH","Male","Month-to-month","49","39.2","Electronic check","Low/Medium Risk"
"8242-PDSGJ","Male","Two year","70","39.15","Credit card (automatic)","Low/Medium Risk"
"1153-GNOLC","Male","One year","33","39.1","Electronic check","Low/Medium Risk"
"7963-SHNDT","Female","Two year","52","39.1","Mailed check","Low/Medium Risk"
"4291-HYEBC","Female","One year","28","39.1","Electronic check","Low/Medium Risk"
"8882-TLVRW","Male","Two year","69","39.1","Mailed check","Low/Medium Risk"
"0979-MOZQI","Male","Two year","62","39","Bank transfer (automatic)","Low/Medium Risk"
"6537-QLGEX","Female","Month-to-month","16","38.9","Electronic check","Low/Medium Risk"
"5472-CVMDX","Female","Two year","68","38.9","Mailed check","Low/Medium Risk"
"9754-CLVZW","Female","Month-to-month","26","38.85","Credit card (automatic)","Low/Medium Risk"
"3635-JBPSG","Female","Two year","15","38.8","Mailed check","Low/Medium Risk"
"8046-DNVTL","Male","Two year","62","38.6","Credit card (automatic)","Low/Medium Risk"
"3694-DELSO","Male","Month-to-month","4","38.55","Credit card (automatic)","Low/Medium Risk"
"7492-TAFJD","Male","Two year","7","38.55","Mailed check","Low/Medium Risk"
"3511-BFTJW","Male","Two year","72","38.5","Credit card (automatic)","Low/Medium Risk"
"7634-WSWDB","Female","Month-to-month","8","38.5","Electronic check","Low/Medium Risk"
"6119-SPUDB","Male","Two year","46","38.25","Mailed check","Low/Medium Risk"
"7089-XXAYG","Male","One year","25","38.1","Credit card (automatic)","Low/Medium Risk"
"4940-KHCWD","Female","Two year","60","37.7","Bank transfer (automatic)","Low/Medium Risk"
"4360-QRAVE","Male","Month-to-month","37","36.65","Electronic check","Low/Medium Risk"
"4439-YRNVD","Female","Month-to-month","10","36.25","Electronic check","Low/Medium Risk"
"3648-GZPHF","Male","One year","32","36.25","Mailed check","Low/Medium Risk"
"3884-UEBXB","Female","Two year","67","36.15","Bank transfer (automatic)","Low/Medium Risk"
"0230-UBYPQ","Male","One year","63","36.1","Bank transfer (automatic)","Low/Medium Risk"
"6481-LXPWL","Male","One year","56","36.1","Credit card (automatic)","Low/Medium Risk"
"0305-SQECB","Female","One year","11","36.05","Mailed check","Low/Medium Risk"
"2361-FJWNO","Male","One year","40","36","Credit card (automatic)","Low/Medium Risk"
"2782-JEEBU","Male","Month-to-month","21","36","Mailed check","Low/Medium Risk"
"2049-BAFNW","Female","Month-to-month","1","35.9","Mailed check","Low/Medium Risk"
"5697-GOMBF","Female","Month-to-month","28","35.9","Electronic check","Low/Medium Risk"
"4718-DHSMV","Female","Month-to-month","11","35.8","Mailed check","Low/Medium Risk"
"8727-XDPUD","Male","Two year","37","35.8","Credit card (automatic)","Low/Medium Risk"
"5170-PTRKA","Female","One year","49","35.8","Credit card (automatic)","Low/Medium Risk"
"6122-EFVKN","Male","Two year","24","35.75","Mailed check","Low/Medium Risk"
"4115-UMJFQ","Male","One year","69","35.75","Bank transfer (automatic)","Low/Medium Risk"
"4501-VCPFK","Male","Month-to-month","26","35.75","Electronic check","Low/Medium Risk"
"7746-AWNQW","Female","Month-to-month","28","35.75","Mailed check","Low/Medium Risk"
"4307-KWMXE","Male","Month-to-month","10","35.75","Electronic check","Low/Medium Risk"
"8069-RHUXK","Female","Two year","67","35.7","Credit card (automatic)","Low/Medium Risk"
"8158-WPEZG","Male","Month-to-month","11","35.65","Electronic check","Low/Medium Risk"
"6773-LQTVT","Female","Month-to-month","29","35.65","Mailed check","Low/Medium Risk"
"1049-FYSYG","Female","Month-to-month","17","35.65","Credit card (automatic)","Low/Medium Risk"
"1430-SFQSA","Male","One year","29","35.6","Mailed check","Low/Medium Risk"
"8898-KASCD","Male","One year","39","35.55","Mailed check","Low/Medium Risk"
"2259-OUUSZ","Male","One year","7","35.5","Credit card (automatic)","Low/Medium Risk"
"0953-LGOVU","Male","Month-to-month","12","35.5","Mailed check","Low/Medium Risk"
"3845-JHAMY","Female","Month-to-month","16","35.5","Credit card (automatic)","Low/Medium Risk"
"5245-VDBUR","Female","One year","52","35.45","Mailed check","Low/Medium Risk"
"2073-QBVBI","Female","One year","41","35.45","Mailed check","Low/Medium Risk"
"0121-SNYRK","Male","One year","50","35.4","Mailed check","Low/Medium Risk"
"0458-HEUZG","Female","Two year","13","35.4","Mailed check","Low/Medium Risk"
"4032-RMHCI","Female","One year","41","35.4","Credit card (automatic)","Low/Medium Risk"
"5701-GUXDC","Female","One year","26","35.4","Credit card (automatic)","Low/Medium Risk"
"3739-YBWAB","Male","One year","36","35.35","Mailed check","Low/Medium Risk"
"1397-XKKWR","Male","One year","7","35.3","Mailed check","Low/Medium Risk"
"2144-ESWKO","Male","One year","43","35.2","Credit card (automatic)","Low/Medium Risk"
"6133-OZILE","Female","Month-to-month","18","35.2","Electronic check","Low/Medium Risk"
"7078-NVFAM","Female","Month-to-month","32","35.15","Electronic check","Low/Medium Risk"
"9236-NDUCW","Female","Two year","21","35.1","Mailed check","Low/Medium Risk"
"3594-KADLU","Male","Month-to-month","3","35.1","Mailed check","Low/Medium Risk"
"8741-LQOBK","Female","Month-to-month","46","35.05","Bank transfer (automatic)","Low/Medium Risk"
"0191-EQUUH","Female","Two year","25","35.05","Bank transfer (automatic)","Low/Medium Risk"
"8582-KRHPJ","Male","Month-to-month","50","35","Mailed check","Low/Medium Risk"
"3841-CONLJ","Female","Month-to-month","1","35","Electronic check","Low/Medium Risk"
"7075-BNDVQ","Female","Month-to-month","4","35","Mailed check","Low/Medium Risk"
"3472-OAOOR","Male","Month-to-month","19","34.95","Mailed check","Low/Medium Risk"
"2908-ZTPNF","Female","Month-to-month","36","34.85","Bank transfer (automatic)","Low/Medium Risk"
"9581-GVBXT","Male","One year","59","34.8","Mailed check","Low/Medium Risk"
"3050-GBUSH","Female","Month-to-month","3","34.8","Credit card (automatic)","Low/Medium Risk"
"7950-XWOVN","Male","Month-to-month","11","34.7","Mailed check","Low/Medium Risk"
"8259-NFJTV","Female","Month-to-month","7","34.65","Mailed check","Low/Medium Risk"
"1261-FWTTE","Male","Month-to-month","23","34.65","Bank transfer (automatic)","Low/Medium Risk"
"3298-QEICA","Female","Two year","23","34.6","Mailed check","Low/Medium Risk"
"4881-JVQOD","Male","Month-to-month","10","34.55","Bank transfer (automatic)","Low/Medium Risk"
"3307-TLCUD","Male","Month-to-month","17","34.4","Mailed check","Low/Medium Risk"
"4976-LNFVV","Male","Month-to-month","19","34.3","Credit card (automatic)","Low/Medium Risk"
"6907-CQGPN","Male","Month-to-month","29","34.3","Electronic check","Low/Medium Risk"
"8070-AAWZP","Male","Month-to-month","24","34.25","Mailed check","Low/Medium Risk"
"5882-CMAZQ","Female","Month-to-month","5","34.25","Electronic check","Low/Medium Risk"
"1976-AZZPJ","Male","Month-to-month","7","34.2","Mailed check","Low/Medium Risk"
"7340-KEFQE","Female","Two year","51","34.2","Bank transfer (automatic)","Low/Medium Risk"
"0723-VSOBE","Female","One year","45","34.2","Electronic check","Low/Medium Risk"
"5199-FPUSP","Male","One year","33","34.05","Credit card (automatic)","Low/Medium Risk"
"7233-IOQNP","Female","Month-to-month","43","34","Bank transfer (automatic)","Low/Medium Risk"
"4177-JPDFU","Male","Month-to-month","12","34","Mailed check","Low/Medium Risk"
"3016-KSVCP","Male","Month-to-month","29","33.75","Mailed check","Low/Medium Risk"
"0756-MPZRL","Male","One year","46","33.7","Credit card (automatic)","Low/Medium Risk"
"4712-AUQZO","Male","Month-to-month","18","33.6","Mailed check","Low/Medium Risk"
"2683-JXWQQ","Male","Month-to-month","61","33.6","Bank transfer (automatic)","Low/Medium Risk"
"6917-IAYHD","Male","Month-to-month","1","33.6","Mailed check","Low/Medium Risk"
"4198-VFOEA","Female","One year","12","33.6","Mailed check","Low/Medium Risk"
"5730-RIITO","Female","Month-to-month","43","33.45","Credit card (automatic)","Low/Medium Risk"
"2946-KIQSP","Female","Month-to-month","35","33.45","Mailed check","Low/Medium Risk"
"2316-ESMLS","Female","One year","12","33.15","Credit card (automatic)","Low/Medium Risk"
"6339-DKLMK","Female","Month-to-month","13","31.65","Electronic check","Low/Medium Risk"
"3689-MOZGR","Female","Month-to-month","29","31.2","Electronic check","Low/Medium Risk"
"8069-YQQAJ","Male","Month-to-month","14","31.1","Mailed check","Low/Medium Risk"
"9560-BBZXK","Female","Two year","36","31.05","Bank transfer (automatic)","Low/Medium Risk"
"6549-NNDYT","Female","Month-to-month","13","30.85","Bank transfer (automatic)","Low/Medium Risk"
"1078-TDCRN","Female","Month-to-month","3","30.75","Electronic check","Low/Medium Risk"
"6174-NRBTZ","Male","One year","46","30.75","Bank transfer (automatic)","Low/Medium Risk"
"6656-JWRQX","Female","Month-to-month","1","30.55","Mailed check","Low/Medium Risk"
"6637-KYRCV","Female","Month-to-month","5","30.5","Electronic check","Low/Medium Risk"
"8676-OOQEJ","Male","Month-to-month","4","30.5","Electronic check","Low/Medium Risk"
"3551-GAEGL","Male","One year","34","30.4","Bank transfer (automatic)","Low/Medium Risk"
"2586-CWXVV","Male","Month-to-month","54","30.4","Electronic check","Low/Medium Risk"
"8167-GJLRN","Male","Month-to-month","3","30.4","Electronic check","Low/Medium Risk"
"1360-RCYRT","Male","Month-to-month","23","30.35","Bank transfer (automatic)","Low/Medium Risk"
"4776-XSKYQ","Female","One year","12","30.25","Credit card (automatic)","Low/Medium Risk"
"7389-KBFIT","Female","Month-to-month","2","30.25","Mailed check","Low/Medium Risk"
"2533-TIBIX","Male","Month-to-month","15","30.2","Bank transfer (automatic)","Low/Medium Risk"
"5533-RJFTJ","Male","Month-to-month","49","30.2","Bank transfer (automatic)","Low/Medium Risk"
"0811-GSDTP","Female","Month-to-month","13","30.15","Electronic check","Low/Medium Risk"
"9750-BOOHV","Female","One year","32","30.15","Mailed check","Low/Medium Risk"
"0946-FKYTX","Male","One year","52","30.1","Mailed check","Low/Medium Risk"
"7622-NXQZR","Male","Month-to-month","28","30.1","Credit card (automatic)","Low/Medium Risk"
"7740-KKCXF","Male","Month-to-month","51","30.05","Credit card (automatic)","Low/Medium Risk"
"0928-JMXNP","Male","Month-to-month","4","29.9","Electronic check","Low/Medium Risk"
"5999-LCXAO","Female","Month-to-month","1","29.9","Mailed check","Low/Medium Risk"
"9758-MFWGD","Female","One year","48","29.9","Bank transfer (automatic)","Low/Medium Risk"
"9572-WUKSB","Male","Month-to-month","3","29.9","Electronic check","Low/Medium Risk"
"7590-VHVEG","Female","Month-to-month","1","29.85","Electronic check","Low/Medium Risk"
"4310-KEDTB","Female","Month-to-month","26","29.8","Mailed check","Low/Medium Risk"
"3082-VQXNH","Male","Month-to-month","3","29.8","Credit card (automatic)","Low/Medium Risk"
"2826-DXLQO","Male","Month-to-month","7","29.8","Bank transfer (automatic)","Low/Medium Risk"
"0909-SDHNU","Female","Month-to-month","7","29.8","Mailed check","Low/Medium Risk"
"9309-BZGNT","Male","One year","69","29.8","Credit card (automatic)","Low/Medium Risk"
"8799-OXZMD","Female","Month-to-month","28","29.75","Mailed check","Low/Medium Risk"
"6713-OKOMC","Female","Month-to-month","10","29.75","Mailed check","Low/Medium Risk"
"5960-MVTUK","Male","Month-to-month","3","29.75","Electronic check","Low/Medium Risk"
"5156-UMKOW","Female","Month-to-month","3","29.65","Mailed check","Low/Medium Risk"
"4801-JZAZL","Female","Month-to-month","11","29.6","Electronic check","Low/Medium Risk"
"0621-JFHOL","Female","Two year","10","29.6","Mailed check","Low/Medium Risk"
"6661-EIPZC","Female","Month-to-month","48","29.5","Credit card (automatic)","Low/Medium Risk"
"6624-JDRDS","Female","Month-to-month","6","29.45","Bank transfer (automatic)","Low/Medium Risk"
"4999-IEZLT","Male","One year","66","29.45","Credit card (automatic)","Low/Medium Risk"
"3256-EZDBI","Male","Month-to-month","51","29.45","Credit card (automatic)","Low/Medium Risk"
"7636-OWBPG","Male","Month-to-month","12","29.35","Credit card (automatic)","Low/Medium Risk"
"5133-VRSAB","Male","Month-to-month","8","29.35","Mailed check","Low/Medium Risk"
"1395-OFUWC","Male","Month-to-month","43","29.3","Credit card (automatic)","Low/Medium Risk"
"0282-NVSJS","Female","Month-to-month","12","29.3","Mailed check","Low/Medium Risk"
"7421-ZLUPA","Female","Month-to-month","8","29.25","Mailed check","Low/Medium Risk"
"0975-VOOVL","Female","Month-to-month","3","29.2","Mailed check","Low/Medium Risk"
"1442-BQPVU","Female","Month-to-month","13","29.15","Electronic check","Low/Medium Risk"
"1816-FLZDK","Male","Month-to-month","1","29.15","Mailed check","Low/Medium Risk"
"9626-WEQRM","Female","Month-to-month","4","29.15","Mailed check","Low/Medium Risk"
"2770-NSVDG","Male","Month-to-month","24","29.1","Electronic check","Low/Medium Risk"
"7853-OETYL","Female","Month-to-month","4","29.05","Electronic check","Low/Medium Risk"
"6022-KOUQO","Female","Month-to-month","2","29.05","Bank transfer (automatic)","Low/Medium Risk"
"0668-OGMHD","Female","Month-to-month","21","28.5","Electronic check","Low/Medium Risk"
"3547-LQRIK","Female","One year","47","26.9","Electronic check","Low/Medium Risk"
"2809-ILCYT","Female","One year","25","26.8","Mailed check","Low/Medium Risk"
"5982-XMDEX","Female","Two year","65","26.5","Bank transfer (automatic)","Low/Medium Risk"
"6509-TSGWN","Female","Month-to-month","37","26.45","Mailed check","Low/Medium Risk"
"7096-ZNBZI","Female","Two year","72","26.45","Credit card (automatic)","Low/Medium Risk"
"8234-GSZYK","Male","Two year","43","26.45","Bank transfer (automatic)","Low/Medium Risk"
"0323-XWWTN","Male","Two year","3","26.4","Mailed check","Low/Medium Risk"
"8332-OSJDW","Male","One year","12","26.4","Mailed check","Low/Medium Risk"
"7610-TVOPG","Male","Month-to-month","15","26.35","Electronic check","Low/Medium Risk"
"1222-LRYKO","Male","Month-to-month","6","26.35","Mailed check","Low/Medium Risk"
"6651-RLGGM","Male","Two year","67","26.3","Mailed check","Low/Medium Risk"
"5939-SXWHM","Male","Two year","48","26.3","Bank transfer (automatic)","Low/Medium Risk"
"9066-QRSDU","Female","One year","69","26.3","Electronic check","Low/Medium Risk"
"4950-HKQTE","Female","Two year","22","26.25","Mailed check","Low/Medium Risk"
"4625-XMOYM","Female","Two year","72","26.25","Bank transfer (automatic)","Low/Medium Risk"
"2129-ALKBS","Female","Month-to-month","40","26.2","Electronic check","Low/Medium Risk"
"3506-OVLKD","Male","One year","35","26.2","Bank transfer (automatic)","Low/Medium Risk"
"1240-HCBOH","Female","Two year","67","26.1","Mailed check","Low/Medium Risk"
"6199-IPCAO","Female","Two year","29","26.1","Mailed check","Low/Medium Risk"
"9108-EQPNQ","Female","Two year","10","26.1","Credit card (automatic)","Low/Medium Risk"
"3521-HTQTV","Male","Two year","34","26.1","Bank transfer (automatic)","Low/Medium Risk"
"9838-BFCQT","Male","Two year","72","26.1","Mailed check","Low/Medium Risk"
"3787-TRIAL","Male","Month-to-month","21","26.05","Electronic check","Low/Medium Risk"
"9067-YGSCA","Female","One year","70","26.05","Credit card (automatic)","Low/Medium Risk"
"6485-QXWWE","Female","Two year","62","26","Bank transfer (automatic)","Low/Medium Risk"
"6765-MBQNU","Female","One year","26","26","Mailed check","Low/Medium Risk"
"2050-ONYDQ","Female","Two year","65","26","Credit card (automatic)","Low/Medium Risk"
"7480-SPLEF","Male","Two year","69","26","Bank transfer (automatic)","Low/Medium Risk"
"8207-VVMYB","Female","Two year","70","26","Bank transfer (automatic)","Low/Medium Risk"
"6917-FIJHC","Female","Two year","72","26","Mailed check","Low/Medium Risk"
"4521-WFJAI","Male","Two year","56","25.95","Bank transfer (automatic)","Low/Medium Risk"
"2961-VNFKL","Female","Two year","71","25.95","Credit card (automatic)","Low/Medium Risk"
"3887-PBQAO","Female","One year","45","25.9","Credit card (automatic)","Low/Medium Risk"
"4707-MAXGU","Male","Two year","72","25.85","Credit card (automatic)","Low/Medium Risk"
"9717-IOAAF","Male","Two year","27","25.85","Credit card (automatic)","Low/Medium Risk"
"3069-SSVSN","Female","One year","1","25.85","Mailed check","Low/Medium Risk"
"4335-BSMJS","Female","Two year","62","25.8","Credit card (automatic)","Low/Medium Risk"
"3118-UHVVQ","Female","Two year","68","25.8","Credit card (automatic)","Low/Medium Risk"
"8532-UEFWH","Male","Two year","52","25.75","Mailed check","Low/Medium Risk"
"2097-YVPKN","Male","Two year","65","25.75","Mailed check","Low/Medium Risk"
"7107-UBYKY","Female","Month-to-month","35","25.75","Electronic check","Low/Medium Risk"
"2692-PFYTJ","Female","Month-to-month","1","25.75","Mailed check","Low/Medium Risk"
"2509-TFPJU","Male","Two year","72","25.75","Credit card (automatic)","Low/Medium Risk"
"7225-IILWY","Male","Two year","68","25.75","Mailed check","Low/Medium Risk"
"5322-ZSMZY","Male","Two year","31","25.75","Mailed check","Low/Medium Risk"
"2452-MRMZF","Female","Two year","72","25.7","Credit card (automatic)","Low/Medium Risk"
"2712-SYWAY","Female","Month-to-month","1","25.7","Electronic check","Low/Medium Risk"
"5539-HIVAK","Female","Month-to-month","28","25.7","Mailed check","Low/Medium Risk"
"7799-LGRDP","Female","Two year","43","25.7","Credit card (automatic)","Low/Medium Risk"
"7554-NEWDD","Male","Two year","10","25.7","Bank transfer (automatic)","Low/Medium Risk"
"4213-HKBJO","Female","Two year","33","25.7","Credit card (automatic)","Low/Medium Risk"
"1073-XXCZD","Male","Two year","55","25.7","Bank transfer (automatic)","Low/Medium Risk"
"3935-TBRZZ","Male","One year","44","25.7","Mailed check","Low/Medium Risk"
"3727-OVPRY","Male","One year","66","25.7","Credit card (automatic)","Low/Medium Risk"
"6029-CSMJE","Male","Month-to-month","17","25.65","Mailed check","Low/Medium Risk"
"4231-LZUYM","Female","Two year","72","25.65","Bank transfer (automatic)","Low/Medium Risk"
"8807-OPMBM","Female","Two year","55","25.65","Credit card (automatic)","Low/Medium Risk"
"1080-BWSYE","Male","Two year","64","25.65","Credit card (automatic)","Low/Medium Risk"
"0463-TXOAK","Male","Two year","52","25.6","Credit card (automatic)","Low/Medium Risk"
"8441-SHIPE","Female","Two year","67","25.6","Bank transfer (automatic)","Low/Medium Risk"
"3873-WOSBC","Male","Two year","67","25.6","Credit card (automatic)","Low/Medium Risk"
"4163-KIUHY","Male","Month-to-month","35","25.6","Electronic check","Low/Medium Risk"
"8595-SIZNC","Female","One year","22","25.6","Bank transfer (automatic)","Low/Medium Risk"
"1982-FEBTD","Female","Two year","23","25.6","Credit card (automatic)","Low/Medium Risk"
"2169-RRLFW","Female","Two year","71","25.6","Credit card (automatic)","Low/Medium Risk"
"4707-YNOQA","Female","One year","34","25.6","Credit card (automatic)","Low/Medium Risk"
"5115-SQAAU","Female","Two year","69","25.6","Bank transfer (automatic)","Low/Medium Risk"
"3129-AAQOU","Female","Two year","19","25.6","Mailed check","Low/Medium Risk"
"3088-FVYWK","Male","Two year","53","25.55","Credit card (automatic)","Low/Medium Risk"
"6286-ZHAOK","Female","Month-to-month","20","25.55","Bank transfer (automatic)","Low/Medium Risk"
"6791-YBNAK","Male","Month-to-month","18","25.55","Credit card (automatic)","Low/Medium Risk"
"5743-KHMNA","Male","Two year","71","25.55","Bank transfer (automatic)","Low/Medium Risk"
"9891-NQDBD","Female","One year","28","25.55","Mailed check","Low/Medium Risk"
"6285-FTQBF","Male","Two year","72","25.55","Credit card (automatic)","Low/Medium Risk"
"9146-JRIOX","Female","Month-to-month","14","25.55","Mailed check","Low/Medium Risk"
"3913-RDSJZ","Female","Two year","64","25.55","Mailed check","Low/Medium Risk"
"5044-XDPYX","Female","Two year","51","25.5","Mailed check","Low/Medium Risk"
"3696-DFHHB","Female","Two year","68","25.5","Bank transfer (automatic)","Low/Medium Risk"
"0071-NDAFP","Male","Two year","25","25.5","Credit card (automatic)","Low/Medium Risk"
"3284-SVCRO","Female","Two year","45","25.5","Mailed check","Low/Medium Risk"
"3261-CQXOL","Female","Two year","71","25.45","Bank transfer (automatic)","Low/Medium Risk"
"4896-CPRPF","Male","Two year","35","25.45","Bank transfer (automatic)","Low/Medium Risk"
"8042-RNLKO","Male","One year","66","25.45","Bank transfer (automatic)","Low/Medium Risk"
"1241-EZFMJ","Male","Two year","61","25.45","Bank transfer (automatic)","Low/Medium Risk"
"5598-IKHQQ","Female","Two year","72","25.45","Credit card (automatic)","Low/Medium Risk"
"4430-YHXGG","Female","Month-to-month","4","25.45","Mailed check","Low/Medium Risk"
"0603-TPMIB","Female","Two year","59","25.45","Mailed check","Low/Medium Risk"
"1814-DKOLC","Female","Month-to-month","5","25.45","Mailed check","Low/Medium Risk"
"7452-FOLON","Male","One year","39","25.45","Bank transfer (automatic)","Low/Medium Risk"
"1635-NZATJ","Male","Two year","71","25.45","Credit card (automatic)","Low/Medium Risk"
"9574-BOSMD","Male","Two year","68","25.4","Bank transfer (automatic)","Low/Medium Risk"
"8815-LMFLX","Male","Month-to-month","25","25.4","Bank transfer (automatic)","Low/Medium Risk"
"8774-GSBUN","Male","Two year","72","25.4","Mailed check","Low/Medium Risk"
"0795-XCCTE","Male","Two year","72","25.4","Bank transfer (automatic)","Low/Medium Risk"
"3283-WCWXT","Male","Two year","6","25.4","Mailed check","Low/Medium Risk"
"2080-SRCDE","Female","Month-to-month","1","25.4","Mailed check","Low/Medium Risk"
"8612-GXIDD","Male","Two year","12","25.4","Bank transfer (automatic)","Low/Medium Risk"
"1171-TYKUR","Male","Month-to-month","47","25.4","Electronic check","Low/Medium Risk"
"5854-KSRBJ","Male","Two year","70","25.4","Mailed check","Low/Medium Risk"
"5622-UEJFI","Female","Two year","35","25.4","Credit card (automatic)","Low/Medium Risk"
"4312-KFRXN","Male","Two year","72","25.4","Mailed check","Low/Medium Risk"
"3810-PJUHR","Male","Two year","70","25.35","Mailed check","Low/Medium Risk"
"6158-HDPXZ","Male","Month-to-month","1","25.35","Mailed check","Low/Medium Risk"
"0174-QRVVY","Male","Two year","71","25.35","Credit card (automatic)","Low/Medium Risk"
"6754-WKSHP","Male","One year","30","25.35","Bank transfer (automatic)","Low/Medium Risk"
"9862-KJTYK","Male","Month-to-month","19","25.35","Credit card (automatic)","Low/Medium Risk"
"9350-ZXYJC","Female","Two year","4","25.3","Credit card (automatic)","Low/Medium Risk"
"9337-SRRNI","Male","Two year","66","25.3","Credit card (automatic)","Low/Medium Risk"
"7008-LZVOZ","Male","Two year","66","25.3","Credit card (automatic)","Low/Medium Risk"
"5995-LFTLE","Male","Two year","58","25.3","Credit card (automatic)","Low/Medium Risk"
"6370-ZVHDV","Female","Two year","61","25.3","Bank transfer (automatic)","Low/Medium Risk"
"8606-OEGQZ","Female","Two year","18","25.3","Credit card (automatic)","Low/Medium Risk"
"2799-TSLAG","Female","Two year","65","25.3","Bank transfer (automatic)","Low/Medium Risk"
"6518-KZXCB","Male","Two year","22","25.25","Mailed check","Low/Medium Risk"
"1696-MZVAU","Male","One year","39","25.25","Credit card (automatic)","Low/Medium Risk"
"8746-OQQRW","Male","Month-to-month","4","25.25","Mailed check","Low/Medium Risk"
"2072-ZVJJX","Male","Two year","68","25.25","Bank transfer (automatic)","Low/Medium Risk"
"8098-TDCBU","Female","Two year","42","25.25","Electronic check","Low/Medium Risk"
"8946-BFWSG","Male","Two year","63","25.25","Mailed check","Low/Medium Risk"
"1926-QUZNN","Female","Two year","72","25.25","Bank transfer (automatic)","Low/Medium Risk"
"0484-JPBRU","Male","Month-to-month","41","25.25","Bank transfer (automatic)","Low/Medium Risk"
"6770-UAYGJ","Female","Two year","49","25.25","Mailed check","Low/Medium Risk"
"4195-NZGTA","Female","Month-to-month","1","25.25","Electronic check","Low/Medium Risk"
"8404-VLQFB","Female","Month-to-month","15","25.25","Electronic check","Low/Medium Risk"
"4883-KCPZJ","Female","Two year","22","25.25","Credit card (automatic)","Low/Medium Risk"
"9953-ZMKSM","Male","Two year","63","25.25","Mailed check","Low/Medium Risk"
"6464-KEXXH","Male","Month-to-month","8","25.25","Credit card (automatic)","Low/Medium Risk"
"2209-XADXF","Female","Month-to-month","1","25.25","Bank transfer (automatic)","Low/Medium Risk"
"3472-QPRCH","Male","Two year","40","25.25","Credit card (automatic)","Low/Medium Risk"
"5197-YPYBZ","Female","Two year","12","25.25","Credit card (automatic)","Low/Medium Risk"
"2143-LJULT","Female","Two year","67","25.25","Credit card (automatic)","Low/Medium Risk"
"6024-RUGGH","Male","Two year","72","25.2","Bank transfer (automatic)","Low/Medium Risk"
"6674-KVJHG","Female","One year","11","25.2","Electronic check","Low/Medium Risk"
"2706-QZIHY","Female","Two year","15","25.2","Mailed check","Low/Medium Risk"
"0804-XBFBV","Female","Month-to-month","11","25.2","Electronic check","Low/Medium Risk"
"0023-UYUPN","Female","One year","50","25.2","Electronic check","Low/Medium Risk"
"6976-BWGLQ","Female","Two year","72","25.2","Bank transfer (automatic)","Low/Medium Risk"
"8874-EJNSR","Male","Two year","39","25.2","Mailed check","Low/Medium Risk"
"7996-MHXLW","Female","Two year","66","25.15","Credit card (automatic)","Low/Medium Risk"
"7527-QNRUS","Male","Two year","17","25.15","Mailed check","Low/Medium Risk"
"0394-YONDK","Male","Two year","70","25.15","Credit card (automatic)","Low/Medium Risk"
"4534-WGCIR","Female","Two year","58","25.15","Credit card (automatic)","Low/Medium Risk"
"4819-HJPIW","Male","Month-to-month","18","25.15","Mailed check","Low/Medium Risk"
"6010-DDPPW","Male","Two year","70","25.15","Bank transfer (automatic)","Low/Medium Risk"
"1984-GPTEH","Female","Month-to-month","29","25.15","Electronic check","Low/Medium Risk"
"1559-DTODC","Male","Month-to-month","19","25.15","Bank transfer (automatic)","Low/Medium Risk"
"4815-GBTCD","Female","Month-to-month","4","25.15","Electronic check","Low/Medium Risk"
"3058-WQDRE","Male","Month-to-month","13","25.15","Bank transfer (automatic)","Low/Medium Risk"
"1535-VTJOQ","Female","Two year","24","25.15","Credit card (automatic)","Low/Medium Risk"
"7537-RBWEA","Female","Month-to-month","1","25.15","Mailed check","Low/Medium Risk"
"9743-DQKQW","Male","Month-to-month","3","25.1","Electronic check","Low/Medium Risk"
"1767-CJKBA","Male","Two year","66","25.1","Mailed check","Low/Medium Risk"
"1092-WPIVQ","Female","Two year","18","25.1","Mailed check","Low/Medium Risk"
"6925-BAYGL","Female","Two year","53","25.1","Credit card (automatic)","Low/Medium Risk"
"4987-GQWPO","Male","Month-to-month","17","25.1","Credit card (automatic)","Low/Medium Risk"
"5666-MBJPT","Male","Two year","65","25.1","Bank transfer (automatic)","Low/Medium Risk"
"8966-KZXXA","Male","Two year","36","25.1","Credit card (automatic)","Low/Medium Risk"
"6609-MXJHJ","Female","Two year","30","25.1","Mailed check","Low/Medium Risk"
"4176-RELJR","Male","Two year","67","25.1","Credit card (automatic)","Low/Medium Risk"
"9430-NKQLY","Male","Two year","72","25.1","Credit card (automatic)","Low/Medium Risk"
"6743-HHQPF","Male","Month-to-month","42","25.1","Credit card (automatic)","Low/Medium Risk"
"5334-AFQJB","Male","Two year","72","25.1","Credit card (automatic)","Low/Medium Risk"
"5884-FBCTL","Female","Two year","72","25.1","Bank transfer (automatic)","Low/Medium Risk"
"0057-QBUQH","Female","Two year","43","25.1","Electronic check","Low/Medium Risk"
"9575-IWCAZ","Male","One year","6","25.1","Mailed check","Low/Medium Risk"
"2808-CHTDM","Female","Two year","23","25.1","Mailed check","Low/Medium Risk"
"5349-AZPEW","Female","Month-to-month","5","25.05","Mailed check","Low/Medium Risk"
"6345-HOVES","Male","Month-to-month","34","25.05","Bank transfer (automatic)","Low/Medium Risk"
"9027-YFHQJ","Male","Month-to-month","7","25.05","Bank transfer (automatic)","Low/Medium Risk"
"2696-RZVZW","Male","Two year","68","25.05","Credit card (automatic)","Low/Medium Risk"
"8007-YYPWD","Female","Two year","15","25.05","Bank transfer (automatic)","Low/Medium Risk"
"1987-AUELQ","Female","Two year","71","25.05","Credit card (automatic)","Low/Medium Risk"
"1329-VHWNP","Female","Month-to-month","7","25.05","Bank transfer (automatic)","Low/Medium Risk"
"0732-OCQOC","Female","Two year","52","25.05","Bank transfer (automatic)","Low/Medium Risk"
"1839-UMACK","Male","One year","42","25.05","Electronic check","Low/Medium Risk"
"2332-TODQS","Female","One year","48","25.05","Credit card (automatic)","Low/Medium Risk"
"9650-VBUOG","Male","Two year","38","25.05","Credit card (automatic)","Low/Medium Risk"
"9087-EYCPR","Female","Two year","60","25","Mailed check","Low/Medium Risk"
"5605-XNWEN","Male","Two year","72","25","Bank transfer (automatic)","Low/Medium Risk"
"6447-GORXK","Male","Month-to-month","31","25","Credit card (automatic)","Low/Medium Risk"
"9817-APLHW","Male","Month-to-month","12","25","Electronic check","Low/Medium Risk"
"8224-KDLKN","Male","Two year","72","25","Bank transfer (automatic)","Low/Medium Risk"
"8896-BQTTI","Male","Month-to-month","1","25","Mailed check","Low/Medium Risk"
"8219-VYBVI","Male","Two year","39","25","Mailed check","Low/Medium Risk"
"3027-YNWZU","Female","Two year","64","25","Credit card (automatic)","Low/Medium Risk"
"4458-KVRBJ","Male","Two year","59","25","Mailed check","Low/Medium Risk"
"9153-BTBVV","Female","Two year","71","25","Bank transfer (automatic)","Low/Medium Risk"
"7996-BPXHY","Female","Two year","13","25","Bank transfer (automatic)","Low/Medium Risk"
"2481-SBOYW","Female","Two year","61","25","Credit card (automatic)","Low/Medium Risk"
"6614-YWYSC","Male","Two year","61","25","Bank transfer (automatic)","Low/Medium Risk"
"4836-WNFNO","Female","Two year","72","25","Credit card (automatic)","Low/Medium Risk"
"1734-ZMNTZ","Female","Two year","11","25","Mailed check","Low/Medium Risk"
"6542-LWGXJ","Male","Month-to-month","3","25","Mailed check","Low/Medium Risk"
"6814-ZPWFQ","Male","One year","51","25","Bank transfer (automatic)","Low/Medium Risk"
"4538-WNTMJ","Female","One year","46","24.95","Mailed check","Low/Medium Risk"
"8904-OPDCK","Male","Month-to-month","54","24.95","Bank transfer (automatic)","Low/Medium Risk"
"3957-SQXML","Female","Two year","34","24.95","Credit card (automatic)","Low/Medium Risk"
"3148-AOIQT","Female","Two year","69","24.95","Credit card (automatic)","Low/Medium Risk"
"5549-ZGHFB","Male","Two year","50","24.95","Mailed check","Low/Medium Risk"
"1619-YWUBB","Female","Two year","68","24.95","Credit card (automatic)","Low/Medium Risk"
"1335-NTIUC","Male","Month-to-month","9","24.95","Electronic check","Low/Medium Risk"
"2263-SFSQZ","Male","Two year","51","24.95","Mailed check","Low/Medium Risk"
"2908-WGAXL","Female","Two year","56","24.95","Credit card (automatic)","Low/Medium Risk"
"6407-GSJNL","Female","Two year","51","24.95","Bank transfer (automatic)","Low/Medium Risk"
"3823-KYNQY","Male","One year","12","24.95","Credit card (automatic)","Low/Medium Risk"
"6096-EGVTU","Female","One year","64","24.9","Mailed check","Low/Medium Risk"
"6292-TOSSS","Male","Two year","50","24.9","Bank transfer (automatic)","Low/Medium Risk"
"6551-ZCOTS","Male","One year","33","24.9","Bank transfer (automatic)","Low/Medium Risk"
"6344-SFJVH","Female","Month-to-month","20","24.9","Credit card (automatic)","Low/Medium Risk"
"7980-MHFLQ","Female","Two year","72","24.9","Mailed check","Low/Medium Risk"
"5512-IDZEI","Male","One year","46","24.9","Electronic check","Low/Medium Risk"
"2995-YWTCD","Female","Two year","19","24.9","Bank transfer (automatic)","Low/Medium Risk"
"3967-VQOGC","Female","Two year","67","24.9","Mailed check","Low/Medium Risk"
"9638-JIQYA","Male","Month-to-month","2","24.9","Credit card (automatic)","Low/Medium Risk"
"4367-NHWMM","Female","Month-to-month","1","24.9","Mailed check","Low/Medium Risk"
"3768-VHXQO","Male","Two year","67","24.85","Credit card (automatic)","Low/Medium Risk"
"4282-ACRXS","Male","Month-to-month","38","24.85","Electronic check","Low/Medium Risk"
"8713-IGZSO","Male","Month-to-month","2","24.85","Mailed check","Low/Medium Risk"
"3378-AJRAO","Male","One year","44","24.85","Electronic check","Low/Medium Risk"
"3836-FZSDJ","Male","Two year","71","24.85","Bank transfer (automatic)","Low/Medium Risk"
"7909-FIOIY","Female","Month-to-month","19","24.85","Mailed check","Low/Medium Risk"
"9092-GDZKO","Male","Month-to-month","22","24.85","Credit card (automatic)","Low/Medium Risk"
"3417-TSCIC","Male","One year","29","24.85","Mailed check","Low/Medium Risk"
"1022-RKXDR","Female","One year","41","24.85","Mailed check","Low/Medium Risk"
"8237-ULIXL","Female","Two year","72","24.85","Credit card (automatic)","Low/Medium Risk"
"6510-UPNKS","Female","One year","23","24.8","Credit card (automatic)","Low/Medium Risk"
"4403-BWPAY","Male","One year","14","24.8","Credit card (automatic)","Low/Medium Risk"
"2662-NNTDK","Male","One year","65","24.8","Credit card (automatic)","Low/Medium Risk"
"5555-RNPGT","Male","Month-to-month","10","24.8","Credit card (automatic)","Low/Medium Risk"
"5201-CBWYG","Male","One year","62","24.8","Bank transfer (automatic)","Low/Medium Risk"
"9578-FOMUK","Male","Month-to-month","15","24.8","Electronic check","Low/Medium Risk"
"5249-QYHEX","Female","Two year","40","24.8","Mailed check","Low/Medium Risk"
"1248-DYXUB","Male","Two year","52","24.8","Mailed check","Low/Medium Risk"
"8626-XHBIE","Male","Two year","56","24.8","Mailed check","Low/Medium Risk"
"1852-QSWCD","Male","Two year","64","24.8","Mailed check","Low/Medium Risk"
"1140-UKVZG","Female","Month-to-month","17","24.8","Mailed check","Low/Medium Risk"
"8749-TZYEC","Male","Two year","72","24.8","Credit card (automatic)","Low/Medium Risk"
"6080-LNESI","Male","Two year","51","24.75","Mailed check","Low/Medium Risk"
"1333-PBMXB","Female","One year","54","24.75","Bank transfer (automatic)","Low/Medium Risk"
"6181-AXXYF","Male","Two year","72","24.75","Credit card (automatic)","Low/Medium Risk"
"4193-IBKSW","Male","Two year","72","24.75","Bank transfer (automatic)","Low/Medium Risk"
"8092-NLTGF","Male","Two year","72","24.75","Bank transfer (automatic)","Low/Medium Risk"
"0485-ZBSLN","Male","Two year","65","24.75","Credit card (automatic)","Low/Medium Risk"
"4443-EMBNA","Female","Two year","71","24.75","Bank transfer (automatic)","Low/Medium Risk"
"8592-PLTMQ","Female","One year","64","24.7","Mailed check","Low/Medium Risk"
"1744-JHKYS","Female","Month-to-month","34","24.7","Electronic check","Low/Medium Risk"
"4584-LBNMK","Male","One year","45","24.7","Credit card (automatic)","Low/Medium Risk"
"3896-ZVNET","Female","Two year","24","24.7","Mailed check","Low/Medium Risk"
"7711-GQBZC","Female","Two year","71","24.7","Bank transfer (automatic)","Low/Medium Risk"
"1299-AURJA","Female","Two year","70","24.7","Bank transfer (automatic)","Low/Medium Risk"
"3486-KHMLI","Male","Month-to-month","21","24.7","Mailed check","Low/Medium Risk"
"2862-PFNIK","Male","Month-to-month","1","24.7","Electronic check","Low/Medium Risk"
"9661-JALZV","Female","Two year","58","24.7","Credit card (automatic)","Low/Medium Risk"
"5215-LNLDJ","Female","Month-to-month","7","24.7","Electronic check","Low/Medium Risk"
"2538-OIMXF","Female","Month-to-month","1","24.7","Mailed check","Low/Medium Risk"
"9546-KDTRB","Female","Month-to-month","19","24.7","Bank transfer (automatic)","Low/Medium Risk"
"6813-GZQCG","Female","Two year","45","24.65","Credit card (automatic)","Low/Medium Risk"
"8292-ITGYJ","Female","Two year","45","24.65","Bank transfer (automatic)","Low/Medium Risk"
"7115-IRDHS","Female","Two year","72","24.65","Bank transfer (automatic)","Low/Medium Risk"
"6857-TKDJV","Male","Two year","67","24.65","Bank transfer (automatic)","Low/Medium Risk"
"8780-IHCRN","Male","Two year","63","24.65","Credit card (automatic)","Low/Medium Risk"
"5699-BNCAS","Male","Two year","71","24.65","Mailed check","Low/Medium Risk"
"9648-BCHKM","Female","Two year","18","24.65","Credit card (automatic)","Low/Medium Risk"
"4565-NLZBV","Female","Two year","71","24.65","Bank transfer (automatic)","Low/Medium Risk"
"4526-EXKKN","Male","Two year","40","24.6","Mailed check","Low/Medium Risk"
"3055-MJDSB","Male","Month-to-month","9","24.6","Mailed check","Low/Medium Risk"
"3785-KTYSH","Male","Two year","53","24.6","Mailed check","Low/Medium Risk"
"5789-LDFXO","Male","One year","24","24.6","Electronic check","Low/Medium Risk"
"9397-TZSHA","Female","Two year","69","24.6","Credit card (automatic)","Low/Medium Risk"
"9277-JOOMO","Female","Month-to-month","3","24.6","Mailed check","Low/Medium Risk"
"1131-ALZWV","Female","One year","24","24.6","Bank transfer (automatic)","Low/Medium Risk"
"5313-FPXWG","Male","One year","51","24.6","Bank transfer (automatic)","Low/Medium Risk"
"5968-HYJRZ","Male","Two year","47","24.55","Mailed check","Low/Medium Risk"
"5296-PSYVW","Female","Two year","72","24.55","Electronic check","Low/Medium Risk"
"6484-LATFU","Male","Two year","68","24.55","Mailed check","Low/Medium Risk"
"2207-RYYRL","Male","Two year","52","24.55","Mailed check","Low/Medium Risk"
"5406-KGRMX","Female","Two year","71","24.55","Electronic check","Low/Medium Risk"
"2324-AALNO","Female","One year","48","24.55","Bank transfer (automatic)","Low/Medium Risk"
"9668-PUGNU","Male","Two year","71","24.5","Electronic check","Low/Medium Risk"
"4236-UJPWO","Female","Month-to-month","2","24.5","Electronic check","Low/Medium Risk"
"4121-AGSIN","Female","One year","58","24.5","Credit card (automatic)","Low/Medium Risk"
"3812-LRZIR","Female","Two year","27","24.5","Electronic check","Low/Medium Risk"
"5018-HEKFO","Female","Month-to-month","10","24.5","Mailed check","Low/Medium Risk"
"3372-CDXFJ","Male","One year","13","24.5","Bank transfer (automatic)","Low/Medium Risk"
"3612-YVGSJ","Female","Two year","71","24.45","Credit card (automatic)","Low/Medium Risk"
"5075-JSDKI","Female","Two year","59","24.45","Electronic check","Low/Medium Risk"
"4195-PNGZS","Male","Two year","69","24.45","Bank transfer (automatic)","Low/Medium Risk"
"5846-ABOBJ","Male","Two year","71","24.45","Bank transfer (automatic)","Low/Medium Risk"
"5451-MHQOF","Male","One year","56","24.45","Mailed check","Low/Medium Risk"
"9593-CVZKR","Female","Two year","56","24.45","Mailed check","Low/Medium Risk"
"0402-OAMEN","Female","Two year","72","24.45","Bank transfer (automatic)","Low/Medium Risk"
"0804-YGEQV","Female","One year","43","24.45","Bank transfer (automatic)","Low/Medium Risk"
"4163-NCJAK","Female","One year","46","24.45","Bank transfer (automatic)","Low/Medium Risk"
"4652-ODEVH","Male","Two year","45","24.45","Mailed check","Low/Medium Risk"
"5356-KZCKT","Male","Two year","58","24.45","Credit card (automatic)","Low/Medium Risk"
"7365-BVCJH","Male","Month-to-month","1","24.4","Electronic check","Low/Medium Risk"
"9361-YNQWJ","Female","One year","64","24.4","Bank transfer (automatic)","Low/Medium Risk"
"7089-RKVSZ","Male","One year","8","24.4","Mailed check","Low/Medium Risk"
"1468-DEFNC","Male","Two year","64","24.4","Bank transfer (automatic)","Low/Medium Risk"
"3682-YEUWS","Male","Month-to-month","10","24.4","Mailed check","Low/Medium Risk"
"9964-WBQDJ","Female","Two year","71","24.4","Credit card (automatic)","Low/Medium Risk"
"7608-RGIRO","Male","Two year","62","24.4","Mailed check","Low/Medium Risk"
"9895-VFOXH","Female","Month-to-month","1","24.4","Mailed check","Low/Medium Risk"
"4785-FCIFB","Female","Two year","61","24.4","Mailed check","Low/Medium Risk"
"3439-GVUSX","Male","Month-to-month","1","24.4","Mailed check","Low/Medium Risk"
"8361-LBRDI","Female","Two year","58","24.35","Credit card (automatic)","Low/Medium Risk"
"9795-VOWON","Male","One year","7","24.35","Credit card (automatic)","Low/Medium Risk"
"0269-XFESX","Male","One year","23","24.35","Mailed check","Low/Medium Risk"
"1371-OJCEK","Female","One year","48","24.35","Bank transfer (automatic)","Low/Medium Risk"
"9365-CSLBQ","Male","Two year","71","24.35","Mailed check","Low/Medium Risk"
"1777-JYQPJ","Male","Month-to-month","2","24.3","Mailed check","Low/Medium Risk"
"8735-SDUFN","Female","Two year","72","24.3","Bank transfer (automatic)","Low/Medium Risk"
"2233-FAGXV","Female","Month-to-month","5","24.3","Mailed check","Low/Medium Risk"
"8958-JPTRR","Female","One year","56","24.3","Electronic check","Low/Medium Risk"
"7684-XSZIY","Male","Two year","72","24.3","Bank transfer (automatic)","Low/Medium Risk"
"6180-YBIQI","Male","Month-to-month","5","24.3","Mailed check","Low/Medium Risk"
"2511-ALLCS","Female","Two year","35","24.3","Bank transfer (automatic)","Low/Medium Risk"
"0971-QIFJK","Female","Two year","69","24.25","Bank transfer (automatic)","Low/Medium Risk"
"5442-BXVND","Female","Month-to-month","33","24.25","Bank transfer (automatic)","Low/Medium Risk"
"0480-KYJVA","Female","Two year","72","24.25","Credit card (automatic)","Low/Medium Risk"
"8461-EFQYM","Female","One year","38","24.25","Electronic check","Low/Medium Risk"
"2208-NKVVH","Male","Two year","43","24.25","Mailed check","Low/Medium Risk"
"7014-ZZXAW","Female","Two year","71","24.25","Credit card (automatic)","Low/Medium Risk"
"8028-PNXHQ","Male","Two year","62","24.25","Bank transfer (automatic)","Low/Medium Risk"
"4589-IUAJB","Male","Two year","70","24.25","Bank transfer (automatic)","Low/Medium Risk"
"1897-RCFUM","Female","One year","39","24.2","Mailed check","Low/Medium Risk"
"3460-TJBWI","Male","Two year","24","24.2","Mailed check","Low/Medium Risk"
"1705-GUHPV","Female","Two year","63","24.2","Mailed check","Low/Medium Risk"
"5351-QESIO","Male","Month-to-month","1","24.2","Mailed check","Low/Medium Risk"
"3580-GICBM","Female","Two year","61","24.2","Mailed check","Low/Medium Risk"
"2560-WBWXF","Male","Two year","68","24.15","Bank transfer (automatic)","Low/Medium Risk"
"7471-WNSUF","Male","One year","60","24.15","Bank transfer (automatic)","Low/Medium Risk"
"0626-QXNGV","Female","Two year","72","24.15","Credit card (automatic)","Low/Medium Risk"
"8277-RVRSV","Female","One year","33","24.15","Credit card (automatic)","Low/Medium Risk"
"4979-HPRFL","Male","Two year","56","24.15","Bank transfer (automatic)","Low/Medium Risk"
"2346-DJQTB","Female","Month-to-month","35","24.15","Electronic check","Low/Medium Risk"
"4018-PPNDW","Female","Two year","61","24.1","Mailed check","Low/Medium Risk"
"8450-LUGUK","Female","Two year","37","24.1","Bank transfer (automatic)","Low/Medium Risk"
"7010-BRBUU","Male","Two year","72","24.1","Credit card (automatic)","Low/Medium Risk"
"4830-FAXFM","Male","Month-to-month","19","24.1","Credit card (automatic)","Low/Medium Risk"
"9178-JHUVJ","Male","Two year","24","24.1","Bank transfer (automatic)","Low/Medium Risk"
"4116-IQRFR","Male","One year","4","24.1","Credit card (automatic)","Low/Medium Risk"
"1820-DJFPH","Female","Two year","72","24.05","Bank transfer (automatic)","Low/Medium Risk"
"3120-FAZKD","Male","Two year","54","24.05","Bank transfer (automatic)","Low/Medium Risk"
"6963-KQYQB","Female","Two year","70","24.05","Mailed check","Low/Medium Risk"
"3251-YMVWZ","Male","One year","53","24.05","Bank transfer (automatic)","Low/Medium Risk"
"7503-EPSZW","Female","Two year","64","24.05","Mailed check","Low/Medium Risk"
"5701-SVCWR","Female","Month-to-month","1","24","Mailed check","Low/Medium Risk"
"3549-ZTMNH","Male","Two year","12","24","Bank transfer (automatic)","Low/Medium Risk"
"7601-DHFWZ","Female","Two year","48","24","Credit card (automatic)","Low/Medium Risk"
"5220-AGAAX","Male","Two year","68","24","Bank transfer (automatic)","Low/Medium Risk"
"2740-JFBOK","Male","Month-to-month","10","24","Electronic check","Low/Medium Risk"
"1599-EAHXY","Male","One year","60","23.95","Credit card (automatic)","Low/Medium Risk"
"4656-CAURT","Male","Two year","69","23.95","Bank transfer (automatic)","Low/Medium Risk"
"1131-QQZEB","Male","Two year","71","23.95","Bank transfer (automatic)","Low/Medium Risk"
"6546-OPBBH","Male","One year","51","23.95","Mailed check","Low/Medium Risk"
"1555-HAPSU","Female","Two year","71","23.9","Credit card (automatic)","Low/Medium Risk"
"7356-AYNJP","Female","One year","4","23.9","Electronic check","Low/Medium Risk"
"0562-HKHML","Male","Two year","71","23.9","Credit card (automatic)","Low/Medium Risk"
"3389-KTRXV","Female","Two year","23","23.85","Mailed check","Low/Medium Risk"
"7161-DFHUF","Female","Two year","71","23.85","Mailed check","Low/Medium Risk"
"8859-AXJZP","Male","Two year","39","23.8","Mailed check","Low/Medium Risk"
"9229-RQABD","Male","One year","18","23.75","Mailed check","Low/Medium Risk"
"0784-GTUUK","Male","One year","62","23.75","Credit card (automatic)","Low/Medium Risk"
"8165-ZJRNM","Female","Two year","72","23.75","Bank transfer (automatic)","Low/Medium Risk"
"2632-TACXW","Female","Two year","62","23.65","Bank transfer (automatic)","Low/Medium Risk"
"7343-EOBEU","Male","Month-to-month","3","23.6","Mailed check","Low/Medium Risk"
"6734-PSBAW","Male","Two year","72","23.55","Bank transfer (automatic)","Low/Medium Risk"
"4779-ZGICK","Male","Two year","48","23.55","Mailed check","Low/Medium Risk"
"6258-NGCNG","Male","Month-to-month","7","23.5","Mailed check","Low/Medium Risk"
"6134-KWTBV","Male","Two year","62","23.4","Bank transfer (automatic)","Low/Medium Risk"
"1970-KKFWL","Female","Two year","35","23.3","Bank transfer (automatic)","Low/Medium Risk"
"2560-QTSBS","Female","One year","72","23.3","Bank transfer (automatic)","Low/Medium Risk"
"1207-BLKSA","Female","Two year","52","23.05","Mailed check","Low/Medium Risk"
"8148-NLEGT","Female","Two year","42","22.95","Electronic check","Low/Medium Risk"
"7945-PRBVF","Male","Two year","35","21.45","Bank transfer (automatic)","Low/Medium Risk"
"2888-ADFAO","Female","Two year","47","21.3","Bank transfer (automatic)","Low/Medium Risk"
"3373-DIUUN","Male","Two year","30","21.25","Mailed check","Low/Medium Risk"
"6549-YMFAW","Male","Month-to-month","9","21.25","Mailed check","Low/Medium Risk"
"8909-BOLNL","Male","One year","3","21.2","Mailed check","Low/Medium Risk"
"6922-NCEDI","Male","One year","56","21.2","Mailed check","Low/Medium Risk"
"8003-EWNDZ","Female","Month-to-month","10","21.2","Electronic check","Low/Medium Risk"
"2569-WGERO","Female","Two year","72","21.15","Bank transfer (automatic)","Low/Medium Risk"
"8044-BGWPI","Male","Month-to-month","12","21.15","Electronic check","Low/Medium Risk"
"9798-OPFEM","Female","Two year","46","21.1","Electronic check","Low/Medium Risk"
"8246-SHFGA","Male","Month-to-month","17","21.1","Credit card (automatic)","Low/Medium Risk"
"8067-NIOYM","Female","Two year","24","21.1","Credit card (automatic)","Low/Medium Risk"
"2111-DWYHN","Male","Month-to-month","1","21.1","Mailed check","Low/Medium Risk"
"1293-HHSHJ","Female","One year","35","21.1","Mailed check","Low/Medium Risk"
"0835-DUUIQ","Female","One year","24","21.05","Bank transfer (automatic)","Low/Medium Risk"
"0547-HURJB","Male","Month-to-month","12","21.05","Credit card (automatic)","Low/Medium Risk"
"1045-LTCYT","Female","Month-to-month","8","21.05","Credit card (automatic)","Low/Medium Risk"
"8267-KFGYD","Male","Month-to-month","1","21.05","Mailed check","Low/Medium Risk"
"6828-HMKWP","Male","Two year","12","21.05","Bank transfer (automatic)","Low/Medium Risk"
"5480-XTFFL","Female","Two year","31","21","Mailed check","Low/Medium Risk"
"0640-YJTPY","Male","Two year","72","21","Bank transfer (automatic)","Low/Medium Risk"
"5793-YOLJN","Female","Two year","55","21","Mailed check","Low/Medium Risk"
"3212-KXOCR","Male","Two year","52","21","Bank transfer (automatic)","Low/Medium Risk"
"6447-EGDIV","Female","One year","31","20.95","Mailed check","Low/Medium Risk"
"6728-WYQBC","Male","Month-to-month","1","20.95","Bank transfer (automatic)","Low/Medium Risk"
"4063-EIKNQ","Male","Month-to-month","11","20.95","Bank transfer (automatic)","Low/Medium Risk"
"5955-EPOAZ","Female","Month-to-month","6","20.95","Mailed check","Low/Medium Risk"
"6685-XSHHU","Male","Two year","60","20.95","Bank transfer (automatic)","Low/Medium Risk"
"3452-FLHYD","Male","One year","25","20.95","Bank transfer (automatic)","Low/Medium Risk"
"6923-AQONU","Male","Two year","23","20.9","Mailed check","Low/Medium Risk"
"5158-RIVOP","Female","Two year","11","20.9","Credit card (automatic)","Low/Medium Risk"
"8174-LNWMW","Female","Two year","31","20.9","Credit card (automatic)","Low/Medium Risk"
"6892-BOGQE","Female","Two year","71","20.9","Bank transfer (automatic)","Low/Medium Risk"
"3847-BAERP","Female","Month-to-month","10","20.9","Mailed check","Low/Medium Risk"
"9173-IVZVP","Female","Two year","53","20.9","Mailed check","Low/Medium Risk"
"7243-LCGGZ","Female","Month-to-month","1","20.9","Mailed check","Low/Medium Risk"
"9313-QOLTZ","Male","Month-to-month","26","20.9","Mailed check","Low/Medium Risk"
"2621-UDNLU","Female","Month-to-month","3","20.85","Mailed check","Low/Medium Risk"
"1843-TLSGD","Female","Two year","13","20.85","Mailed check","Low/Medium Risk"
"9030-QGZNL","Female","Two year","8","20.85","Mailed check","Low/Medium Risk"
"2958-NHPPS","Male","Month-to-month","23","20.85","Electronic check","Low/Medium Risk"
"6980-CDGFC","Female","One year","67","20.85","Bank transfer (automatic)","Low/Medium Risk"
"5324-KTGCG","Male","One year","71","20.85","Electronic check","Low/Medium Risk"
"4980-URKXC","Male","One year","36","20.85","Bank transfer (automatic)","Low/Medium Risk"
"9746-UGFAC","Female","One year","22","20.85","Bank transfer (automatic)","Low/Medium Risk"
"8908-SLFCJ","Female","Two year","21","20.85","Credit card (automatic)","Low/Medium Risk"
"7764-BDPEE","Male","Month-to-month","3","20.85","Mailed check","Low/Medium Risk"
"5266-PFRQK","Male","One year","52","20.85","Credit card (automatic)","Low/Medium Risk"
"7219-TLZHO","Female","Month-to-month","4","20.85","Mailed check","Low/Medium Risk"
"6619-RPLQZ","Female","Two year","45","20.85","Mailed check","Low/Medium Risk"
"3978-YNKDD","Male","Two year","19","20.85","Credit card (automatic)","Low/Medium Risk"
"4803-LBYPN","Male","Month-to-month","34","20.8","Mailed check","Low/Medium Risk"
"4013-GUXND","Male","Month-to-month","1","20.8","Mailed check","Low/Medium Risk"
"9084-OAYKL","Male","Two year","58","20.8","Mailed check","Low/Medium Risk"
"7558-IMLMT","Male","Two year","67","20.8","Mailed check","Low/Medium Risk"
"6527-PZFPV","Male","One year","24","20.8","Credit card (automatic)","Low/Medium Risk"
"1760-CAZHT","Male","Month-to-month","25","20.8","Mailed check","Low/Medium Risk"
"8544-JNBOX","Male","Two year","72","20.8","Mailed check","Low/Medium Risk"
"9867-JCZSP","Female","One year","17","20.75","Mailed check","Low/Medium Risk"
"1395-WSWXR","Male","Two year","24","20.75","Mailed check","Low/Medium Risk"
"8966-OIQHG","Female","One year","22","20.75","Bank transfer (automatic)","Low/Medium Risk"
"0463-WZZKO","Male","Month-to-month","3","20.75","Credit card (automatic)","Low/Medium Risk"
"0816-TSPHQ","Male","Month-to-month","2","20.75","Mailed check","Low/Medium Risk"
"8727-JQFHV","Male","Two year","57","20.75","Mailed check","Low/Medium Risk"
"2700-LUEVA","Male","Month-to-month","1","20.75","Credit card (automatic)","Low/Medium Risk"
"5372-FBKBN","Female","Month-to-month","21","20.75","Mailed check","Low/Medium Risk"
"5542-NKVRU","Female","Two year","42","20.75","Bank transfer (automatic)","Low/Medium Risk"
"9046-DQMTP","Male","Month-to-month","35","20.75","Bank transfer (automatic)","Low/Medium Risk"
"6625-FLENO","Male","Two year","58","20.75","Mailed check","Low/Medium Risk"
"9509-MPYOD","Female","One year","35","20.75","Mailed check","Low/Medium Risk"
"3645-DEYGF","Male","Month-to-month","1","20.75","Mailed check","Low/Medium Risk"
"6419-ZTTLE","Male","One year","23","20.75","Electronic check","Low/Medium Risk"
"4990-ALDGW","Male","Two year","57","20.75","Mailed check","Low/Medium Risk"
"3458-IDMFK","Male","Two year","25","20.75","Mailed check","Low/Medium Risk"
"0750-EKNGL","Male","Month-to-month","7","20.75","Mailed check","Low/Medium Risk"
"5006-MXVRN","Female","Two year","39","20.7","Credit card (automatic)","Low/Medium Risk"
"8430-TWCBX","Female","One year","49","20.7","Credit card (automatic)","Low/Medium Risk"
"1293-BSEUN","Female","Two year","72","20.7","Mailed check","Low/Medium Risk"
"1614-JBEBI","Female","Month-to-month","8","20.7","Mailed check","Low/Medium Risk"
"2928-HLDBA","Female","Month-to-month","6","20.7","Mailed check","Low/Medium Risk"
"7305-ZWMAJ","Male","One year","30","20.7","Credit card (automatic)","Low/Medium Risk"
"4878-BUNFV","Male","Two year","42","20.7","Mailed check","Low/Medium Risk"
"6394-HHHZM","Male","Month-to-month","3","20.7","Mailed check","Low/Medium Risk"
"8620-RJPZN","Female","Month-to-month","1","20.7","Electronic check","Low/Medium Risk"
"7976-CICYS","Male","Month-to-month","4","20.7","Credit card (automatic)","Low/Medium Risk"
"9367-OIUXP","Male","Month-to-month","4","20.7","Mailed check","Low/Medium Risk"
"3007-FDPEA","Female","Month-to-month","2","20.7","Bank transfer (automatic)","Low/Medium Risk"
"2545-LXYVJ","Male","Two year","72","20.7","Bank transfer (automatic)","Low/Medium Risk"
"0936-NQLJU","Female","Two year","41","20.65","Credit card (automatic)","Low/Medium Risk"
"8681-ICONS","Male","Month-to-month","29","20.65","Mailed check","Low/Medium Risk"
"9534-NSXEM","Male","One year","26","20.65","Credit card (automatic)","Low/Medium Risk"
"4933-IKULF","Female","One year","17","20.65","Mailed check","Low/Medium Risk"
"6490-FGZAT","Male","Month-to-month","6","20.65","Mailed check","Low/Medium Risk"
"2236-HILPA","Male","Two year","62","20.65","Credit card (automatic)","Low/Medium Risk"
"3750-YHRYO","Male","One year","7","20.65","Mailed check","Low/Medium Risk"
"2480-JZOSN","Female","Month-to-month","1","20.65","Mailed check","Low/Medium Risk"
"5088-QZLRL","Male","Month-to-month","1","20.65","Electronic check","Low/Medium Risk"
"8402-OOOHJ","Female","Two year","41","20.65","Mailed check","Low/Medium Risk"
"8191-XWSZG","Female","One year","52","20.65","Mailed check","Low/Medium Risk"
"4807-IZYOZ","Female","Two year","51","20.65","Bank transfer (automatic)","Low/Medium Risk"
"6223-DHJGV","Female","One year","42","20.65","Mailed check","Low/Medium Risk"
"3012-VFFMN","Female","Month-to-month","7","20.65","Mailed check","Low/Medium Risk"
"3675-EQOZA","Male","Month-to-month","5","20.65","Bank transfer (automatic)","Low/Medium Risk"
"0780-XNZFN","Male","Two year","57","20.65","Bank transfer (automatic)","Low/Medium Risk"
"1862-QRWPE","Female","Two year","48","20.65","Bank transfer (automatic)","Low/Medium Risk"
"2351-RRBUE","Female","One year","7","20.65","Mailed check","Low/Medium Risk"
"4092-OFQZS","Male","One year","20","20.65","Mailed check","Low/Medium Risk"
"1488-SYSFC","Male","Month-to-month","31","20.65","Electronic check","Low/Medium Risk"
"6016-LVTJQ","Female","Month-to-month","34","20.65","Mailed check","Low/Medium Risk"
"3530-CRZSB","Female","Month-to-month","7","20.65","Mailed check","Low/Medium Risk"
"9067-SQTNS","Male","One year","44","20.6","Bank transfer (automatic)","Low/Medium Risk"
"8838-GPHZP","Female","Two year","63","20.6","Mailed check","Low/Medium Risk"
"6563-VRERX","Male","One year","33","20.6","Mailed check","Low/Medium Risk"
"7435-ZNUYY","Male","One year","6","20.6","Mailed check","Low/Medium Risk"
"1038-RQOST","Male","Month-to-month","19","20.6","Mailed check","Low/Medium Risk"
"7205-BAIAD","Female","Two year","40","20.6","Bank transfer (automatic)","Low/Medium Risk"
"7407-SUJIZ","Male","Month-to-month","25","20.6","Mailed check","Low/Medium Risk"
"2907-ILJBN","Female","One year","11","20.6","Mailed check","Low/Medium Risk"
"8164-OCKUJ","Female","Two year","59","20.6","Mailed check","Low/Medium Risk"
"0787-LHDYT","Male","Month-to-month","16","20.6","Credit card (automatic)","Low/Medium Risk"
"8884-FEEWR","Male","One year","35","20.6","Bank transfer (automatic)","Low/Medium Risk"
"3976-NLDEZ","Male","Month-to-month","1","20.6","Mailed check","Low/Medium Risk"
"2525-GVKQU","Female","Two year","60","20.6","Mailed check","Low/Medium Risk"
"9392-XBGTD","Male","Two year","27","20.6","Mailed check","Low/Medium Risk"
"7717-BICXI","Male","Two year","60","20.55","Mailed check","Low/Medium Risk"
"9512-PHSMG","Female","Month-to-month","10","20.55","Mailed check","Low/Medium Risk"
"8763-KIAFH","Female","One year","27","20.55","Mailed check","Low/Medium Risk"
"5918-VUKWP","Female","One year","32","20.55","Bank transfer (automatic)","Low/Medium Risk"
"9620-QJREV","Male","One year","47","20.55","Credit card (automatic)","Low/Medium Risk"
"6340-DACFT","Female","Two year","50","20.55","Credit card (automatic)","Low/Medium Risk"
"6855-VLGOS","Male","Two year","72","20.55","Electronic check","Low/Medium Risk"
"9708-KFDBY","Male","Month-to-month","1","20.55","Credit card (automatic)","Low/Medium Risk"
"6942-LBFDP","Female","Month-to-month","2","20.55","Mailed check","Low/Medium Risk"
"8434-VGEQQ","Male","Two year","61","20.55","Credit card (automatic)","Low/Medium Risk"
"2690-DVRVK","Male","One year","5","20.55","Electronic check","Low/Medium Risk"
"7493-GVFIO","Male","Two year","57","20.55","Credit card (automatic)","Low/Medium Risk"
"0422-OHQHQ","Female","One year","15","20.55","Mailed check","Low/Medium Risk"
"3712-PKXZA","Male","One year","61","20.55","Credit card (automatic)","Low/Medium Risk"
"1784-BXEFA","Female","Month-to-month","10","20.55","Mailed check","Low/Medium Risk"
"5176-LMJXE","Female","Two year","47","20.55","Mailed check","Low/Medium Risk"
"1215-EXRMO","Male","Two year","50","20.55","Mailed check","Low/Medium Risk"
"0052-YNYOT","Female","One year","67","20.55","Electronic check","Low/Medium Risk"
"1925-GMVBW","Female","Month-to-month","5","20.55","Credit card (automatic)","Low/Medium Risk"
"6924-TDGMT","Male","One year","11","20.55","Mailed check","Low/Medium Risk"
"8963-MQVYN","Female","Month-to-month","22","20.55","Electronic check","Low/Medium Risk"
"5808-TOTXO","Female","One year","3","20.55","Credit card (automatic)","Low/Medium Risk"
"4302-ZYFEL","Male","One year","69","20.55","Credit card (automatic)","Low/Medium Risk"
"2804-ETQDK","Male","Two year","66","20.55","Mailed check","Low/Medium Risk"
"0397-ZXWQF","Male","Two year","67","20.5","Bank transfer (automatic)","Low/Medium Risk"
"9639-BUJXT","Male","One year","63","20.5","Mailed check","Low/Medium Risk"
"1927-QEWMY","Female","Two year","72","20.5","Credit card (automatic)","Low/Medium Risk"
"5857-XRECV","Female","One year","2","20.5","Bank transfer (automatic)","Low/Medium Risk"
"6169-PPETC","Male","Two year","35","20.5","Bank transfer (automatic)","Low/Medium Risk"
"6476-EPYZR","Male","Month-to-month","12","20.5","Mailed check","Low/Medium Risk"
"8746-BFOAJ","Male","One year","21","20.5","Bank transfer (automatic)","Low/Medium Risk"
"6231-WFGFH","Male","Month-to-month","4","20.5","Mailed check","Low/Medium Risk"
"1866-ZSLJM","Male","Month-to-month","21","20.5","Credit card (automatic)","Low/Medium Risk"
"4378-BZYFP","Male","One year","17","20.5","Mailed check","Low/Medium Risk"
"2346-LOCWC","Female","Two year","58","20.5","Credit card (automatic)","Low/Medium Risk"
"2400-FEQME","Male","Two year","55","20.5","Mailed check","Low/Medium Risk"
"7321-KKSDU","Male","Two year","32","20.5","Mailed check","Low/Medium Risk"
"0536-BGFMZ","Female","Month-to-month","28","20.5","Mailed check","Low/Medium Risk"
"8229-BUJHX","Female","Two year","71","20.5","Bank transfer (automatic)","Low/Medium Risk"
"9753-OYLBX","Female","Month-to-month","1","20.5","Mailed check","Low/Medium Risk"
"6696-YDAYZ","Male","Two year","16","20.5","Mailed check","Low/Medium Risk"
"3154-HMWUU","Male","Two year","60","20.5","Bank transfer (automatic)","Low/Medium Risk"
"2732-ISEZX","Female","Month-to-month","5","20.5","Mailed check","Low/Medium Risk"
"3662-FXJFO","Female","Two year","54","20.5","Mailed check","Low/Medium Risk"
"2792-VPPET","Male","Month-to-month","3","20.5","Electronic check","Low/Medium Risk"
"0129-QMPDR","Male","One year","44","20.5","Bank transfer (automatic)","Low/Medium Risk"
"1635-HDGFT","Female","Two year","19","20.5","Mailed check","Low/Medium Risk"
"8189-DUKMV","Female","One year","4","20.5","Bank transfer (automatic)","Low/Medium Risk"
"7695-PKLCZ","Female","Two year","68","20.5","Credit card (automatic)","Low/Medium Risk"
"1385-TQOZW","Female","Month-to-month","9","20.45","Credit card (automatic)","Low/Medium Risk"
"7998-ZLXWN","Female","Month-to-month","15","20.45","Credit card (automatic)","Low/Medium Risk"
"4623-ZKHLY","Male","Month-to-month","22","20.45","Bank transfer (automatic)","Low/Medium Risk"
"7268-WNTCP","Male","Two year","62","20.45","Bank transfer (automatic)","Low/Medium Risk"
"5124-EOGYE","Male","Two year","31","20.45","Mailed check","Low/Medium Risk"
"1306-RPWXZ","Female","Two year","49","20.45","Credit card (automatic)","Low/Medium Risk"
"3752-CQSJI","Female","Month-to-month","13","20.45","Mailed check","Low/Medium Risk"
"0048-PIHNL","Female","One year","49","20.45","Bank transfer (automatic)","Low/Medium Risk"
"5774-XZTQC","Female","Month-to-month","7","20.45","Mailed check","Low/Medium Risk"
"3717-FDJFU","Male","Two year","5","20.45","Mailed check","Low/Medium Risk"
"8559-WNQZS","Male","Two year","1","20.45","Mailed check","Low/Medium Risk"
"2668-TZSPS","Male","Month-to-month","1","20.45","Mailed check","Low/Medium Risk"
"7010-ZMVBF","Female","Month-to-month","18","20.45","Mailed check","Low/Medium Risk"
"3724-BSCVH","Male","One year","10","20.45","Mailed check","Low/Medium Risk"
"8262-COGGB","Male","Month-to-month","1","20.45","Mailed check","Low/Medium Risk"
"7140-ADSMJ","Male","Month-to-month","8","20.45","Credit card (automatic)","Low/Medium Risk"
"4884-LEVMQ","Male","Two year","39","20.45","Bank transfer (automatic)","Low/Medium Risk"
"3594-IVHJZ","Female","Month-to-month","2","20.45","Mailed check","Low/Medium Risk"
"8942-DBMHZ","Male","Month-to-month","12","20.45","Mailed check","Low/Medium Risk"
"6961-MJKBO","Male","Two year","47","20.45","Bank transfer (automatic)","Low/Medium Risk"
"0673-IGUQO","Male","Month-to-month","1","20.45","Mailed check","Low/Medium Risk"
"5996-DAOQL","Male","Month-to-month","1","20.45","Mailed check","Low/Medium Risk"
"6870-ECSHE","Female","One year","2","20.45","Mailed check","Low/Medium Risk"
"9184-GALIL","Female","Month-to-month","38","20.45","Mailed check","Low/Medium Risk"
"7244-KXYZN","Female","One year","24","20.45","Credit card (automatic)","Low/Medium Risk"
"8701-DGLVH","Male","Two year","51","20.45","Mailed check","Low/Medium Risk"
"5546-BYZSM","Female","Month-to-month","41","20.45","Electronic check","Low/Medium Risk"
"7706-DZNKK","Male","Month-to-month","11","20.45","Credit card (automatic)","Low/Medium Risk"
"7266-GSSJX","Male","Month-to-month","11","20.45","Electronic check","Low/Medium Risk"
"1682-VCOIO","Male","One year","23","20.45","Mailed check","Low/Medium Risk"
"9618-LFJRU","Female","Month-to-month","4","20.45","Credit card (automatic)","Low/Medium Risk"
"2495-TTHBQ","Female","One year","4","20.4","Mailed check","Low/Medium Risk"
"0731-EBJQB","Female","One year","52","20.4","Electronic check","Low/Medium Risk"
"1159-WFSGR","Female","Month-to-month","16","20.4","Electronic check","Low/Medium Risk"
"6579-JPICP","Male","Month-to-month","1","20.4","Mailed check","Low/Medium Risk"
"3070-FNFZQ","Female","Two year","23","20.4","Bank transfer (automatic)","Low/Medium Risk"
"6772-WFQRD","Male","One year","40","20.4","Bank transfer (automatic)","Low/Medium Risk"
"4486-EFAEB","Male","Month-to-month","13","20.4","Electronic check","Low/Medium Risk"
"6248-BSHKG","Male","One year","61","20.4","Mailed check","Low/Medium Risk"
"1539-LNKHM","Female","Month-to-month","12","20.4","Mailed check","Low/Medium Risk"
"1245-HARPS","Female","Two year","14","20.4","Mailed check","Low/Medium Risk"
"1087-GRUYI","Male","Two year","38","20.4","Bank transfer (automatic)","Low/Medium Risk"
"1222-KJNZD","Male","Month-to-month","40","20.4","Bank transfer (automatic)","Low/Medium Risk"
"9770-LXDBK","Female","Month-to-month","3","20.4","Mailed check","Low/Medium Risk"
"3594-BDSOA","Female","One year","24","20.4","Credit card (automatic)","Low/Medium Risk"
"3727-JEZTU","Female","Month-to-month","1","20.4","Mailed check","Low/Medium Risk"
"9929-PLVPA","Female","Month-to-month","4","20.4","Credit card (automatic)","Low/Medium Risk"
"6265-FRMTQ","Male","Two year","31","20.4","Bank transfer (automatic)","Low/Medium Risk"
"2239-CFOUJ","Male","One year","1","20.4","Mailed check","Low/Medium Risk"
"1790-NESIO","Female","Two year","13","20.4","Mailed check","Low/Medium Risk"
"4625-LAMOB","Male","Two year","44","20.4","Credit card (automatic)","Low/Medium Risk"
"4568-TTZRT","Male","Month-to-month","9","20.4","Mailed check","Low/Medium Risk"
"2410-CIYFZ","Male","Month-to-month","2","20.4","Mailed check","Low/Medium Risk"
"8735-NBLWT","Male","Month-to-month","9","20.4","Mailed check","Low/Medium Risk"
"0374-FIUCA","Male","Two year","65","20.4","Credit card (automatic)","Low/Medium Risk"
"7817-OMJNA","Male","One year","14","20.4","Bank transfer (automatic)","Low/Medium Risk"
"6698-OXETB","Male","Two year","11","20.4","Mailed check","Low/Medium Risk"
"2030-BTZRO","Male","Two year","6","20.4","Credit card (automatic)","Low/Medium Risk"
"0040-HALCW","Male","Two year","54","20.4","Credit card (automatic)","Low/Medium Risk"
"2739-CCZMB","Male","Month-to-month","5","20.35","Credit card (automatic)","Low/Medium Risk"
"1099-GODLO","Female","Two year","1","20.35","Mailed check","Low/Medium Risk"
"7813-TKCVO","Female","One year","20","20.35","Mailed check","Low/Medium Risk"
"1074-WVEVG","Female","One year","59","20.35","Mailed check","Low/Medium Risk"
"2592-YKDIF","Female","Month-to-month","1","20.35","Mailed check","Low/Medium Risk"
"5242-UOWHD","Male","Two year","45","20.35","Mailed check","Low/Medium Risk"
"5774-QPLTF","Male","One year","50","20.35","Mailed check","Low/Medium Risk"
"3590-TCXTB","Male","Month-to-month","1","20.35","Mailed check","Low/Medium Risk"
"0519-DRGTI","Female","Month-to-month","20","20.35","Mailed check","Low/Medium Risk"
"7647-GYYKX","Female","Two year","54","20.35","Bank transfer (automatic)","Low/Medium Risk"
"2346-CZYIL","Male","Two year","27","20.35","Credit card (automatic)","Low/Medium Risk"
"4634-JLRJT","Female","Month-to-month","1","20.35","Mailed check","Low/Medium Risk"
"6671-NGWON","Female","Month-to-month","7","20.35","Mailed check","Low/Medium Risk"
"1763-KUAAW","Female","One year","18","20.35","Bank transfer (automatic)","Low/Medium Risk"
"8859-DZTGQ","Male","Two year","33","20.35","Mailed check","Low/Medium Risk"
"8512-WIWYV","Male","One year","32","20.35","Credit card (automatic)","Low/Medium Risk"
"1872-EBWSC","Female","One year","29","20.35","Mailed check","Low/Medium Risk"
"5562-YJQGT","Female","Month-to-month","2","20.35","Credit card (automatic)","Low/Medium Risk"
"8739-QOTTN","Female","Month-to-month","2","20.35","Mailed check","Low/Medium Risk"
"5003-OKNNK","Female","One year","15","20.35","Credit card (automatic)","Low/Medium Risk"
"1850-AKQEP","Male","Month-to-month","8","20.35","Mailed check","Low/Medium Risk"
"6585-WCEWR","Male","Two year","72","20.35","Electronic check","Low/Medium Risk"
"7665-VIGUD","Male","One year","10","20.35","Mailed check","Low/Medium Risk"
"9818-XQCUV","Female","Month-to-month","2","20.35","Mailed check","Low/Medium Risk"
"5057-RKGLH","Female","Two year","9","20.35","Mailed check","Low/Medium Risk"
"4957-SREEC","Male","Two year","70","20.35","Credit card (automatic)","Low/Medium Risk"
"2085-JVGAD","Male","Month-to-month","37","20.35","Bank transfer (automatic)","Low/Medium Risk"
"6621-YOBKI","Male","Month-to-month","5","20.35","Mailed check","Low/Medium Risk"
"7073-QETQY","Male","One year","66","20.35","Electronic check","Low/Medium Risk"
"1930-BZLHI","Male","One year","21","20.35","Mailed check","Low/Medium Risk"
"3982-JGSFD","Male","One year","36","20.35","Credit card (automatic)","Low/Medium Risk"
"9932-WBWIK","Male","Month-to-month","11","20.35","Mailed check","Low/Medium Risk"
"1085-LDWAM","Female","One year","69","20.35","Credit card (automatic)","Low/Medium Risk"
"9860-LISIZ","Female","Month-to-month","34","20.35","Mailed check","Low/Medium Risk"
"1552-TKMXS","Female","Month-to-month","42","20.35","Credit card (automatic)","Low/Medium Risk"
"5567-GZKQY","Male","Two year","58","20.3","Credit card (automatic)","Low/Medium Risk"
"7814-LEEVE","Female","Month-to-month","1","20.3","Bank transfer (automatic)","Low/Medium Risk"
"5177-RVZNU","Female","One year","37","20.3","Bank transfer (automatic)","Low/Medium Risk"
"7515-LODFU","Male","Two year","69","20.3","Credit card (automatic)","Low/Medium Risk"
"8380-MQINP","Female","Two year","55","20.3","Mailed check","Low/Medium Risk"
"3125-RAHBV","Male","One year","22","20.3","Credit card (automatic)","Low/Medium Risk"
"9122-UMROB","Male","Month-to-month","1","20.3","Mailed check","Low/Medium Risk"
"3457-PQBYH","Female","Two year","58","20.3","Credit card (automatic)","Low/Medium Risk"
"0516-QREYC","Female","Month-to-month","24","20.3","Mailed check","Low/Medium Risk"
"6838-HVLXG","Female","Month-to-month","12","20.3","Mailed check","Low/Medium Risk"
"1755-RMCXH","Male","Month-to-month","2","20.3","Mailed check","Low/Medium Risk"
"0064-SUDOG","Female","Two year","12","20.3","Bank transfer (automatic)","Low/Medium Risk"
"5214-CHIWJ","Male","One year","27","20.3","Mailed check","Low/Medium Risk"
"0962-CQPWQ","Female","Two year","62","20.3","Bank transfer (automatic)","Low/Medium Risk"
"8610-ZIKJJ","Female","One year","2","20.3","Mailed check","Low/Medium Risk"
"0142-GVYSN","Male","Month-to-month","26","20.3","Electronic check","Low/Medium Risk"
"2342-CKIAO","Female","Month-to-month","2","20.3","Mailed check","Low/Medium Risk"
"9256-JTBNZ","Female","Month-to-month","11","20.3","Bank transfer (automatic)","Low/Medium Risk"
"2676-ISHSF","Male","Month-to-month","1","20.3","Mailed check","Low/Medium Risk"
"8204-TIFGJ","Female","Month-to-month","23","20.3","Bank transfer (automatic)","Low/Medium Risk"
"5847-MXBEO","Male","One year","22","20.3","Mailed check","Low/Medium Risk"
"3090-QFUVD","Female","Month-to-month","1","20.3","Credit card (automatic)","Low/Medium Risk"
"6131-JLWZM","Female","Month-to-month","13","20.3","Mailed check","Low/Medium Risk"
"8590-OHDIW","Female","One year","38","20.3","Mailed check","Low/Medium Risk"
"0794-YVSGE","Male","Two year","72","20.3","Bank transfer (automatic)","Low/Medium Risk"
"9950-MTGYX","Male","Two year","28","20.3","Credit card (automatic)","Low/Medium Risk"
"0582-AVCLN","Female","Two year","38","20.3","Mailed check","Low/Medium Risk"
"4825-FUREZ","Male","Two year","42","20.25","Electronic check","Low/Medium Risk"
"5868-YTYKS","Male","Month-to-month","1","20.25","Mailed check","Low/Medium Risk"
"2371-JUNGC","Male","Month-to-month","11","20.25","Mailed check","Low/Medium Risk"
"5345-BMKWB","Male","Month-to-month","8","20.25","Mailed check","Low/Medium Risk"
"0704-VCUMB","Female","Two year","61","20.25","Credit card (automatic)","Low/Medium Risk"
"9081-WWXKP","Female","Two year","47","20.25","Credit card (automatic)","Low/Medium Risk"
"3195-TQDZX","Male","Month-to-month","3","20.25","Electronic check","Low/Medium Risk"
"8388-DMKAE","Female","Two year","8","20.25","Mailed check","Low/Medium Risk"
"6278-FEPBZ","Female","Month-to-month","9","20.25","Mailed check","Low/Medium Risk"
"6188-UXBBR","Female","One year","38","20.25","Credit card (automatic)","Low/Medium Risk"
"4732-RRJZC","Male","Month-to-month","7","20.25","Mailed check","Low/Medium Risk"
"7353-YOWFP","Female","One year","7","20.25","Mailed check","Low/Medium Risk"
"6072-NUQCB","Male","One year","22","20.25","Bank transfer (automatic)","Low/Medium Risk"
"4393-OBCRR","Female","One year","3","20.25","Mailed check","Low/Medium Risk"
"3190-ITQXP","Female","Two year","46","20.25","Bank transfer (automatic)","Low/Medium Risk"
"5067-DGXLL","Male","Month-to-month","2","20.25","Mailed check","Low/Medium Risk"
"7083-MIOPC","Female","Two year","72","20.25","Credit card (automatic)","Low/Medium Risk"
"1834-WULEG","Male","One year","24","20.25","Mailed check","Low/Medium Risk"
"0670-KDOMA","Female","Month-to-month","1","20.25","Mailed check","Low/Medium Risk"
"4054-CUMIA","Female","Month-to-month","18","20.25","Mailed check","Low/Medium Risk"
"7596-IIWYC","Female","Two year","27","20.25","Bank transfer (automatic)","Low/Medium Risk"
"0932-YIXYU","Female","Two year","47","20.25","Credit card (automatic)","Low/Medium Risk"
"8203-XJZRC","Male","Month-to-month","1","20.25","Mailed check","Low/Medium Risk"
"5924-SNGKP","Female","One year","41","20.25","Credit card (automatic)","Low/Medium Risk"
"4797-MIWUM","Male","Month-to-month","7","20.25","Bank transfer (automatic)","Low/Medium Risk"
"2642-MAWLJ","Female","Two year","36","20.25","Bank transfer (automatic)","Low/Medium Risk"
"4203-QGNZA","Female","Month-to-month","28","20.25","Mailed check","Low/Medium Risk"
"5260-UMPWX","Female","Month-to-month","26","20.25","Credit card (automatic)","Low/Medium Risk"
"2081-KJSQF","Male","Month-to-month","1","20.25","Mailed check","Low/Medium Risk"
"4518-FZBSX","Male","One year","42","20.25","Mailed check","Low/Medium Risk"
"2439-QKJUL","Male","Month-to-month","5","20.25","Mailed check","Low/Medium Risk"
"4537-CIBHB","Female","One year","9","20.25","Mailed check","Low/Medium Risk"
"9504-YAZWB","Female","Two year","53","20.25","Mailed check","Low/Medium Risk"
"1178-PZGAB","Female","One year","19","20.25","Credit card (automatic)","Low/Medium Risk"
"3774-VBNXY","Female","Two year","64","20.2","Mailed check","Low/Medium Risk"
"1641-BYBTK","Male","Month-to-month","6","20.2","Mailed check","Low/Medium Risk"
"4804-NCPET","Male","Two year","19","20.2","Mailed check","Low/Medium Risk"
"3247-MHJKM","Male","Month-to-month","1","20.2","Mailed check","Low/Medium Risk"
"8577-QSOCG","Female","Two year","38","20.2","Mailed check","Low/Medium Risk"
"0506-YLVKJ","Male","Two year","46","20.2","Mailed check","Low/Medium Risk"
"1722-LDZJS","Male","One year","53","20.2","Credit card (automatic)","Low/Medium Risk"
"3039-MJSLN","Male","Month-to-month","3","20.2","Bank transfer (automatic)","Low/Medium Risk"
"2384-OVPSA","Female","Two year","38","20.2","Mailed check","Low/Medium Risk"
"3744-ZBHON","Female","Month-to-month","3","20.2","Electronic check","Low/Medium Risk"
"9805-FILKB","Male","One year","46","20.2","Bank transfer (automatic)","Low/Medium Risk"
"5039-LZRQT","Female","One year","13","20.2","Mailed check","Low/Medium Risk"
"7033-CLAMM","Female","Two year","48","20.2","Bank transfer (automatic)","Low/Medium Risk"
"6131-IUNXN","Female","Month-to-month","19","20.2","Mailed check","Low/Medium Risk"
"9621-OUPYD","Female","One year","25","20.2","Bank transfer (automatic)","Low/Medium Risk"
"8048-DSDFQ","Male","Month-to-month","1","20.2","Mailed check","Low/Medium Risk"
"4697-LUPSU","Male","One year","2","20.2","Mailed check","Low/Medium Risk"
"2926-JEJJC","Female","One year","8","20.2","Bank transfer (automatic)","Low/Medium Risk"
"0625-AFOHS","Female","Two year","29","20.2","Mailed check","Low/Medium Risk"
"7310-EGVHZ","Male","Month-to-month","1","20.2","Bank transfer (automatic)","Low/Medium Risk"
"5850-BDWCY","Female","Month-to-month","6","20.2","Mailed check","Low/Medium Risk"
"1955-IBMMB","Male","Two year","59","20.2","Bank transfer (automatic)","Low/Medium Risk"
"3345-JHUEO","Male","Month-to-month","4","20.2","Electronic check","Low/Medium Risk"
"7815-PDTHL","Male","Two year","35","20.2","Mailed check","Low/Medium Risk"
"9294-TDIPC","Male","Month-to-month","5","20.2","Mailed check","Low/Medium Risk"
"6469-MRVET","Male","One year","1","20.2","Electronic check","Low/Medium Risk"
"0902-XKXPN","Male","Two year","69","20.2","Bank transfer (automatic)","Low/Medium Risk"
"6380-ARCEH","Male","Month-to-month","1","20.2","Mailed check","Low/Medium Risk"
"6980-IMXXE","Female","Two year","69","20.2","Bank transfer (automatic)","Low/Medium Risk"
"7673-BQGKU","Female","Two year","69","20.15","Bank transfer (automatic)","Low/Medium Risk"
"6469-QJKZW","Female","Month-to-month","4","20.15","Electronic check","Low/Medium Risk"
"7787-BNTZM","Male","Month-to-month","6","20.15","Bank transfer (automatic)","Low/Medium Risk"
"9068-FHQHD","Female","Two year","40","20.15","Bank transfer (automatic)","Low/Medium Risk"
"4361-FEBGN","Male","Two year","48","20.15","Credit card (automatic)","Low/Medium Risk"
"4735-BJKOU","Female","Two year","40","20.15","Mailed check","Low/Medium Risk"
"9602-WCXPI","Male","One year","50","20.15","Credit card (automatic)","Low/Medium Risk"
"6648-INWPS","Male","Month-to-month","16","20.15","Electronic check","Low/Medium Risk"
"4018-KJYUY","Male","Month-to-month","22","20.15","Credit card (automatic)","Low/Medium Risk"
"5902-WBLSE","Female","Two year","70","20.15","Credit card (automatic)","Low/Medium Risk"
"8974-OVACP","Female","Month-to-month","1","20.15","Mailed check","Low/Medium Risk"
"0318-ZOPWS","Female","Two year","49","20.15","Bank transfer (automatic)","Low/Medium Risk"
"0224-NIJLP","Male","Two year","8","20.15","Mailed check","Low/Medium Risk"
"5712-VBOXD","Female","Month-to-month","4","20.15","Credit card (automatic)","Low/Medium Risk"
"9710-NJERN","Female","Two year","39","20.15","Mailed check","Low/Medium Risk"
"8631-XVRZL","Male","One year","9","20.15","Mailed check","Low/Medium Risk"
"5505-OVWQW","Female","One year","17","20.15","Mailed check","Low/Medium Risk"
"7137-NAXML","Male","One year","23","20.15","Bank transfer (automatic)","Low/Medium Risk"
"3170-NMYVV","Female","Two year","50","20.15","Bank transfer (automatic)","Low/Medium Risk"
"8957-THMOA","Female","Two year","50","20.15","Credit card (automatic)","Low/Medium Risk"
"5529-GIBVH","Female","Two year","47","20.15","Mailed check","Low/Medium Risk"
"3778-FOAQW","Female","One year","24","20.15","Mailed check","Low/Medium Risk"
"8999-EXMNO","Female","Two year","19","20.15","Mailed check","Low/Medium Risk"
"3977-QCRSL","Female","Month-to-month","5","20.15","Mailed check","Low/Medium Risk"
"6000-UKLWI","Male","Two year","41","20.15","Mailed check","Low/Medium Risk"
"2749-CTKAJ","Male","One year","22","20.15","Mailed check","Low/Medium Risk"
"5777-ZPQNC","Female","One year","12","20.15","Electronic check","Low/Medium Risk"
"4397-FRLTA","Female","Month-to-month","4","20.15","Mailed check","Low/Medium Risk"
"5519-TEEUH","Male","One year","33","20.15","Mailed check","Low/Medium Risk"
"2791-SFVEW","Female","Month-to-month","9","20.15","Bank transfer (automatic)","Low/Medium Risk"
"8327-WKMIE","Male","One year","37","20.15","Credit card (automatic)","Low/Medium Risk"
"4781-ZXYGU","Male","Month-to-month","1","20.15","Bank transfer (automatic)","Low/Medium Risk"
"2120-SMPEX","Male","Month-to-month","25","20.15","Mailed check","Low/Medium Risk"
"1494-EJZDW","Female","Two year","10","20.15","Mailed check","Low/Medium Risk"
"5474-LAMUQ","Male","One year","24","20.1","Mailed check","Low/Medium Risk"
"0264-CNITK","Female","Two year","71","20.1","Bank transfer (automatic)","Low/Medium Risk"
"1934-MKPXS","Male","One year","33","20.1","Credit card (automatic)","Low/Medium Risk"
"7777-UNYHB","Female","Month-to-month","12","20.1","Credit card (automatic)","Low/Medium Risk"
"8006-PYCSW","Female","Month-to-month","2","20.1","Mailed check","Low/Medium Risk"
"5627-TVBPP","Female","One year","35","20.1","Credit card (automatic)","Low/Medium Risk"
"0829-DDVLK","Female","One year","15","20.1","Credit card (automatic)","Low/Medium Risk"
"0902-RFHOF","Male","One year","38","20.1","Mailed check","Low/Medium Risk"
"0464-WJTKO","Female","Two year","72","20.1","Bank transfer (automatic)","Low/Medium Risk"
"9257-AZMTZ","Female","Two year","52","20.1","Bank transfer (automatic)","Low/Medium Risk"
"2150-OEGBV","Male","One year","27","20.1","Bank transfer (automatic)","Low/Medium Risk"
"9483-GCPWE","Male","One year","9","20.1","Mailed check","Low/Medium Risk"
"1403-LKLIK","Female","One year","33","20.1","Mailed check","Low/Medium Risk"
"5845-BZZIB","Male","Two year","35","20.1","Mailed check","Low/Medium Risk"
"2228-BZDEE","Female","Two year","54","20.1","Mailed check","Low/Medium Risk"
"1776-SPBWV","Female","One year","34","20.1","Bank transfer (automatic)","Low/Medium Risk"
"2587-YNLES","Female","Two year","6","20.1","Mailed check","Low/Medium Risk"
"9367-TCUYN","Female","Month-to-month","12","20.1","Mailed check","Low/Medium Risk"
"4616-EWBNJ","Female","One year","16","20.1","Bank transfer (automatic)","Low/Medium Risk"
"7328-OWMOM","Female","One year","31","20.1","Credit card (automatic)","Low/Medium Risk"
"8752-IMQOS","Male","One year","5","20.1","Mailed check","Low/Medium Risk"
"1133-KXCGE","Female","One year","18","20.1","Mailed check","Low/Medium Risk"
"0508-SQWPL","Female","Two year","57","20.1","Bank transfer (automatic)","Low/Medium Risk"
"5296-BFCYD","Male","Two year","46","20.1","Mailed check","Low/Medium Risk"
"4821-WQOYN","Female","Two year","72","20.1","Credit card (automatic)","Low/Medium Risk"
"7017-VFULY","Female","Month-to-month","2","20.1","Bank transfer (automatic)","Low/Medium Risk"
"2387-KDZQY","Male","One year","17","20.1","Mailed check","Low/Medium Risk"
"3769-MHZNV","Female","Two year","33","20.1","Mailed check","Low/Medium Risk"
"7267-FRMJW","Female","Two year","25","20.1","Mailed check","Low/Medium Risk"
"1328-EUZHC","Female","Two year","18","20.1","Mailed check","Low/Medium Risk"
"3243-ZHOHY","Female","One year","16","20.1","Mailed check","Low/Medium Risk"
"8499-BRXTD","Male","One year","18","20.1","Mailed check","Low/Medium Risk"
"1952-DVVSW","Female","One year","10","20.1","Mailed check","Low/Medium Risk"
"1855-CFULU","Female","Month-to-month","4","20.05","Mailed check","Low/Medium Risk"
"1167-OYZJF","Female","Two year","67","20.05","Bank transfer (automatic)","Low/Medium Risk"
"1336-EZFZY","Female","Month-to-month","4","20.05","Mailed check","Low/Medium Risk"
"6139-ZZRBQ","Male","Two year","64","20.05","Bank transfer (automatic)","Low/Medium Risk"
"8902-ZEOVF","Male","One year","47","20.05","Mailed check","Low/Medium Risk"
"4359-INNWN","Female","One year","17","20.05","Credit card (automatic)","Low/Medium Risk"
"1223-UNPKS","Male","Two year","20","20.05","Mailed check","Low/Medium Risk"
"3239-TPHPZ","Female","Two year","12","20.05","Electronic check","Low/Medium Risk"
"5849-ASHZJ","Male","One year","27","20.05","Credit card (automatic)","Low/Medium Risk"
"5380-XPJNZ","Female","One year","38","20.05","Mailed check","Low/Medium Risk"
"8129-GMVGI","Female","Two year","56","20.05","Mailed check","Low/Medium Risk"
"0188-GWFLE","Male","Month-to-month","2","20.05","Mailed check","Low/Medium Risk"
"2300-RQGOI","Female","Two year","38","20.05","Mailed check","Low/Medium Risk"
"3635-QQRQD","Male","Two year","62","20.05","Credit card (automatic)","Low/Medium Risk"
"2333-KWEWW","Male","Two year","18","20.05","Credit card (automatic)","Low/Medium Risk"
"6551-VLJMV","Male","Two year","34","20.05","Credit card (automatic)","Low/Medium Risk"
"7096-UCLNH","Male","Month-to-month","1","20.05","Mailed check","Low/Medium Risk"
"1757-TCATG","Male","One year","35","20.05","Bank transfer (automatic)","Low/Medium Risk"
"5919-VCZYM","Male","Month-to-month","2","20.05","Mailed check","Low/Medium Risk"
"7064-JHXCE","Male","Two year","62","20.05","Credit card (automatic)","Low/Medium Risk"
"7874-ECPQJ","Female","Month-to-month","4","20.05","Bank transfer (automatic)","Low/Medium Risk"
"6147-CBCRA","Female","Month-to-month","33","20.05","Mailed check","Low/Medium Risk"
"8749-CLJXC","Male","Month-to-month","1","20.05","Mailed check","Low/Medium Risk"
"8387-UGUSU","Female","Month-to-month","15","20.05","Mailed check","Low/Medium Risk"
"9867-NNXLC","Female","Month-to-month","22","20.05","Mailed check","Low/Medium Risk"
"5848-FHRFC","Female","Two year","68","20.05","Bank transfer (automatic)","Low/Medium Risk"
"8540-ZQGEA","Female","Two year","54","20.05","Credit card (automatic)","Low/Medium Risk"
"7094-MSZAO","Male","Month-to-month","10","20.05","Credit card (automatic)","Low/Medium Risk"
"0442-TDYUO","Male","Two year","48","20.05","Mailed check","Low/Medium Risk"
"7634-HLQJR","Female","Two year","47","20.05","Credit card (automatic)","Low/Medium Risk"
"2812-REYAT","Female","One year","49","20.05","Bank transfer (automatic)","Low/Medium Risk"
"2812-SFXMJ","Male","Month-to-month","1","20.05","Mailed check","Low/Medium Risk"
"7542-CYDDM","Male","Month-to-month","18","20.05","Mailed check","Low/Medium Risk"
"7463-IFMQU","Female","Two year","72","20.05","Bank transfer (automatic)","Low/Medium Risk"
"6725-TPKJO","Male","Two year","44","20.05","Mailed check","Low/Medium Risk"
"9962-BFPDU","Female","Month-to-month","1","20.05","Mailed check","Low/Medium Risk"
"2717-HVIZY","Female","Month-to-month","8","20.05","Mailed check","Low/Medium Risk"
"3407-QGWLG","Male","Month-to-month","3","20.05","Mailed check","Low/Medium Risk"
"0301-KOBTQ","Male","Two year","32","20.05","Bank transfer (automatic)","Low/Medium Risk"
"6100-FJZDG","Male","One year","26","20.05","Bank transfer (automatic)","Low/Medium Risk"
"0859-YGKFW","Male","One year","18","20.05","Bank transfer (automatic)","Low/Medium Risk"
"5993-BQHEA","Male","One year","12","20.05","Credit card (automatic)","Low/Medium Risk"
"4661-NJEUX","Male","Month-to-month","1","20.05","Mailed check","Low/Medium Risk"
"2159-TURXX","Male","Month-to-month","5","20.05","Credit card (automatic)","Low/Medium Risk"
"4785-NKHCX","Male","Month-to-month","5","20.05","Bank transfer (automatic)","Low/Medium Risk"
"8317-BVKSO","Male","Month-to-month","14","20.05","Electronic check","Low/Medium Risk"
"7632-YUTXB","Female","One year","25","20.05","Mailed check","Low/Medium Risk"
"2682-KEVRP","Female","One year","22","20.05","Mailed check","Low/Medium Risk"
"2164-SOQXL","Female","Month-to-month","20","20.05","Mailed check","Low/Medium Risk"
"3030-ZKIWL","Male","Month-to-month","1","20.05","Mailed check","Low/Medium Risk"
"2068-WWXQZ","Male","Two year","46","20.05","Bank transfer (automatic)","Low/Medium Risk"
"1403-GYAFU","Male","Two year","70","20.05","Credit card (automatic)","Low/Medium Risk"
"7531-GQHME","Male","Month-to-month","12","20.05","Credit card (automatic)","Low/Medium Risk"
"9442-JTWDL","Female","One year","11","20.05","Credit card (automatic)","Low/Medium Risk"
"5876-QMYLD","Female","One year","23","20.05","Mailed check","Low/Medium Risk"
"4291-YZODP","Female","One year","7","20.05","Mailed check","Low/Medium Risk"
"0357-NVCRI","Female","Month-to-month","25","20.05","Credit card (automatic)","Low/Medium Risk"
"0871-OPBXW","Female","Month-to-month","2","20.05","Mailed check","Low/Medium Risk"
"2393-DIVAI","Female","Month-to-month","3","20","Mailed check","Low/Medium Risk"
"2208-MPXIO","Female","Two year","45","20","Bank transfer (automatic)","Low/Medium Risk"
"8439-LTUGF","Male","Month-to-month","10","20","Credit card (automatic)","Low/Medium Risk"
"3097-FQTVJ","Female","Two year","41","20","Mailed check","Low/Medium Risk"
"2017-CCBLH","Female","Two year","8","20","Mailed check","Low/Medium Risk"
"4712-UYOOI","Female","Month-to-month","20","20","Electronic check","Low/Medium Risk"
"0380-ZCSBI","Male","Month-to-month","10","20","Credit card (automatic)","Low/Medium Risk"
"9251-AWQGT","Female","Two year","48","20","Mailed check","Low/Medium Risk"
"6734-CKRSM","Female","Month-to-month","3","20","Mailed check","Low/Medium Risk"
"3454-JFUBC","Male","Two year","68","20","Credit card (automatic)","Low/Medium Risk"
"6972-SNKKW","Female","Month-to-month","6","20","Mailed check","Low/Medium Risk"
"1269-FOYWN","Male","One year","44","20","Bank transfer (automatic)","Low/Medium Risk"
"0847-HGRML","Male","Two year","62","20","Bank transfer (automatic)","Low/Medium Risk"
"3556-BVQGL","Female","One year","20","20","Mailed check","Low/Medium Risk"
"9700-ZCLOT","Male","Month-to-month","2","20","Mailed check","Low/Medium Risk"
"7047-YXDMZ","Male","Month-to-month","21","20","Mailed check","Low/Medium Risk"
"9824-QCJPK","Male","One year","36","20","Mailed check","Low/Medium Risk"
"7808-DVWEP","Male","Month-to-month","3","20","Bank transfer (automatic)","Low/Medium Risk"
"7277-KAMWT","Male","Two year","13","20","Credit card (automatic)","Low/Medium Risk"
"8084-OIVBS","Female","One year","11","20","Mailed check","Low/Medium Risk"
"9507-HSMMZ","Male","Two year","54","20","Mailed check","Low/Medium Risk"
"4716-MRVEN","Female","One year","29","20","Mailed check","Low/Medium Risk"
"8215-NGSPE","Female","Two year","42","20","Mailed check","Low/Medium Risk"
"3011-WQKSZ","Male","Month-to-month","19","20","Electronic check","Low/Medium Risk"
"4860-YZGZM","Male","Month-to-month","10","20","Electronic check","Low/Medium Risk"
"9800-OUIGR","Male","Two year","66","20","Credit card (automatic)","Low/Medium Risk"
"6621-NRZAK","Female","Two year","63","20","Credit card (automatic)","Low/Medium Risk"
"9585-KKMFD","Male","Two year","41","20","Mailed check","Low/Medium Risk"
"4323-ELYYB","Male","One year","13","20","Mailed check","Low/Medium Risk"
"0967-BMLBD","Female","One year","11","20","Mailed check","Low/Medium Risk"
"1552-CZCLL","Female","Month-to-month","55","20","Credit card (automatic)","Low/Medium Risk"
"4955-VCWBI","Female","One year","43","20","Mailed check","Low/Medium Risk"
"4986-MXSFP","Female","Month-to-month","2","20","Mailed check","Low/Medium Risk"
"3807-XHCJH","Female","Month-to-month","1","20","Electronic check","Low/Medium Risk"
"4237-CLSMM","Male","Month-to-month","2","20","Mailed check","Low/Medium Risk"
"4709-LKHYG","Female","One year","29","20","Electronic check","Low/Medium Risk"
"4079-ULGFR","Male","Month-to-month","16","20","Mailed check","Low/Medium Risk"
"7698-YFGEZ","Male","Month-to-month","1","20","Mailed check","Low/Medium Risk"
"1401-FTHFQ","Male","One year","23","20","Credit card (automatic)","Low/Medium Risk"
"2181-TIDSV","Male","Two year","68","19.95","Bank transfer (automatic)","Low/Medium Risk"
"3190-FZATL","Male","Month-to-month","14","19.95","Mailed check","Low/Medium Risk"
"6377-KSLXC","Male","Month-to-month","5","19.95","Mailed check","Low/Medium Risk"
"0281-CNTZX","Male","Two year","63","19.95","Bank transfer (automatic)","Low/Medium Risk"
"1796-JANOW","Female","Month-to-month","2","19.95","Mailed check","Low/Medium Risk"
"8232-UTFOZ","Male","Two year","69","19.95","Credit card (automatic)","Low/Medium Risk"
"7521-YXVZY","Male","Month-to-month","3","19.95","Mailed check","Low/Medium Risk"
"5469-NUJUR","Male","Two year","19","19.95","Mailed check","Low/Medium Risk"
"2542-HYGIQ","Female","Month-to-month","1","19.95","Credit card (automatic)","Low/Medium Risk"
"5546-QUERU","Male","One year","13","19.95","Mailed check","Low/Medium Risk"
"0178-CIIKR","Female","Month-to-month","3","19.95","Mailed check","Low/Medium Risk"
"8859-YSTWS","Male","One year","48","19.95","Bank transfer (automatic)","Low/Medium Risk"
"0221-NAUXK","Male","One year","10","19.95","Bank transfer (automatic)","Low/Medium Risk"
"5014-GSOUQ","Male","Two year","13","19.95","Mailed check","Low/Medium Risk"
"0114-RSRRW","Female","Month-to-month","10","19.95","Bank transfer (automatic)","Low/Medium Risk"
"9788-YTFGE","Male","Month-to-month","7","19.95","Mailed check","Low/Medium Risk"
"3363-EWLGO","Female","Month-to-month","5","19.95","Mailed check","Low/Medium Risk"
"5310-NOOVA","Male","Two year","46","19.95","Electronic check","Low/Medium Risk"
"1764-VUUMT","Male","Two year","66","19.95","Credit card (automatic)","Low/Medium Risk"
"5970-GHJAW","Male","Two year","46","19.95","Credit card (automatic)","Low/Medium Risk"
"5173-ZXXXL","Male","One year","2","19.95","Mailed check","Low/Medium Risk"
"3507-GASNP","Male","Two year","60","19.95","Mailed check","Low/Medium Risk"
"4277-BWBML","Male","Two year","72","19.95","Bank transfer (automatic)","Low/Medium Risk"
"6286-SUUWT","Male","Month-to-month","1","19.95","Mailed check","Low/Medium Risk"
"3097-PYWXL","Female","Month-to-month","4","19.95","Electronic check","Low/Medium Risk"
"0621-TSSMU","Male","One year","56","19.95","Credit card (automatic)","Low/Medium Risk"
"4694-PHWFW","Female","Month-to-month","8","19.95","Mailed check","Low/Medium Risk"
"5146-YYFRZ","Male","Two year","67","19.95","Bank transfer (automatic)","Low/Medium Risk"
"9847-HNVGP","Male","One year","17","19.95","Mailed check","Low/Medium Risk"
"2796-NNUFI","Female","Two year","46","19.95","Mailed check","Low/Medium Risk"
"9522-ZSINC","Male","One year","13","19.95","Electronic check","Low/Medium Risk"
"5619-XZZKR","Male","One year","4","19.95","Mailed check","Low/Medium Risk"
"3678-MNGZX","Male","Two year","68","19.95","Bank transfer (automatic)","Low/Medium Risk"
"9418-RUKPH","Female","Two year","38","19.95","Mailed check","Low/Medium Risk"
"1460-UZPRJ","Male","Two year","60","19.95","Mailed check","Low/Medium Risk"
"3623-FQBOX","Male","Month-to-month","21","19.95","Mailed check","Low/Medium Risk"
"5144-PQCDZ","Male","Month-to-month","4","19.95","Mailed check","Low/Medium Risk"
"1574-DYCWE","Female","Two year","51","19.95","Mailed check","Low/Medium Risk"
"4632-PAOYU","Male","One year","22","19.95","Mailed check","Low/Medium Risk"
"7560-QRBXH","Female","One year","48","19.95","Mailed check","Low/Medium Risk"
"4636-TVXVG","Male","One year","62","19.95","Bank transfer (automatic)","Low/Medium Risk"
"8896-RAZCR","Female","Two year","44","19.9","Mailed check","Low/Medium Risk"
"5066-GFJMM","Female","Month-to-month","3","19.9","Mailed check","Low/Medium Risk"
"6345-FZOQH","Male","Two year","69","19.9","Mailed check","Low/Medium Risk"
"9537-JALFH","Male","Two year","69","19.9","Bank transfer (automatic)","Low/Medium Risk"
"4936-YPJNK","Female","Month-to-month","10","19.9","Mailed check","Low/Medium Risk"
"0754-EEBDC","Male","Two year","4","19.9","Mailed check","Low/Medium Risk"
"1069-QJOEE","Male","One year","25","19.9","Electronic check","Low/Medium Risk"
"3079-BCHLN","Male","One year","47","19.9","Bank transfer (automatic)","Low/Medium Risk"
"8748-HFWBO","Male","One year","19","19.9","Mailed check","Low/Medium Risk"
"7878-RTCZG","Female","Month-to-month","1","19.9","Mailed check","Low/Medium Risk"
"2878-DHMIN","Male","One year","35","19.9","Electronic check","Low/Medium Risk"
"2832-SCUCO","Female","Month-to-month","2","19.9","Electronic check","Low/Medium Risk"
"9967-ATRFS","Female","Month-to-month","19","19.9","Mailed check","Low/Medium Risk"
"6202-JVYEU","Male","One year","9","19.9","Electronic check","Low/Medium Risk"
"7636-XUHWW","Male","Month-to-month","2","19.9","Credit card (automatic)","Low/Medium Risk"
"7677-SJJJK","Male","One year","8","19.9","Credit card (automatic)","Low/Medium Risk"
"6479-OAUSD","Male","One year","25","19.9","Credit card (automatic)","Low/Medium Risk"
"6061-PQHMK","Female","One year","25","19.9","Credit card (automatic)","Low/Medium Risk"
"7969-FFOWG","Male","Two year","65","19.9","Mailed check","Low/Medium Risk"
"2673-ZALNP","Female","One year","7","19.9","Mailed check","Low/Medium Risk"
"1052-QJIBV","Female","Two year","71","19.9","Credit card (automatic)","Low/Medium Risk"
"0784-ZQJZX","Male","Two year","72","19.9","Credit card (automatic)","Low/Medium Risk"
"3061-BCKYI","Male","Month-to-month","14","19.9","Mailed check","Low/Medium Risk"
"8194-PEEBY","Female","One year","24","19.9","Mailed check","Low/Medium Risk"
"4609-KNNWG","Female","Two year","27","19.9","Mailed check","Low/Medium Risk"
"2819-GWENI","Female","One year","28","19.9","Mailed check","Low/Medium Risk"
"8884-MRNSU","Male","One year","17","19.9","Bank transfer (automatic)","Low/Medium Risk"
"3973-SKMLN","Male","Two year","71","19.9","Credit card (automatic)","Low/Medium Risk"
"5821-MMEIL","Female","Two year","57","19.9","Bank transfer (automatic)","Low/Medium Risk"
"1755-FZQEC","Male","One year","39","19.9","Mailed check","Low/Medium Risk"
"3530-VWVGU","Female","Month-to-month","22","19.9","Mailed check","Low/Medium Risk"
"2369-FEVNO","Male","Month-to-month","1","19.9","Mailed check","Low/Medium Risk"
"9588-YRFHY","Male","Two year","49","19.9","Credit card (automatic)","Low/Medium Risk"
"7279-NMVJC","Female","One year","17","19.9","Bank transfer (automatic)","Low/Medium Risk"
"2654-VBVPB","Female","Month-to-month","1","19.9","Bank transfer (automatic)","Low/Medium Risk"
"3642-BYHDO","Female","Two year","71","19.9","Bank transfer (automatic)","Low/Medium Risk"
"3043-SUDUA","Female","Month-to-month","32","19.9","Bank transfer (automatic)","Low/Medium Risk"
"1657-DYMBM","Male","Two year","53","19.9","Credit card (automatic)","Low/Medium Risk"
"6654-QGBZZ","Female","Month-to-month","1","19.9","Mailed check","Low/Medium Risk"
"0347-UBKUZ","Female","Month-to-month","15","19.9","Mailed check","Low/Medium Risk"
"1839-FBNFR","Female","Two year","39","19.85","Bank transfer (automatic)","Low/Medium Risk"
"9385-EHGDO","Female","Two year","35","19.85","Mailed check","Low/Medium Risk"
"0030-FNXPP","Female","Month-to-month","3","19.85","Mailed check","Low/Medium Risk"
"9916-AYHTC","Male","Two year","48","19.85","Credit card (automatic)","Low/Medium Risk"
"1591-XWLGB","Female","Two year","71","19.85","Credit card (automatic)","Low/Medium Risk"
"6060-QBMGV","Male","Two year","70","19.85","Credit card (automatic)","Low/Medium Risk"
"9447-YPTBX","Female","One year","50","19.85","Bank transfer (automatic)","Low/Medium Risk"
"6164-HXUGH","Female","Month-to-month","6","19.85","Mailed check","Low/Medium Risk"
"9371-BITHB","Female","Two year","52","19.85","Mailed check","Low/Medium Risk"
"1498-DQNRX","Female","Month-to-month","29","19.85","Mailed check","Low/Medium Risk"
"8711-LOBKY","Male","Two year","59","19.85","Mailed check","Low/Medium Risk"
"2429-AYKKO","Male","Two year","72","19.85","Bank transfer (automatic)","Low/Medium Risk"
"7446-SFAOA","Female","One year","37","19.85","Bank transfer (automatic)","Low/Medium Risk"
"5656-JAMLX","Male","Two year","62","19.85","Bank transfer (automatic)","Low/Medium Risk"
"7114-AEOZE","Female","Two year","60","19.85","Bank transfer (automatic)","Low/Medium Risk"
"1135-LMECX","Female","Month-to-month","1","19.85","Mailed check","Low/Medium Risk"
"8075-GXIUB","Male","One year","9","19.85","Credit card (automatic)","Low/Medium Risk"
"3359-DSRKA","Female","Two year","58","19.85","Mailed check","Low/Medium Risk"
"6734-JDTTV","Male","Two year","65","19.85","Credit card (automatic)","Low/Medium Risk"
"8150-QUDFX","Male","Month-to-month","2","19.85","Mailed check","Low/Medium Risk"
"7297-DVYGA","Female","One year","51","19.85","Bank transfer (automatic)","Low/Medium Risk"
"1064-FBXNK","Male","One year","1","19.85","Credit card (automatic)","Low/Medium Risk"
"5171-EPLKN","Male","Two year","27","19.85","Credit card (automatic)","Low/Medium Risk"
"8917-FAEMR","Female","Two year","37","19.85","Mailed check","Low/Medium Risk"
"5642-MHDQT","Female","One year","53","19.85","Bank transfer (automatic)","Low/Medium Risk"
"6349-JDHQP","Female","Two year","53","19.85","Credit card (automatic)","Low/Medium Risk"
"4291-HPAXL","Male","Month-to-month","1","19.85","Mailed check","Low/Medium Risk"
"4817-KEQSP","Female","Two year","71","19.85","Bank transfer (automatic)","Low/Medium Risk"
"0594-UFTUL","Male","Month-to-month","13","19.85","Mailed check","Low/Medium Risk"
"2303-PJYHN","Female","Month-to-month","2","19.85","Bank transfer (automatic)","Low/Medium Risk"
"3675-YDUPJ","Male","Month-to-month","10","19.85","Mailed check","Low/Medium Risk"
"4396-KLSEH","Male","Month-to-month","4","19.85","Electronic check","Low/Medium Risk"
"8285-ABVLB","Female","Two year","70","19.85","Credit card (automatic)","Low/Medium Risk"
"4962-CHQPW","Male","One year","29","19.85","Mailed check","Low/Medium Risk"
"4020-KIUDI","Male","Month-to-month","6","19.85","Credit card (automatic)","Low/Medium Risk"
"5231-FIQPA","Female","Two year","41","19.85","Mailed check","Low/Medium Risk"
"0310-VQXAM","Male","Month-to-month","9","19.85","Mailed check","Low/Medium Risk"
"5726-CVNYA","Female","Two year","8","19.85","Mailed check","Low/Medium Risk"
"8314-HTWVE","Female","Two year","7","19.85","Mailed check","Low/Medium Risk"
"4685-TFLLS","Male","One year","18","19.8","Bank transfer (automatic)","Low/Medium Risk"
"7167-PCEYD","Male","Two year","67","19.8","Mailed check","Low/Medium Risk"
"9624-EGDEQ","Female","Two year","37","19.8","Mailed check","Low/Medium Risk"
"3996-ZNWYK","Male","Two year","71","19.8","Credit card (automatic)","Low/Medium Risk"
"1226-JZNKR","Female","One year","8","19.8","Electronic check","Low/Medium Risk"
"7876-DNYAP","Female","Two year","69","19.8","Credit card (automatic)","Low/Medium Risk"
"0831-JNISG","Male","Two year","71","19.8","Mailed check","Low/Medium Risk"
"5917-RYRMG","Male","One year","32","19.8","Credit card (automatic)","Low/Medium Risk"
"7606-BPHHN","Male","Two year","72","19.8","Credit card (automatic)","Low/Medium Risk"
"7696-CFTAT","Male","Two year","37","19.8","Bank transfer (automatic)","Low/Medium Risk"
"5384-ZTTWP","Female","Month-to-month","15","19.8","Mailed check","Low/Medium Risk"
"2729-VNVAP","Female","Two year","33","19.8","Credit card (automatic)","Low/Medium Risk"
"9364-YKUVW","Male","Month-to-month","15","19.8","Mailed check","Low/Medium Risk"
"4182-BGSIQ","Female","Month-to-month","10","19.8","Bank transfer (automatic)","Low/Medium Risk"
"2829-HYVZP","Male","One year","29","19.8","Mailed check","Low/Medium Risk"
"2418-TPEUN","Female","Two year","56","19.8","Credit card (automatic)","Low/Medium Risk"
"3721-CNZHX","Male","One year","15","19.8","Mailed check","Low/Medium Risk"
"8750-QWZAJ","Female","Two year","70","19.8","Bank transfer (automatic)","Low/Medium Risk"
"0608-JDVEC","Male","Two year","50","19.8","Electronic check","Low/Medium Risk"
"9801-NOSHQ","Male","One year","23","19.8","Mailed check","Low/Medium Risk"
"1680-VDCWW","Male","One year","12","19.8","Bank transfer (automatic)","Low/Medium Risk"
"5871-DGTXZ","Male","One year","32","19.8","Mailed check","Low/Medium Risk"
"0505-SPOOW","Female","Two year","70","19.8","Bank transfer (automatic)","Low/Medium Risk"
"8779-YIQQA","Male","One year","21","19.8","Mailed check","Low/Medium Risk"
"5995-WWKKG","Female","One year","37","19.8","Electronic check","Low/Medium Risk"
"0219-QAERP","Male","One year","30","19.8","Credit card (automatic)","Low/Medium Risk"
"2805-AUFQN","Female","Two year","25","19.8","Credit card (automatic)","Low/Medium Risk"
"4318-RAJVY","Female","One year","10","19.8","Mailed check","Low/Medium Risk"
"1686-STUHN","Male","One year","42","19.8","Bank transfer (automatic)","Low/Medium Risk"
"1813-JLKWR","Female","One year","64","19.8","Bank transfer (automatic)","Low/Medium Risk"
"0969-RGKCU","Male","One year","37","19.8","Credit card (automatic)","Low/Medium Risk"
"8562-GHPPI","Female","Month-to-month","1","19.8","Credit card (automatic)","Low/Medium Risk"
"4795-UXVCJ","Male","One year","26","19.8","Credit card (automatic)","Low/Medium Risk"
"1561-BWHIN","Male","One year","19","19.8","Mailed check","Low/Medium Risk"
"2607-DHDAK","Male","Two year","72","19.8","Credit card (automatic)","Low/Medium Risk"
"3181-MIZBN","Male","Month-to-month","16","19.75","Electronic check","Low/Medium Risk"
"1709-EJDOX","Female","Two year","47","19.75","Mailed check","Low/Medium Risk"
"3078-ZKNTS","Female","Two year","13","19.75","Bank transfer (automatic)","Low/Medium Risk"
"9975-GPKZU","Male","Two year","46","19.75","Credit card (automatic)","Low/Medium Risk"
"6048-NJXHX","Male","Two year","41","19.75","Electronic check","Low/Medium Risk"
"2984-RGEYA","Female","Two year","69","19.75","Bank transfer (automatic)","Low/Medium Risk"
"2428-ZMCTB","Male","Month-to-month","10","19.75","Credit card (automatic)","Low/Medium Risk"
"3930-ZGWVE","Male","Month-to-month","1","19.75","Mailed check","Low/Medium Risk"
"7157-SMCFK","Male","Two year","61","19.75","Mailed check","Low/Medium Risk"
"3717-OFRTN","Male","Month-to-month","1","19.75","Bank transfer (automatic)","Low/Medium Risk"
"6124-ACRHJ","Female","Month-to-month","1","19.75","Mailed check","Low/Medium Risk"
"1830-IPXVJ","Female","Two year","61","19.75","Credit card (automatic)","Low/Medium Risk"
"9845-QOMAD","Male","One year","14","19.75","Mailed check","Low/Medium Risk"
"2277-AXSDC","Female","One year","32","19.75","Bank transfer (automatic)","Low/Medium Risk"
"9548-LERKT","Male","Two year","24","19.75","Mailed check","Low/Medium Risk"
"7729-XBTWX","Male","Two year","66","19.75","Mailed check","Low/Medium Risk"
"8510-BBWMU","Female","One year","41","19.75","Mailed check","Low/Medium Risk"
"4335-UPJSI","Female","Two year","24","19.75","Mailed check","Low/Medium Risk"
"9227-UAQFT","Male","Two year","16","19.75","Mailed check","Low/Medium Risk"
"1156-ZFYDO","Female","Month-to-month","1","19.75","Electronic check","Low/Medium Risk"
"4558-CGYCZ","Male","Month-to-month","4","19.75","Mailed check","Low/Medium Risk"
"5804-JMYIO","Female","Two year","39","19.75","Mailed check","Low/Medium Risk"
"9103-CXVOK","Male","Month-to-month","1","19.75","Electronic check","Low/Medium Risk"
"5893-KCLGT","Female","Two year","72","19.75","Mailed check","Low/Medium Risk"
"8573-CGOCC","Male","Month-to-month","16","19.75","Credit card (automatic)","Low/Medium Risk"
"1399-OUPJN","Female","Two year","57","19.75","Bank transfer (automatic)","Low/Medium Risk"
"8138-EALND","Male","Month-to-month","15","19.75","Mailed check","Low/Medium Risk"
"5063-IUOKK","Male","Two year","13","19.75","Mailed check","Low/Medium Risk"
"3936-QQFLL","Male","Month-to-month","2","19.75","Mailed check","Low/Medium Risk"
"2589-AYCRP","Female","One year","50","19.75","Bank transfer (automatic)","Low/Medium Risk"
"7853-WNZSY","Male","Month-to-month","1","19.75","Credit card (automatic)","Low/Medium Risk"
"2465-BLLEU","Male","Month-to-month","1","19.75","Mailed check","Low/Medium Risk"
"3352-RICWQ","Female","Two year","9","19.75","Mailed check","Low/Medium Risk"
"1089-XZWHH","Female","Two year","24","19.7","Mailed check","Low/Medium Risk"
"5442-PPTJY","Male","Two year","12","19.7","Mailed check","Low/Medium Risk"
"9135-HSWOC","Male","Two year","64","19.7","Bank transfer (automatic)","Low/Medium Risk"
"7762-ONLJY","Female","One year","6","19.7","Mailed check","Low/Medium Risk"
"3077-RSNTJ","Female","Month-to-month","6","19.7","Mailed check","Low/Medium Risk"
"5148-HKFIR","Female","Two year","20","19.7","Mailed check","Low/Medium Risk"
"6746-WAUWT","Male","One year","19","19.7","Credit card (automatic)","Low/Medium Risk"
"3981-QSVQI","Male","Month-to-month","8","19.7","Bank transfer (automatic)","Low/Medium Risk"
"5647-URDKA","Male","Two year","8","19.7","Mailed check","Low/Medium Risk"
"2466-FCCPT","Female","One year","20","19.7","Bank transfer (automatic)","Low/Medium Risk"
"3824-RHKVR","Female","Month-to-month","17","19.7","Credit card (automatic)","Low/Medium Risk"
"6928-ONTRW","Female","Two year","72","19.7","Credit card (automatic)","Low/Medium Risk"
"6974-DAFLI","Female","One year","55","19.7","Electronic check","Low/Medium Risk"
"3451-VAWLI","Female","Two year","35","19.7","Credit card (automatic)","Low/Medium Risk"
"9625-RZFUK","Male","Two year","63","19.7","Mailed check","Low/Medium Risk"
"1270-XKUCC","Female","Two year","30","19.7","Mailed check","Low/Medium Risk"
"2138-VFAPZ","Female","Two year","14","19.7","Mailed check","Low/Medium Risk"
"3173-WSSUE","Female","Two year","71","19.7","Credit card (automatic)","Low/Medium Risk"
"1563-IWQEX","Female","Month-to-month","12","19.7","Mailed check","Low/Medium Risk"
"9970-QBCDA","Female","Month-to-month","6","19.7","Credit card (automatic)","Low/Medium Risk"
"9938-PRCVK","Female","Two year","41","19.7","Bank transfer (automatic)","Low/Medium Risk"
"6319-QSUSR","Female","Month-to-month","11","19.7","Credit card (automatic)","Low/Medium Risk"
"7026-YMSBE","Male","One year","30","19.7","Mailed check","Low/Medium Risk"
"1964-SVLEA","Male","One year","20","19.7","Mailed check","Low/Medium Risk"
"7706-YLMQA","Female","One year","70","19.7","Bank transfer (automatic)","Low/Medium Risk"
"2595-KIWPV","Male","Two year","27","19.7","Credit card (automatic)","Low/Medium Risk"
"0404-AHASP","Male","Two year","72","19.7","Credit card (automatic)","Low/Medium Risk"
"3646-ITDGM","Female","Two year","56","19.7","Bank transfer (automatic)","Low/Medium Risk"
"5495-GPSRW","Male","Two year","20","19.7","Mailed check","Low/Medium Risk"
"1429-UYJSV","Female","One year","12","19.7","Mailed check","Low/Medium Risk"
"1699-TLDLZ","Female","Two year","16","19.7","Mailed check","Low/Medium Risk"
"0247-SLUJI","Male","Month-to-month","1","19.7","Mailed check","Low/Medium Risk"
"8173-RXAYP","Female","Two year","24","19.7","Mailed check","Low/Medium Risk"
"0042-RLHYP","Female","Two year","69","19.7","Bank transfer (automatic)","Low/Medium Risk"
"4086-WITJG","Male","Two year","71","19.7","Credit card (automatic)","Low/Medium Risk"
"3374-PZLXD","Male","Month-to-month","34","19.7","Mailed check","Low/Medium Risk"
"6260-XLACS","Male","One year","4","19.7","Mailed check","Low/Medium Risk"
"7623-HKYRK","Male","Month-to-month","6","19.7","Mailed check","Low/Medium Risk"
"5730-DBDSI","Male","Two year","66","19.7","Bank transfer (automatic)","Low/Medium Risk"
"5396-IZEPB","Male","Month-to-month","9","19.7","Credit card (automatic)","Low/Medium Risk"
"1465-WCZVT","Female","Month-to-month","3","19.65","Mailed check","Low/Medium Risk"
"7721-DVEKZ","Female","Month-to-month","1","19.65","Mailed check","Low/Medium Risk"
"3845-FXCYS","Male","Month-to-month","2","19.65","Electronic check","Low/Medium Risk"
"1241-FPMOF","Male","Two year","52","19.65","Mailed check","Low/Medium Risk"
"0486-LGCCH","Male","Two year","11","19.65","Mailed check","Low/Medium Risk"
"0690-SRQID","Male","Month-to-month","4","19.65","Mailed check","Low/Medium Risk"
"7427-AUFPY","Male","Two year","54","19.65","Credit card (automatic)","Low/Medium Risk"
"8917-SZTTJ","Male","Two year","60","19.65","Credit card (automatic)","Low/Medium Risk"
"9503-XJUME","Male","One year","52","19.65","Credit card (automatic)","Low/Medium Risk"
"8143-ETQTI","Female","Two year","23","19.65","Mailed check","Low/Medium Risk"
"2675-IJRGJ","Male","Two year","53","19.65","Bank transfer (automatic)","Low/Medium Risk"
"8008-OTEZX","Female","One year","35","19.65","Mailed check","Low/Medium Risk"
"3865-ZFZIB","Male","Two year","19","19.65","Mailed check","Low/Medium Risk"
"5562-BETPV","Male","One year","1","19.65","Mailed check","Low/Medium Risk"
"1945-XISKS","Female","Two year","67","19.65","Mailed check","Low/Medium Risk"
"3082-WQRVY","Male","One year","14","19.65","Mailed check","Low/Medium Risk"
"7850-THJMU","Female","Two year","26","19.65","Credit card (automatic)","Low/Medium Risk"
"7526-IVLYU","Male","Month-to-month","3","19.65","Mailed check","Low/Medium Risk"
"5093-FEGLU","Female","Two year","47","19.65","Bank transfer (automatic)","Low/Medium Risk"
"7291-CDTMJ","Male","Month-to-month","1","19.65","Bank transfer (automatic)","Low/Medium Risk"
"9646-NMHXE","Male","Two year","47","19.65","Mailed check","Low/Medium Risk"
"3694-GLTJM","Female","Month-to-month","5","19.65","Credit card (automatic)","Low/Medium Risk"
"0956-SYCWG","Female","One year","13","19.65","Electronic check","Low/Medium Risk"
"5312-TSZVC","Female","One year","15","19.65","Mailed check","Low/Medium Risk"
"1057-FOGLZ","Female","Month-to-month","18","19.65","Mailed check","Low/Medium Risk"
"6082-OQFBA","Male","One year","23","19.65","Mailed check","Low/Medium Risk"
"3785-NRHYR","Male","Month-to-month","1","19.65","Mailed check","Low/Medium Risk"
"8573-JGCZW","Male","One year","17","19.65","Bank transfer (automatic)","Low/Medium Risk"
"9150-KPBJQ","Female","Two year","6","19.65","Credit card (automatic)","Low/Medium Risk"
"0362-RAOQO","Female","Two year","40","19.65","Credit card (automatic)","Low/Medium Risk"
"8969-PRHFK","Male","One year","18","19.65","Mailed check","Low/Medium Risk"
"2466-NEJOJ","Male","Month-to-month","8","19.65","Credit card (automatic)","Low/Medium Risk"
"3178-CIFOT","Female","One year","23","19.65","Credit card (automatic)","Low/Medium Risk"
"1194-SPVSP","Male","Month-to-month","1","19.65","Bank transfer (automatic)","Low/Medium Risk"
"1985-MBRYP","Female","Two year","43","19.65","Bank transfer (automatic)","Low/Medium Risk"
"2640-LYMOV","Male","Month-to-month","2","19.65","Mailed check","Low/Medium Risk"
"0970-QXPXW","Female","Month-to-month","1","19.65","Mailed check","Low/Medium Risk"
"4719-UMSIY","Male","Month-to-month","6","19.65","Mailed check","Low/Medium Risk"
"1272-ILHFG","Male","One year","15","19.65","Mailed check","Low/Medium Risk"
"3274-NSDWE","Female","Two year","68","19.6","Credit card (automatic)","Low/Medium Risk"
"7319-ZNRTR","Male","One year","25","19.6","Electronic check","Low/Medium Risk"
"3146-JTQHR","Male","One year","10","19.6","Bank transfer (automatic)","Low/Medium Risk"
"1051-EQPZR","Female","Month-to-month","44","19.6","Mailed check","Low/Medium Risk"
"3721-WKIIL","Female","Two year","27","19.6","Mailed check","Low/Medium Risk"
"7602-DBTOU","Female","Two year","71","19.6","Mailed check","Low/Medium Risk"
"1106-HRLKZ","Male","Two year","40","19.6","Mailed check","Low/Medium Risk"
"3280-NMUVX","Male","One year","34","19.6","Credit card (automatic)","Low/Medium Risk"
"4452-ROHMO","Female","Two year","15","19.6","Mailed check","Low/Medium Risk"
"8022-BECSI","Male","One year","22","19.6","Mailed check","Low/Medium Risk"
"4703-MQYKT","Male","Two year","21","19.6","Mailed check","Low/Medium Risk"
"0042-JVWOJ","Male","One year","26","19.6","Bank transfer (automatic)","Low/Medium Risk"
"6040-CGACY","Female","Month-to-month","15","19.6","Mailed check","Low/Medium Risk"
"9170-ARBTB","Female","One year","52","19.6","Credit card (automatic)","Low/Medium Risk"
"6837-BJYDQ","Male","One year","3","19.6","Mailed check","Low/Medium Risk"
"6217-KDYWC","Male","Two year","57","19.6","Mailed check","Low/Medium Risk"
"5468-BPMMO","Male","Month-to-month","46","19.6","Electronic check","Low/Medium Risk"
"4881-GQJTW","Male","Month-to-month","14","19.6","Credit card (automatic)","Low/Medium Risk"
"6036-TTFYU","Female","Month-to-month","16","19.6","Mailed check","Low/Medium Risk"
"7416-CKTEP","Female","Two year","57","19.6","Bank transfer (automatic)","Low/Medium Risk"
"7601-GNDYK","Male","Two year","35","19.6","Mailed check","Low/Medium Risk"
"7977-HXJKU","Male","Two year","21","19.6","Mailed check","Low/Medium Risk"
"4698-KVLLG","Female","Two year","51","19.6","Credit card (automatic)","Low/Medium Risk"
"9424-CMPOG","Male","Two year","9","19.6","Mailed check","Low/Medium Risk"
"0354-VXMJC","Male","Two year","23","19.6","Credit card (automatic)","Low/Medium Risk"
"4750-UKWJK","Female","One year","37","19.6","Mailed check","Low/Medium Risk"
"4487-ZYJZK","Female","One year","38","19.6","Credit card (automatic)","Low/Medium Risk"
"5702-SKUOB","Female","Month-to-month","4","19.6","Mailed check","Low/Medium Risk"
"9313-CDOGY","Male","Month-to-month","38","19.6","Electronic check","Low/Medium Risk"
"8148-WOCMK","Male","Two year","8","19.6","Credit card (automatic)","Low/Medium Risk"
"2718-YSKCS","Male","Two year","71","19.6","Bank transfer (automatic)","Low/Medium Risk"
"6184-DYUOB","Female","Month-to-month","3","19.6","Mailed check","Low/Medium Risk"
"8457-XIGKN","Male","Month-to-month","20","19.6","Credit card (automatic)","Low/Medium Risk"
"2900-PHPLN","Female","Two year","70","19.55","Credit card (automatic)","Low/Medium Risk"
"3777-XROBG","Female","Two year","58","19.55","Credit card (automatic)","Low/Medium Risk"
"2576-HXMPA","Female","Month-to-month","1","19.55","Credit card (automatic)","Low/Medium Risk"
"0927-CNGRH","Male","Month-to-month","1","19.55","Mailed check","Low/Medium Risk"
"7609-NRNCA","Female","One year","17","19.55","Mailed check","Low/Medium Risk"
"7552-KEYGT","Male","Two year","27","19.55","Bank transfer (automatic)","Low/Medium Risk"
"8605-ITULD","Female","Month-to-month","1","19.55","Mailed check","Low/Medium Risk"
"3724-UCSHY","Male","Month-to-month","6","19.55","Mailed check","Low/Medium Risk"
"1166-PQLGG","Female","Two year","72","19.55","Bank transfer (automatic)","Low/Medium Risk"
"0559-CKHUS","Female","Two year","29","19.55","Mailed check","Low/Medium Risk"
"0788-DXBFY","Male","One year","58","19.55","Electronic check","Low/Medium Risk"
"6506-EYCNH","Female","Month-to-month","28","19.55","Bank transfer (automatic)","Low/Medium Risk"
"3131-NWVFJ","Female","One year","14","19.55","Mailed check","Low/Medium Risk"
"4365-MSDYN","Male","Month-to-month","8","19.55","Bank transfer (automatic)","Low/Medium Risk"
"7941-RCJOW","Male","Two year","65","19.55","Credit card (automatic)","Low/Medium Risk"
"7311-MQJCH","Female","One year","5","19.55","Electronic check","Low/Medium Risk"
"1345-GKDZZ","Male","Month-to-month","6","19.55","Mailed check","Low/Medium Risk"
"1622-HSHSF","Female","Month-to-month","1","19.55","Mailed check","Low/Medium Risk"
"1237-WIYYZ","Female","Month-to-month","18","19.55","Mailed check","Low/Medium Risk"
"2230-XTUWL","Female","Two year","48","19.55","Mailed check","Low/Medium Risk"
"7196-LIWRH","Female","Two year","6","19.55","Mailed check","Low/Medium Risk"
"1093-YSWCA","Male","Two year","11","19.55","Credit card (automatic)","Low/Medium Risk"
"7242-EDTYC","Male","Two year","44","19.55","Bank transfer (automatic)","Low/Medium Risk"
"1047-RNXZV","Male","Two year","43","19.55","Mailed check","Low/Medium Risk"
"7061-OVMIM","Female","One year","30","19.55","Bank transfer (automatic)","Low/Medium Risk"
"7601-WFVZV","Male","Month-to-month","1","19.55","Mailed check","Low/Medium Risk"
"2866-IKBTM","Female","Month-to-month","1","19.55","Mailed check","Low/Medium Risk"
"4299-OPXEJ","Female","Two year","56","19.55","Bank transfer (automatic)","Low/Medium Risk"
"4693-VWVBO","Female","Month-to-month","3","19.55","Electronic check","Low/Medium Risk"
"8043-PNYSD","Male","Two year","63","19.55","Mailed check","Low/Medium Risk"
"0854-UYHZD","Female","Two year","13","19.55","Mailed check","Low/Medium Risk"
"7872-BAAZR","Female","One year","53","19.55","Bank transfer (automatic)","Low/Medium Risk"
"6582-PLFUU","Male","Two year","51","19.55","Credit card (automatic)","Low/Medium Risk"
"0164-XAIRP","Female","Two year","24","19.55","Bank transfer (automatic)","Low/Medium Risk"
"3486-NPGST","Female","One year","36","19.55","Mailed check","Low/Medium Risk"
"2616-FLVQC","Male","Two year","64","19.55","Mailed check","Low/Medium Risk"
"1354-YZFNB","Male","Two year","4","19.55","Credit card (automatic)","Low/Medium Risk"
"8717-VCTXJ","Male","One year","42","19.55","Mailed check","Low/Medium Risk"
"2061-VVFST","Female","Month-to-month","37","19.5","Bank transfer (automatic)","Low/Medium Risk"
"7337-CINUD","Female","Two year","8","19.5","Bank transfer (automatic)","Low/Medium Risk"
"5624-RYAMH","Female","Month-to-month","9","19.5","Electronic check","Low/Medium Risk"
"0428-AXXLJ","Male","One year","25","19.5","Bank transfer (automatic)","Low/Medium Risk"
"4451-RWASJ","Male","One year","15","19.5","Mailed check","Low/Medium Risk"
"8514-VZHEB","Male","Two year","59","19.5","Mailed check","Low/Medium Risk"
"7216-KAOID","Male","One year","41","19.5","Bank transfer (automatic)","Low/Medium Risk"
"6368-TZZDT","Male","Two year","4","19.5","Credit card (automatic)","Low/Medium Risk"
"8566-YPRGL","Female","Month-to-month","1","19.5","Mailed check","Low/Medium Risk"
"3423-HHXAO","Female","One year","14","19.5","Mailed check","Low/Medium Risk"
"9391-TTOYH","Female","Month-to-month","23","19.5","Mailed check","Low/Medium Risk"
"2550-QHZGP","Male","One year","7","19.5","Mailed check","Low/Medium Risk"
"7727-SHVZV","Female","Month-to-month","9","19.5","Bank transfer (automatic)","Low/Medium Risk"
"3318-ISQFQ","Female","Month-to-month","20","19.5","Bank transfer (automatic)","Low/Medium Risk"
"1051-GEJLJ","Female","Month-to-month","2","19.5","Mailed check","Low/Medium Risk"
"8076-FEZKJ","Male","One year","10","19.5","Mailed check","Low/Medium Risk"
"2320-TZRRH","Female","One year","20","19.5","Mailed check","Low/Medium Risk"
"2229-DPMBI","Female","Two year","8","19.5","Mailed check","Low/Medium Risk"
"7649-PHJVR","Male","One year","11","19.5","Mailed check","Low/Medium Risk"
"8755-OGKNA","Female","Two year","57","19.5","Bank transfer (automatic)","Low/Medium Risk"
"1905-OEILC","Female","Month-to-month","1","19.5","Mailed check","Low/Medium Risk"
"9814-AOUDH","Male","Two year","53","19.5","Credit card (automatic)","Low/Medium Risk"
"5906-BFOZT","Male","Month-to-month","1","19.5","Mailed check","Low/Medium Risk"
"2122-SZZZD","Male","One year","44","19.5","Credit card (automatic)","Low/Medium Risk"
"8395-ETZKQ","Male","One year","68","19.5","Bank transfer (automatic)","Low/Medium Risk"
"4644-OBGFZ","Male","One year","55","19.5","Mailed check","Low/Medium Risk"
"6806-YDEUL","Female","Month-to-month","6","19.5","Bank transfer (automatic)","Low/Medium Risk"
"7328-ZJAJO","Female","Two year","59","19.5","Credit card (automatic)","Low/Medium Risk"
"5799-JRCZO","Female","Two year","63","19.5","Credit card (automatic)","Low/Medium Risk"
"6479-SZPLM","Male","Two year","36","19.45","Credit card (automatic)","Low/Medium Risk"
"1015-JPFYW","Male","One year","7","19.45","Mailed check","Low/Medium Risk"
"4770-QAZXN","Female","Month-to-month","13","19.45","Credit card (automatic)","Low/Medium Risk"
"1179-INLAT","Male","One year","3","19.45","Mailed check","Low/Medium Risk"
"1257-SXUXQ","Male","Month-to-month","5","19.45","Mailed check","Low/Medium Risk"
"7617-EYGLW","Male","Month-to-month","1","19.45","Electronic check","Low/Medium Risk"
"2788-CJQAQ","Male","One year","13","19.45","Mailed check","Low/Medium Risk"
"3750-RNQKR","Female","Month-to-month","12","19.45","Mailed check","Low/Medium Risk"
"8393-JMVMB","Male","Month-to-month","1","19.45","Mailed check","Low/Medium Risk"
"5696-EXCYS","Male","Two year","17","19.45","Credit card (automatic)","Low/Medium Risk"
"3679-XASPY","Female","Month-to-month","1","19.45","Electronic check","Low/Medium Risk"
"2821-WARNZ","Female","One year","49","19.45","Credit card (automatic)","Low/Medium Risk"
"4801-KFYKL","Male","Month-to-month","8","19.45","Bank transfer (automatic)","Low/Medium Risk"
"2882-DDZPG","Female","Month-to-month","12","19.45","Bank transfer (automatic)","Low/Medium Risk"
"8944-AILEF","Male","Month-to-month","15","19.45","Credit card (automatic)","Low/Medium Risk"
"6729-FZWSY","Male","One year","67","19.45","Mailed check","Low/Medium Risk"
"2171-UDMFD","Male","Month-to-month","32","19.45","Credit card (automatic)","Low/Medium Risk"
"8966-SNIZF","Female","Two year","70","19.45","Bank transfer (automatic)","Low/Medium Risk"
"3279-DYZQM","Male","Two year","71","19.45","Mailed check","Low/Medium Risk"
"8241-JUIQO","Female","One year","61","19.45","Bank transfer (automatic)","Low/Medium Risk"
"8347-GDTMP","Female","Two year","64","19.45","Credit card (automatic)","Low/Medium Risk"
"0895-LNKRC","Male","One year","6","19.45","Mailed check","Low/Medium Risk"
"3546-GHEAE","Male","Two year","7","19.45","Mailed check","Low/Medium Risk"
"2650-GYRYL","Male","One year","33","19.45","Bank transfer (automatic)","Low/Medium Risk"
"6848-HJTXY","Female","Two year","64","19.45","Credit card (automatic)","Low/Medium Risk"
"7956-XQWGU","Male","Month-to-month","27","19.4","Credit card (automatic)","Low/Medium Risk"
"2308-STERM","Female","Month-to-month","2","19.4","Mailed check","Low/Medium Risk"
"3525-DVKFN","Female","Two year","17","19.4","Mailed check","Low/Medium Risk"
"2848-YXSMW","Male","Two year","72","19.4","Credit card (automatic)","Low/Medium Risk"
"8249-THVEC","Male","One year","51","19.4","Mailed check","Low/Medium Risk"
"2626-VEEWG","Male","Two year","67","19.4","Credit card (automatic)","Low/Medium Risk"
"8410-BGQXN","Male","Month-to-month","4","19.4","Mailed check","Low/Medium Risk"
"6518-PPLMZ","Male","Two year","53","19.4","Mailed check","Low/Medium Risk"
"2220-IAHLS","Female","Month-to-month","1","19.4","Credit card (automatic)","Low/Medium Risk"
"3910-MRQOY","Female","Two year","72","19.4","Bank transfer (automatic)","Low/Medium Risk"
"1627-AFWVJ","Female","Two year","29","19.4","Mailed check","Low/Medium Risk"
"2243-FNMMI","Male","Month-to-month","20","19.4","Mailed check","Low/Medium Risk"
"2817-LVCPP","Female","Two year","50","19.4","Credit card (automatic)","Low/Medium Risk"
"7298-IZWLY","Female","Month-to-month","1","19.4","Mailed check","Low/Medium Risk"
"8295-FHIVV","Male","Month-to-month","7","19.4","Mailed check","Low/Medium Risk"
"6762-NSODU","Female","Two year","46","19.4","Credit card (automatic)","Low/Medium Risk"
"9629-NHXFW","Female","Month-to-month","1","19.4","Mailed check","Low/Medium Risk"
"0386-CWRGM","Female","Two year","46","19.4","Mailed check","Low/Medium Risk"
"1098-KFQEC","Female","Two year","55","19.4","Credit card (automatic)","Low/Medium Risk"
"0208-BPQEJ","Female","Month-to-month","12","19.4","Bank transfer (automatic)","Low/Medium Risk"
"3985-HOYPM","Male","One year","26","19.4","Mailed check","Low/Medium Risk"
"5346-BZCHP","Female","Two year","69","19.4","Mailed check","Low/Medium Risk"
"9101-NTIXF","Male","Month-to-month","2","19.4","Mailed check","Low/Medium Risk"
"0839-QNXME","Female","Two year","30","19.4","Credit card (automatic)","Low/Medium Risk"
"0098-BOWSO","Male","Month-to-month","27","19.4","Electronic check","Low/Medium Risk"
"5016-LIPDW","Male","One year","57","19.4","Mailed check","Low/Medium Risk"
"6878-GGDWG","Female","Month-to-month","32","19.4","Bank transfer (automatic)","Low/Medium Risk"
"5917-HBSDW","Female","Month-to-month","37","19.35","Electronic check","Low/Medium Risk"
"4893-GYUJU","Female","One year","50","19.35","Mailed check","Low/Medium Risk"
"3620-EHIMZ","Female","Two year","52","19.35","Mailed check","Low/Medium Risk"
"2266-FUBDZ","Male","Two year","15","19.35","Mailed check","Low/Medium Risk"
"2007-QVGAW","Female","Two year","68","19.35","Bank transfer (automatic)","Low/Medium Risk"
"4425-OWHWB","Female","One year","20","19.35","Credit card (automatic)","Low/Medium Risk"
"2096-XOTMO","Female","Month-to-month","16","19.35","Mailed check","Low/Medium Risk"
"4573-JKNAE","Male","Two year","12","19.35","Bank transfer (automatic)","Low/Medium Risk"
"8747-UDCOI","Female","Two year","65","19.35","Bank transfer (automatic)","Low/Medium Risk"
"4311-QTTAI","Female","One year","16","19.35","Credit card (automatic)","Low/Medium Risk"
"2892-GESUL","Female","Two year","18","19.35","Mailed check","Low/Medium Risk"
"2075-PUEPR","Male","Two year","55","19.35","Bank transfer (automatic)","Low/Medium Risk"
"5961-VUSRV","Female","One year","12","19.35","Bank transfer (automatic)","Low/Medium Risk"
"9766-HGEDE","Female","One year","17","19.35","Mailed check","Low/Medium Risk"
"0366-NQSHS","Male","Month-to-month","2","19.35","Mailed check","Low/Medium Risk"
"5986-WWXDV","Male","One year","39","19.35","Bank transfer (automatic)","Low/Medium Risk"
"7643-RCHXS","Female","Two year","63","19.35","Electronic check","Low/Medium Risk"
"1302-TPUBN","Male","Two year","66","19.35","Bank transfer (automatic)","Low/Medium Risk"
"1735-XMJVH","Male","Month-to-month","8","19.35","Mailed check","Low/Medium Risk"
"1345-ZUKID","Male","One year","14","19.35","Mailed check","Low/Medium Risk"
"9142-XMYJH","Female","Month-to-month","29","19.35","Credit card (automatic)","Low/Medium Risk"
"8922-NPKBJ","Male","Two year","42","19.35","Mailed check","Low/Medium Risk"
"2428-HYUNX","Male","Two year","44","19.35","Credit card (automatic)","Low/Medium Risk"
"5465-BUBFA","Female","Two year","41","19.3","Bank transfer (automatic)","Low/Medium Risk"
"3976-HXHCE","Male","Two year","72","19.3","Bank transfer (automatic)","Low/Medium Risk"
"6112-KTHFQ","Female","Month-to-month","13","19.3","Mailed check","Low/Medium Risk"
"1724-IQWNM","Male","Month-to-month","1","19.3","Mailed check","Low/Medium Risk"
"4815-TUMEQ","Female","One year","10","19.3","Mailed check","Low/Medium Risk"
"4742-TXUEX","Female","Two year","47","19.3","Bank transfer (automatic)","Low/Medium Risk"
"7785-RDVIG","Female","Month-to-month","3","19.3","Mailed check","Low/Medium Risk"
"3523-BRGUW","Male","One year","26","19.3","Credit card (automatic)","Low/Medium Risk"
"5787-KXGIY","Male","Two year","72","19.3","Credit card (automatic)","Low/Medium Risk"
"7926-IJOOU","Male","Month-to-month","1","19.3","Credit card (automatic)","Low/Medium Risk"
"5602-BVFMK","Female","One year","12","19.3","Mailed check","Low/Medium Risk"
"2146-EGVDT","Male","Two year","59","19.3","Credit card (automatic)","Low/Medium Risk"
"1915-OAKWD","Female","One year","16","19.3","Bank transfer (automatic)","Low/Medium Risk"
"4641-FROLU","Female","Two year","30","19.3","Mailed check","Low/Medium Risk"
"7190-XHTWJ","Female","One year","38","19.3","Mailed check","Low/Medium Risk"
"2592-HODOV","Male","One year","13","19.3","Credit card (automatic)","Low/Medium Risk"
"2320-YKQBO","Female","Month-to-month","7","19.3","Mailed check","Low/Medium Risk"
"0396-HUJBP","Female","Month-to-month","2","19.3","Mailed check","Low/Medium Risk"
"9347-AERRL","Male","One year","23","19.3","Credit card (automatic)","Low/Medium Risk"
"5914-GXMDA","Female","One year","32","19.3","Mailed check","Low/Medium Risk"
"3308-DGHKL","Male","Two year","69","19.3","Bank transfer (automatic)","Low/Medium Risk"
"0206-OYVOC","Female","Two year","46","19.25","Mailed check","Low/Medium Risk"
"0303-WMMRN","Male","Month-to-month","5","19.25","Mailed check","Low/Medium Risk"
"9374-YOLBJ","Female","Month-to-month","1","19.25","Electronic check","Low/Medium Risk"
"9531-NSBMR","Female","One year","36","19.25","Bank transfer (automatic)","Low/Medium Risk"
"5537-UXXVS","Female","Month-to-month","20","19.25","Bank transfer (automatic)","Low/Medium Risk"
"6082-GLJIX","Male","Month-to-month","18","19.25","Mailed check","Low/Medium Risk"
"9972-EWRJS","Female","Two year","67","19.25","Bank transfer (automatic)","Low/Medium Risk"
"5186-PEIZU","Female","Month-to-month","35","19.25","Bank transfer (automatic)","Low/Medium Risk"
"8857-CUPFQ","Male","Two year","63","19.25","Mailed check","Low/Medium Risk"
"3156-QLHBO","Male","Month-to-month","2","19.25","Mailed check","Low/Medium Risk"
"6425-JWTDV","Male","Two year","48","19.25","Mailed check","Low/Medium Risk"
"9631-RXVJM","Male","Two year","35","19.25","Mailed check","Low/Medium Risk"
"9617-UDPEU","Female","One year","22","19.25","Mailed check","Low/Medium Risk"
"1098-TDVUQ","Female","Month-to-month","1","19.25","Bank transfer (automatic)","Low/Medium Risk"
"7293-LSCDV","Female","Two year","60","19.25","Credit card (automatic)","Low/Medium Risk"
"3373-YZZYM","Male","Month-to-month","1","19.2","Mailed check","Low/Medium Risk"
"7168-HDQHG","Female","Month-to-month","36","19.2","Bank transfer (automatic)","Low/Medium Risk"
"3764-MNMOI","Male","Two year","46","19.2","Credit card (automatic)","Low/Medium Risk"
"8780-RSYYU","Female","Month-to-month","25","19.2","Credit card (automatic)","Low/Medium Risk"
"3653-NCRDJ","Male","One year","43","19.2","Mailed check","Low/Medium Risk"
"9498-FIMXL","Female","One year","8","19.2","Mailed check","Low/Medium Risk"
"3970-XGJDU","Female","Two year","62","19.2","Credit card (automatic)","Low/Medium Risk"
"9565-AXSMR","Male","Two year","52","19.2","Mailed check","Low/Medium Risk"
"4232-JGKIY","Male","Month-to-month","1","19.2","Electronic check","Low/Medium Risk"
"9137-NOQKA","Male","Month-to-month","2","19.2","Electronic check","Low/Medium Risk"
"1663-MHLHE","Male","Month-to-month","1","19.2","Mailed check","Low/Medium Risk"
"6979-TNDEU","Female","Month-to-month","8","19.2","Mailed check","Low/Medium Risk"
"3308-MHOOC","Male","Month-to-month","1","19.2","Mailed check","Low/Medium Risk"
"0613-WUXUM","Female","Two year","70","19.2","Mailed check","Low/Medium Risk"
"1439-LCGVL","Female","One year","26","19.2","Mailed check","Low/Medium Risk"
"4475-NVTLU","Male","Two year","45","19.2","Electronic check","Low/Medium Risk"
"9837-FWLCH","Male","Month-to-month","12","19.2","Electronic check","Low/Medium Risk"
"0487-VVUVK","Male","Month-to-month","25","19.15","Mailed check","Low/Medium Risk"
"6016-NXBNJ","Male","One year","35","19.15","Mailed check","Low/Medium Risk"
"5859-HZYLF","Male","Two year","26","19.15","Credit card (automatic)","Low/Medium Risk"
"3266-FTKHB","Male","Two year","17","19.15","Mailed check","Low/Medium Risk"
"2862-JVEOY","Male","One year","6","19.15","Mailed check","Low/Medium Risk"
"6051-PTVNS","Female","One year","55","19.15","Credit card (automatic)","Low/Medium Risk"
"1998-VHJHK","Female","One year","27","19.15","Mailed check","Low/Medium Risk"
"7302-ZHMHP","Female","Month-to-month","1","19.15","Mailed check","Low/Medium Risk"
"1231-YNDEK","Male","Two year","58","19.15","Bank transfer (automatic)","Low/Medium Risk"
"9046-JBFWA","Male","Month-to-month","27","19.15","Mailed check","Low/Medium Risk"
"3498-LZGQZ","Male","Two year","63","19.15","Mailed check","Low/Medium Risk"
"4933-BSAIP","Female","Two year","40","19.1","Mailed check","Low/Medium Risk"
"1697-LYYYX","Female","One year","61","19.1","Credit card (automatic)","Low/Medium Risk"
"4163-HFTUK","Male","One year","51","19.1","Electronic check","Low/Medium Risk"
"9500-WBGRP","Male","Two year","69","19.1","Mailed check","Low/Medium Risk"
"7009-PCARS","Male","One year","55","19.1","Bank transfer (automatic)","Low/Medium Risk"
"1407-DIGZV","Female","Two year","3","19.1","Mailed check","Low/Medium Risk"
"6569-KTMDU","Female","Month-to-month","1","19.1","Mailed check","Low/Medium Risk"
"9441-QHEVC","Male","Month-to-month","1","19.1","Mailed check","Low/Medium Risk"
"8873-TMKGR","Male","One year","29","19.1","Mailed check","Low/Medium Risk"
"0825-CPPQH","Female","Two year","71","19.1","Credit card (automatic)","Low/Medium Risk"
"9039-ZVJDC","Male","Month-to-month","3","19.1","Mailed check","Low/Medium Risk"
"4774-HHGGS","Male","Two year","30","19.05","Mailed check","Low/Medium Risk"
"2005-DWQZJ","Female","Two year","8","19.05","Mailed check","Low/Medium Risk"
"1015-OWJKI","Male","Month-to-month","1","19.05","Mailed check","Low/Medium Risk"
"4530-NDRKU","Female","One year","42","19.05","Electronic check","Low/Medium Risk"
"9451-WLYRI","Female","One year","53","19.05","Credit card (automatic)","Low/Medium Risk"
"9467-ROOLM","Female","Month-to-month","25","19.05","Mailed check","Low/Medium Risk"
"1991-VOPLL","Female","Month-to-month","9","19.05","Mailed check","Low/Medium Risk"
"0307-BCOPK","Female","One year","16","19.05","Mailed check","Low/Medium Risk"
"1431-CYWMH","Female","Month-to-month","22","19.05","Bank transfer (automatic)","Low/Medium Risk"
"2023-VQFDL","Male","Month-to-month","18","19","Electronic check","Low/Medium Risk"
"5222-JCXZT","Male","Month-to-month","4","19","Mailed check","Low/Medium Risk"
"0661-KQHNK","Female","One year","6","19","Credit card (automatic)","Low/Medium Risk"
"9732-OUYRN","Female","One year","49","19","Credit card (automatic)","Low/Medium Risk"
"1423-BMPBQ","Female","Month-to-month","1","19","Mailed check","Low/Medium Risk"
"7234-KMNRQ","Male","Month-to-month","4","19","Mailed check","Low/Medium Risk"
"1386-ZIKUV","Male","Month-to-month","7","18.95","Mailed check","Low/Medium Risk"
"7968-QUXNS","Male","Month-to-month","6","18.95","Mailed check","Low/Medium Risk"
"4635-EJYPD","Male","Two year","32","18.95","Mailed check","Low/Medium Risk"
"3719-TDVQB","Female","Two year","54","18.95","Mailed check","Low/Medium Risk"
"7469-LKBCI","Male","Two year","16","18.95","Credit card (automatic)","Low/Medium Risk"
"9975-SKRNR","Male","Month-to-month","1","18.9","Mailed check","Low/Medium Risk"
"5025-GOOKI","Female","Month-to-month","20","18.9","Credit card (automatic)","Low/Medium Risk"
"8992-CEUEN","Female","Month-to-month","1","18.85","Electronic check","Low/Medium Risk"
"3572-UUHRS","Male","One year","45","18.85","Bank transfer (automatic)","Low/Medium Risk"
"5863-OOKCL","Female","Month-to-month","10","18.85","Mailed check","Low/Medium Risk"
"0620-XEFWH","Male","Month-to-month","4","18.85","Mailed check","Low/Medium Risk"
"3387-PLKUI","Female","Month-to-month","13","18.8","Mailed check","Low/Medium Risk"
"6508-NJYRO","Male","One year","15","18.8","Mailed check","Low/Medium Risk"
"2967-MXRAV","Male","One year","1","18.8","Mailed check","Low/Medium Risk"
"3806-YAZOV","Female","Month-to-month","3","18.8","Mailed check","Low/Medium Risk"
"8464-EETCQ","Male","Two year","57","18.8","Credit card (automatic)","Low/Medium Risk"
"7473-ZBDSN","Female","Two year","14","18.8","Mailed check","Low/Medium Risk"
"7369-TRPFD","Male","One year","19","18.8","Mailed check","Low/Medium Risk"
"9426-SXNHE","Female","Month-to-month","2","18.75","Bank transfer (automatic)","Low/Medium Risk"
"9945-PSVIP","Female","Two year","25","18.7","Mailed check","Low/Medium Risk"
"0621-CXBKL","Female","Two year","53","18.7","Mailed check","Low/Medium Risk"
"0827-ITJPH","Male","Two year","36","18.55","Credit card (automatic)","Low/Medium Risk"
"9764-REAFF","Female","Two year","59","18.4","Bank transfer (automatic)","Low/Medium Risk"
"6823-SIDFQ","Male","One year","28","18.25","Credit card (automatic)","Low/Medium Risk"
